Date,SKU_ID,Warehouse_ID,Supplier_ID,Region,Inventory_Level,Supplier_Lead_Time_Days,Reorder_Point,Order_Quantity,Unit_Cost,Unit_Price,Promotion_Flag,Stockout_Flag,Units_Sold,Year,Month,Day,DayOfWeek,WeekOfYear,Predicted_Demand
2024-12-31,SKU_25,WH_5,SUP_8,East,373,7,311,0,8.45,14.29,0,0,20,2024,12,31,1,1,19.566923
2025-01-01,SKU_25,WH_5,SUP_8,East,373,7,311,0,8.45,14.29,0,0,20,2025,1,1,2,1,19.859068
2025-01-02,SKU_25,WH_5,SUP_8,East,373,7,311,0,8.45,14.29,0,0,20,2025,1,2,3,1,19.827724
2025-01-03,SKU_25,WH_5,SUP_8,East,373,7,311,0,8.45,14.29,0,0,20,2025,1,3,4,1,20.005985
2025-01-04,SKU_25,WH_5,SUP_8,East,373,7,311,0,8.45,14.29,0,0,20,2025,1,4,5,1,20.13006
2025-01-05,SKU_25,WH_5,SUP_8,East,373,7,311,0,8.45,14.29,0,0,20,2025,1,5,6,1,20.132463
2025-01-06,SKU_25,WH_5,SUP_8,East,373,7,311,0,8.45,14.29,0,0,20,2025,1,6,0,2,20.087793
2025-01-07,SKU_25,WH_5,SUP_8,East,373,7,311,0,8.45,14.29,0,0,20,2025,1,7,1,2,20.026863
2025-01-08,SKU_25,WH_5,SUP_8,East,373,7,311,0,8.45,14.29,0,0,20,2025,1,8,2,2,20.104572
2025-01-09,SKU_25,WH_5,SUP_8,East,373,7,311,0,8.45,14.29,0,0,20,2025,1,9,3,2,20.085508
2025-01-10,SKU_25,WH_5,SUP_8,East,373,7,311,0,8.45,14.29,0,0,20,2025,1,10,4,2,20.044178
2025-01-11,SKU_25,WH_5,SUP_8,East,373,7,311,0,8.45,14.29,0,0,20,2025,1,11,5,2,20.061066
2025-01-12,SKU_25,WH_5,SUP_8,East,373,7,311,0,8.45,14.29,0,0,20,2025,1,12,6,2,20.033045
2025-01-13,SKU_25,WH_5,SUP_8,East,373,7,311,0,8.45,14.29,0,0,20,2025,1,13,0,3,20.10228
2025-01-14,SKU_25,WH_5,SUP_8,East,373,7,311,0,8.45,14.29,0,0,20,2025,1,14,1,3,20.09114
2025-01-15,SKU_25,WH_5,SUP_8,East,373,7,311,0,8.45,14.29,0,0,20,2025,1,15,2,3,20.076546
2025-01-16,SKU_25,WH_5,SUP_8,East,373,7,311,0,8.45,14.29,0,0,20,2025,1,16,3,3,20.044374
2025-01-17,SKU_25,WH_5,SUP_8,East,373,7,311,0,8.45,14.29,0,0,20,2025,1,17,4,3,20.002605
2025-01-18,SKU_25,WH_5,SUP_8,East,373,7,311,0,8.45,14.29,0,0,20,2025,1,18,5,3,20.168856
2025-01-19,SKU_25,WH_5,SUP_8,East,373,7,311,0,8.45,14.29,0,0,20,2025,1,19,6,3,20.166107
2025-01-20,SKU_25,WH_5,SUP_8,East,373,7,311,0,8.45,14.29,0,0,20,2025,1,20,0,4,20.050783
2025-01-21,SKU_25,WH_5,SUP_8,East,373,7,311,0,8.45,14.29,0,0,20,2025,1,21,1,4,20.018087
2025-01-22,SKU_25,WH_5,SUP_8,East,373,7,311,0,8.45,14.29,0,0,20,2025,1,22,2,4,19.99023
2025-01-23,SKU_25,WH_5,SUP_8,East,373,7,311,0,8.45,14.29,0,0,20,2025,1,23,3,4,19.97814
2025-01-24,SKU_25,WH_5,SUP_8,East,373,7,311,0,8.45,14.29,0,0,20,2025,1,24,4,4,19.858984
2025-01-25,SKU_25,WH_5,SUP_8,East,373,7,311,0,8.45,14.29,0,0,20,2025,1,25,5,4,19.923828
2025-01-26,SKU_25,WH_5,SUP_8,East,373,7,311,0,8.45,14.29,0,0,20,2025,1,26,6,4,20.060526
2025-01-27,SKU_25,WH_5,SUP_8,East,373,7,311,0,8.45,14.29,0,0,20,2025,1,27,0,5,19.646025
2025-01-28,SKU_25,WH_5,SUP_8,East,373,7,311,0,8.45,14.29,0,0,20,2025,1,28,1,5,19.65292
2025-01-29,SKU_25,WH_5,SUP_8,East,373,7,311,0,8.45,14.29,0,0,20,2025,1,29,2,5,19.638325
2024-12-31,SKU_50,WH_3,SUP_8,North,369,11,217,0,19.11,30.21,0,0,15,2024,12,31,1,1,13.912759
2025-01-01,SKU_50,WH_3,SUP_8,North,369,11,217,0,19.11,30.21,0,0,15,2025,1,1,2,1,14.947777
2025-01-02,SKU_50,WH_3,SUP_8,North,369,11,217,0,19.11,30.21,0,0,15,2025,1,2,3,1,14.780444
2025-01-03,SKU_50,WH_3,SUP_8,North,369,11,217,0,19.11,30.21,0,0,15,2025,1,3,4,1,14.85216
2025-01-04,SKU_50,WH_3,SUP_8,North,369,11,217,0,19.11,30.21,0,0,15,2025,1,4,5,1,14.91872
2025-01-05,SKU_50,WH_3,SUP_8,North,369,11,217,0,19.11,30.21,0,0,15,2025,1,5,6,1,14.869395
2025-01-06,SKU_50,WH_3,SUP_8,North,369,11,217,0,19.11,30.21,0,0,15,2025,1,6,0,2,14.954131
2025-01-07,SKU_50,WH_3,SUP_8,North,369,11,217,0,19.11,30.21,0,0,15,2025,1,7,1,2,15.010157
2025-01-08,SKU_50,WH_3,SUP_8,North,369,11,217,0,19.11,30.21,0,0,15,2025,1,8,2,2,14.98475
2025-01-09,SKU_50,WH_3,SUP_8,North,369,11,217,0,19.11,30.21,0,0,15,2025,1,9,3,2,14.994381
2025-01-10,SKU_50,WH_3,SUP_8,North,369,11,217,0,19.11,30.21,0,0,15,2025,1,10,4,2,14.996944
2025-01-11,SKU_50,WH_3,SUP_8,North,369,11,217,0,19.11,30.21,0,0,15,2025,1,11,5,2,15.014225
2025-01-12,SKU_50,WH_3,SUP_8,North,369,11,217,0,19.11,30.21,0,0,15,2025,1,12,6,2,14.944163
2025-01-13,SKU_50,WH_3,SUP_8,North,369,11,217,0,19.11,30.21,0,0,15,2025,1,13,0,3,15.011271
2025-01-14,SKU_50,WH_3,SUP_8,North,369,11,217,0,19.11,30.21,0,0,15,2025,1,14,1,3,15.087716
2025-01-15,SKU_50,WH_3,SUP_8,North,369,11,217,0,19.11,30.21,0,0,15,2025,1,15,2,3,14.928566
2025-01-16,SKU_50,WH_3,SUP_8,North,369,11,217,0,19.11,30.21,0,0,15,2025,1,16,3,3,14.930805
2025-01-17,SKU_50,WH_3,SUP_8,North,369,11,217,0,19.11,30.21,0,0,15,2025,1,17,4,3,14.867832
2025-01-18,SKU_50,WH_3,SUP_8,North,369,11,217,0,19.11,30.21,0,0,15,2025,1,18,5,3,14.978591
2025-01-19,SKU_50,WH_3,SUP_8,North,369,11,217,0,19.11,30.21,0,0,15,2025,1,19,6,3,14.927368
2025-01-20,SKU_50,WH_3,SUP_8,North,369,11,217,0,19.11,30.21,0,0,15,2025,1,20,0,4,14.857861
2025-01-21,SKU_50,WH_3,SUP_8,North,369,11,217,0,19.11,30.21,0,0,15,2025,1,21,1,4,14.848712
2025-01-22,SKU_50,WH_3,SUP_8,North,369,11,217,0,19.11,30.21,0,0,15,2025,1,22,2,4,14.597436
2025-01-23,SKU_50,WH_3,SUP_8,North,369,11,217,0,19.11,30.21,0,0,15,2025,1,23,3,4,14.591074
2025-01-24,SKU_50,WH_3,SUP_8,North,369,11,217,0,19.11,30.21,0,0,15,2025,1,24,4,4,14.446458
2025-01-25,SKU_50,WH_3,SUP_8,North,369,11,217,0,19.11,30.21,0,0,15,2025,1,25,5,4,14.498986
2025-01-26,SKU_50,WH_3,SUP_8,North,369,11,217,0,19.11,30.21,0,0,15,2025,1,26,6,4,14.483199
2025-01-27,SKU_50,WH_3,SUP_8,North,369,11,217,0,19.11,30.21,0,0,15,2025,1,27,0,5,14.482804
2025-01-28,SKU_50,WH_3,SUP_8,North,369,11,217,0,19.11,30.21,0,0,15,2025,1,28,1,5,14.582145
2025-01-29,SKU_50,WH_3,SUP_8,North,369,11,217,0,19.11,30.21,0,0,15,2025,1,29,2,5,14.342732
2024-12-31,SKU_18,WH_5,SUP_8,West,766,13,394,0,13.35,21.48,0,0,24,2024,12,31,1,1,23.80467
2025-01-01,SKU_18,WH_5,SUP_8,West,766,13,394,0,13.35,21.48,0,0,24,2025,1,1,2,1,23.984444
2025-01-02,SKU_18,WH_5,SUP_8,West,766,13,394,0,13.35,21.48,0,0,24,2025,1,2,3,1,24.089622
2025-01-03,SKU_18,WH_5,SUP_8,West,766,13,394,0,13.35,21.48,0,0,24,2025,1,3,4,1,24.067846
2025-01-04,SKU_18,WH_5,SUP_8,West,766,13,394,0,13.35,21.48,0,0,24,2025,1,4,5,1,24.119387
2025-01-05,SKU_18,WH_5,SUP_8,West,766,13,394,0,13.35,21.48,0,0,24,2025,1,5,6,1,24.1987
2025-01-06,SKU_18,WH_5,SUP_8,West,766,13,394,0,13.35,21.48,0,0,24,2025,1,6,0,2,23.88279
2025-01-07,SKU_18,WH_5,SUP_8,West,766,13,394,0,13.35,21.48,0,0,24,2025,1,7,1,2,24.067734
2025-01-08,SKU_18,WH_5,SUP_8,West,766,13,394,0,13.35,21.48,0,0,24,2025,1,8,2,2,24.177378
2025-01-09,SKU_18,WH_5,SUP_8,West,766,13,394,0,13.35,21.48,0,0,24,2025,1,9,3,2,24.197397
2025-01-10,SKU_18,WH_5,SUP_8,West,766,13,394,0,13.35,21.48,0,0,24,2025,1,10,4,2,24.183128
2025-01-11,SKU_18,WH_5,SUP_8,West,766,13,394,0,13.35,21.48,0,0,24,2025,1,11,5,2,24.22755
2025-01-12,SKU_18,WH_5,SUP_8,West,766,13,394,0,13.35,21.48,0,0,24,2025,1,12,6,2,24.233244
2025-01-13,SKU_18,WH_5,SUP_8,West,766,13,394,0,13.35,21.48,0,0,24,2025,1,13,0,3,24.082321
2025-01-14,SKU_18,WH_5,SUP_8,West,766,13,394,0,13.35,21.48,0,0,24,2025,1,14,1,3,24.197283
2025-01-15,SKU_18,WH_5,SUP_8,West,766,13,394,0,13.35,21.48,0,0,24,2025,1,15,2,3,24.216948
2025-01-16,SKU_18,WH_5,SUP_8,West,766,13,394,0,13.35,21.48,0,0,24,2025,1,16,3,3,24.215189
2025-01-17,SKU_18,WH_5,SUP_8,West,766,13,394,0,13.35,21.48,0,0,24,2025,1,17,4,3,24.16751
2025-01-18,SKU_18,WH_5,SUP_8,West,766,13,394,0,13.35,21.48,0,0,24,2025,1,18,5,3,24.298815
2025-01-19,SKU_18,WH_5,SUP_8,West,766,13,394,0,13.35,21.48,0,0,24,2025,1,19,6,3,24.331764
2025-01-20,SKU_18,WH_5,SUP_8,West,766,13,394,0,13.35,21.48,0,0,24,2025,1,20,0,4,23.916712
2025-01-21,SKU_18,WH_5,SUP_8,West,766,13,394,0,13.35,21.48,0,0,24,2025,1,21,1,4,24.071005
2025-01-22,SKU_18,WH_5,SUP_8,West,766,13,394,0,13.35,21.48,0,0,24,2025,1,22,2,4,24.094572
2025-01-23,SKU_18,WH_5,SUP_8,West,766,13,394,0,13.35,21.48,0,0,24,2025,1,23,3,4,24.109869
2025-01-24,SKU_18,WH_5,SUP_8,West,766,13,394,0,13.35,21.48,0,0,24,2025,1,24,4,4,24.070824
2025-01-25,SKU_18,WH_5,SUP_8,West,766,13,394,0,13.35,21.48,0,0,24,2025,1,25,5,4,24.118946
2025-01-26,SKU_18,WH_5,SUP_8,West,766,13,394,0,13.35,21.48,0,0,24,2025,1,26,6,4,24.227282
2025-01-27,SKU_18,WH_5,SUP_8,West,766,13,394,0,13.35,21.48,0,0,24,2025,1,27,0,5,23.785028
2025-01-28,SKU_18,WH_5,SUP_8,West,766,13,394,0,13.35,21.48,0,0,24,2025,1,28,1,5,23.985746
2025-01-29,SKU_18,WH_5,SUP_8,West,766,13,394,0,13.35,21.48,0,0,24,2025,1,29,2,5,23.986383
2024-12-31,SKU_18,WH_4,SUP_6,North,339,6,250,0,5.35,9.51,0,0,17,2024,12,31,1,1,16.320892
2025-01-01,SKU_18,WH_4,SUP_6,North,339,6,250,0,5.35,9.51,0,0,17,2025,1,1,2,1,16.96765
2025-01-02,SKU_18,WH_4,SUP_6,North,339,6,250,0,5.35,9.51,0,0,17,2025,1,2,3,1,16.894632
2025-01-03,SKU_18,WH_4,SUP_6,North,339,6,250,0,5.35,9.51,0,0,17,2025,1,3,4,1,17.029774
2025-01-04,SKU_18,WH_4,SUP_6,North,339,6,250,0,5.35,9.51,0,0,17,2025,1,4,5,1,16.922974
2025-01-05,SKU_18,WH_4,SUP_6,North,339,6,250,0,5.35,9.51,0,0,17,2025,1,5,6,1,16.863256
2025-01-06,SKU_18,WH_4,SUP_6,North,339,6,250,0,5.35,9.51,0,0,17,2025,1,6,0,2,17.165226
2025-01-07,SKU_18,WH_4,SUP_6,North,339,6,250,0,5.35,9.51,0,0,17,2025,1,7,1,2,17.190836
2025-01-08,SKU_18,WH_4,SUP_6,North,339,6,250,0,5.35,9.51,0,0,17,2025,1,8,2,2,17.277323
2025-01-09,SKU_18,WH_4,SUP_6,North,339,6,250,0,5.35,9.51,0,0,17,2025,1,9,3,2,17.27627
2025-01-10,SKU_18,WH_4,SUP_6,North,339,6,250,0,5.35,9.51,0,0,17,2025,1,10,4,2,17.233412
2025-01-11,SKU_18,WH_4,SUP_6,North,339,6,250,0,5.35,9.51,0,0,17,2025,1,11,5,2,17.181723
2025-01-12,SKU_18,WH_4,SUP_6,North,339,6,250,0,5.35,9.51,0,0,17,2025,1,12,6,2,17.101269
2025-01-13,SKU_18,WH_4,SUP_6,North,339,6,250,0,5.35,9.51,0,0,17,2025,1,13,0,3,17.230707
2025-01-14,SKU_18,WH_4,SUP_6,North,339,6,250,0,5.35,9.51,0,0,17,2025,1,14,1,3,17.244526
2025-01-15,SKU_18,WH_4,SUP_6,North,339,6,250,0,5.35,9.51,0,0,17,2025,1,15,2,3,17.266155
2025-01-16,SKU_18,WH_4,SUP_6,North,339,6,250,0,5.35,9.51,0,0,17,2025,1,16,3,3,17.337973
2025-01-17,SKU_18,WH_4,SUP_6,North,339,6,250,0,5.35,9.51,0,0,17,2025,1,17,4,3,17.30157
2025-01-18,SKU_18,WH_4,SUP_6,North,339,6,250,0,5.35,9.51,0,0,17,2025,1,18,5,3,17.375105
2025-01-19,SKU_18,WH_4,SUP_6,North,339,6,250,0,5.35,9.51,0,0,17,2025,1,19,6,3,17.3262
2025-01-20,SKU_18,WH_4,SUP_6,North,339,6,250,0,5.35,9.51,0,0,17,2025,1,20,0,4,17.13492
2025-01-21,SKU_18,WH_4,SUP_6,North,339,6,250,0,5.35,9.51,0,0,17,2025,1,21,1,4,17.221252
2025-01-22,SKU_18,WH_4,SUP_6,North,339,6,250,0,5.35,9.51,0,0,17,2025,1,22,2,4,17.22962
2025-01-23,SKU_18,WH_4,SUP_6,North,339,6,250,0,5.35,9.51,0,0,17,2025,1,23,3,4,17.2767
2025-01-24,SKU_18,WH_4,SUP_6,North,339,6,250,0,5.35,9.51,0,0,17,2025,1,24,4,4,17.17625
2025-01-25,SKU_18,WH_4,SUP_6,North,339,6,250,0,5.35,9.51,0,0,17,2025,1,25,5,4,17.13559
2025-01-26,SKU_18,WH_4,SUP_6,North,339,6,250,0,5.35,9.51,0,0,17,2025,1,26,6,4,17.10012
2025-01-27,SKU_18,WH_4,SUP_6,North,339,6,250,0,5.35,9.51,0,0,17,2025,1,27,0,5,17.07451
2025-01-28,SKU_18,WH_4,SUP_6,North,339,6,250,0,5.35,9.51,0,0,17,2025,1,28,1,5,17.096748
2025-01-29,SKU_18,WH_4,SUP_6,North,339,6,250,0,5.35,9.51,0,0,17,2025,1,29,2,5,16.95994
2024-12-31,SKU_18,WH_3,SUP_2,North,442,9,213,0,15.53,20.4,0,0,19,2024,12,31,1,1,18.812078
2025-01-01,SKU_18,WH_3,SUP_2,North,442,9,213,0,15.53,20.4,0,0,19,2025,1,1,2,1,19.021694
2025-01-02,SKU_18,WH_3,SUP_2,North,442,9,213,0,15.53,20.4,0,0,19,2025,1,2,3,1,19.141088
2025-01-03,SKU_18,WH_3,SUP_2,North,442,9,213,0,15.53,20.4,0,0,19,2025,1,3,4,1,19.37793
2025-01-04,SKU_18,WH_3,SUP_2,North,442,9,213,0,15.53,20.4,0,0,19,2025,1,4,5,1,19.47307
2025-01-05,SKU_18,WH_3,SUP_2,North,442,9,213,0,15.53,20.4,0,0,19,2025,1,5,6,1,19.543095
2025-01-06,SKU_18,WH_3,SUP_2,North,442,9,213,0,15.53,20.4,0,0,19,2025,1,6,0,2,19.308067
2025-01-07,SKU_18,WH_3,SUP_2,North,442,9,213,0,15.53,20.4,0,0,19,2025,1,7,1,2,19.3027
2025-01-08,SKU_18,WH_3,SUP_2,North,442,9,213,0,15.53,20.4,0,0,19,2025,1,8,2,2,19.431175
2025-01-09,SKU_18,WH_3,SUP_2,North,442,9,213,0,15.53,20.4,0,0,19,2025,1,9,3,2,19.512987
2025-01-10,SKU_18,WH_3,SUP_2,North,442,9,213,0,15.53,20.4,0,0,19,2025,1,10,4,2,19.536543
2025-01-11,SKU_18,WH_3,SUP_2,North,442,9,213,0,15.53,20.4,0,0,19,2025,1,11,5,2,19.52614
2025-01-12,SKU_18,WH_3,SUP_2,North,442,9,213,0,15.53,20.4,0,0,19,2025,1,12,6,2,19.575428
2025-01-13,SKU_18,WH_3,SUP_2,North,442,9,213,0,15.53,20.4,0,0,19,2025,1,13,0,3,19.38815
2025-01-14,SKU_18,WH_3,SUP_2,North,442,9,213,0,15.53,20.4,0,0,19,2025,1,14,1,3,19.517101
2025-01-15,SKU_18,WH_3,SUP_2,North,442,9,213,0,15.53,20.4,0,0,19,2025,1,15,2,3,19.553272
2025-01-16,SKU_18,WH_3,SUP_2,North,442,9,213,0,15.53,20.4,0,0,19,2025,1,16,3,3,19.633373
2025-01-17,SKU_18,WH_3,SUP_2,North,442,9,213,0,15.53,20.4,0,0,19,2025,1,17,4,3,19.593494
2025-01-18,SKU_18,WH_3,SUP_2,North,442,9,213,0,15.53,20.4,0,0,19,2025,1,18,5,3,19.718538
2025-01-19,SKU_18,WH_3,SUP_2,North,442,9,213,0,15.53,20.4,0,0,19,2025,1,19,6,3,19.815388
2025-01-20,SKU_18,WH_3,SUP_2,North,442,9,213,0,15.53,20.4,0,0,19,2025,1,20,0,4,19.122843
2025-01-21,SKU_18,WH_3,SUP_2,North,442,9,213,0,15.53,20.4,0,0,19,2025,1,21,1,4,19.146593
2025-01-22,SKU_18,WH_3,SUP_2,North,442,9,213,0,15.53,20.4,0,0,19,2025,1,22,2,4,19.163334
2025-01-23,SKU_18,WH_3,SUP_2,North,442,9,213,0,15.53,20.4,0,0,19,2025,1,23,3,4,19.264515
2025-01-24,SKU_18,WH_3,SUP_2,North,442,9,213,0,15.53,20.4,0,0,19,2025,1,24,4,4,19.262568
2025-01-25,SKU_18,WH_3,SUP_2,North,442,9,213,0,15.53,20.4,0,0,19,2025,1,25,5,4,19.287415
2025-01-26,SKU_18,WH_3,SUP_2,North,442,9,213,0,15.53,20.4,0,0,19,2025,1,26,6,4,19.217426
2025-01-27,SKU_18,WH_3,SUP_2,North,442,9,213,0,15.53,20.4,0,0,19,2025,1,27,0,5,18.616646
2025-01-28,SKU_18,WH_3,SUP_2,North,442,9,213,0,15.53,20.4,0,0,19,2025,1,28,1,5,18.667614
2025-01-29,SKU_18,WH_3,SUP_2,North,442,9,213,0,15.53,20.4,0,0,19,2025,1,29,2,5,18.593466
2024-12-31,SKU_18,WH_2,SUP_3,West,272,10,270,0,17.51,24.82,0,0,23,2024,12,31,1,1,22.595736
2025-01-01,SKU_18,WH_2,SUP_3,West,272,10,270,0,17.51,24.82,0,0,23,2025,1,1,2,1,22.449625
2025-01-02,SKU_18,WH_2,SUP_3,West,272,10,270,0,17.51,24.82,0,0,23,2025,1,2,3,1,22.723623
2025-01-03,SKU_18,WH_2,SUP_3,West,272,10,270,0,17.51,24.82,0,0,23,2025,1,3,4,1,22.993473
2025-01-04,SKU_18,WH_2,SUP_3,West,272,10,270,0,17.51,24.82,0,0,23,2025,1,4,5,1,23.011225
2025-01-05,SKU_18,WH_2,SUP_3,West,272,10,270,0,17.51,24.82,0,0,23,2025,1,5,6,1,22.857588
2025-01-06,SKU_18,WH_2,SUP_3,West,272,10,270,0,17.51,24.82,0,0,23,2025,1,6,0,2,22.736092
2025-01-07,SKU_18,WH_2,SUP_3,West,272,10,270,0,17.51,24.82,0,0,23,2025,1,7,1,2,22.867327
2025-01-08,SKU_18,WH_2,SUP_3,West,272,10,270,0,17.51,24.82,0,0,23,2025,1,8,2,2,22.975965
2025-01-09,SKU_18,WH_2,SUP_3,West,272,10,270,0,17.51,24.82,0,0,23,2025,1,9,3,2,22.978535
2025-01-10,SKU_18,WH_2,SUP_3,West,272,10,270,0,17.51,24.82,0,0,23,2025,1,10,4,2,22.936022
2025-01-11,SKU_18,WH_2,SUP_3,West,272,10,270,0,17.51,24.82,0,0,23,2025,1,11,5,2,22.948513
2025-01-12,SKU_18,WH_2,SUP_3,West,272,10,270,0,17.51,24.82,0,0,23,2025,1,12,6,2,22.782629
2025-01-13,SKU_18,WH_2,SUP_3,West,272,10,270,0,17.51,24.82,0,0,23,2025,1,13,0,3,22.66591
2025-01-14,SKU_18,WH_2,SUP_3,West,272,10,270,0,17.51,24.82,0,0,23,2025,1,14,1,3,23.046219
2025-01-15,SKU_18,WH_2,SUP_3,West,272,10,270,0,17.51,24.82,0,0,23,2025,1,15,2,3,23.083527
2025-01-16,SKU_18,WH_2,SUP_3,West,272,10,270,0,17.51,24.82,0,0,23,2025,1,16,3,3,23.09484
2025-01-17,SKU_18,WH_2,SUP_3,West,272,10,270,0,17.51,24.82,0,0,23,2025,1,17,4,3,23.041363
2025-01-18,SKU_18,WH_2,SUP_3,West,272,10,270,0,17.51,24.82,0,0,23,2025,1,18,5,3,23.187325
2025-01-19,SKU_18,WH_2,SUP_3,West,272,10,270,0,17.51,24.82,0,0,23,2025,1,19,6,3,23.04072
2025-01-20,SKU_18,WH_2,SUP_3,West,272,10,270,0,17.51,24.82,0,0,23,2025,1,20,0,4,22.665068
2025-01-21,SKU_18,WH_2,SUP_3,West,272,10,270,0,17.51,24.82,0,0,23,2025,1,21,1,4,22.827942
2025-01-22,SKU_18,WH_2,SUP_3,West,272,10,270,0,17.51,24.82,0,0,23,2025,1,22,2,4,22.89793
2025-01-23,SKU_18,WH_2,SUP_3,West,272,10,270,0,17.51,24.82,0,0,23,2025,1,23,3,4,22.8984
2025-01-24,SKU_18,WH_2,SUP_3,West,272,10,270,0,17.51,24.82,0,0,23,2025,1,24,4,4,22.845417
2025-01-25,SKU_18,WH_2,SUP_3,West,272,10,270,0,17.51,24.82,0,0,23,2025,1,25,5,4,22.893158
2025-01-26,SKU_18,WH_2,SUP_3,West,272,10,270,0,17.51,24.82,0,0,23,2025,1,26,6,4,22.753393
2025-01-27,SKU_18,WH_2,SUP_3,West,272,10,270,0,17.51,24.82,0,0,23,2025,1,27,0,5,22.498524
2025-01-28,SKU_18,WH_2,SUP_3,West,272,10,270,0,17.51,24.82,0,0,23,2025,1,28,1,5,22.695396
2025-01-29,SKU_18,WH_2,SUP_3,West,272,10,270,0,17.51,24.82,0,0,23,2025,1,29,2,5,22.726217
2024-12-31,SKU_18,WH_1,SUP_2,North,407,2,346,0,8.62,10.49,0,0,28,2024,12,31,1,1,27.829674
2025-01-01,SKU_18,WH_1,SUP_2,North,407,2,346,0,8.62,10.49,0,0,28,2025,1,1,2,1,27.745872
2025-01-02,SKU_18,WH_1,SUP_2,North,407,2,346,0,8.62,10.49,0,0,28,2025,1,2,3,1,27.77642
2025-01-03,SKU_18,WH_1,SUP_2,North,407,2,346,0,8.62,10.49,0,0,28,2025,1,3,4,1,27.957987
2025-01-04,SKU_18,WH_1,SUP_2,North,407,2,346,0,8.62,10.49,0,0,28,2025,1,4,5,1,27.98127
2025-01-05,SKU_18,WH_1,SUP_2,North,407,2,346,0,8.62,10.49,0,0,28,2025,1,5,6,1,27.98279
2025-01-06,SKU_18,WH_1,SUP_2,North,407,2,346,0,8.62,10.49,0,0,28,2025,1,6,0,2,27.973354
2025-01-07,SKU_18,WH_1,SUP_2,North,407,2,346,0,8.62,10.49,0,0,28,2025,1,7,1,2,27.938946
2025-01-08,SKU_18,WH_1,SUP_2,North,407,2,346,0,8.62,10.49,0,0,28,2025,1,8,2,2,28.04094
2025-01-09,SKU_18,WH_1,SUP_2,North,407,2,346,0,8.62,10.49,0,0,28,2025,1,9,3,2,28.08386
2025-01-10,SKU_18,WH_1,SUP_2,North,407,2,346,0,8.62,10.49,0,0,28,2025,1,10,4,2,28.045835
2025-01-11,SKU_18,WH_1,SUP_2,North,407,2,346,0,8.62,10.49,0,0,28,2025,1,11,5,2,28.030872
2025-01-12,SKU_18,WH_1,SUP_2,North,407,2,346,0,8.62,10.49,0,0,28,2025,1,12,6,2,28.011656
2025-01-13,SKU_18,WH_1,SUP_2,North,407,2,346,0,8.62,10.49,0,0,28,2025,1,13,0,3,28.137226
2025-01-14,SKU_18,WH_1,SUP_2,North,407,2,346,0,8.62,10.49,0,0,28,2025,1,14,1,3,28.132517
2025-01-15,SKU_18,WH_1,SUP_2,North,407,2,346,0,8.62,10.49,0,0,28,2025,1,15,2,3,28.142443
2025-01-16,SKU_18,WH_1,SUP_2,North,407,2,346,0,8.62,10.49,0,0,28,2025,1,16,3,3,28.128641
2025-01-17,SKU_18,WH_1,SUP_2,North,407,2,346,0,8.62,10.49,0,0,28,2025,1,17,4,3,28.108786
2025-01-18,SKU_18,WH_1,SUP_2,North,407,2,346,0,8.62,10.49,0,0,28,2025,1,18,5,3,28.230658
2025-01-19,SKU_18,WH_1,SUP_2,North,407,2,346,0,8.62,10.49,0,0,28,2025,1,19,6,3,28.174662
2025-01-20,SKU_18,WH_1,SUP_2,North,407,2,346,0,8.62,10.49,0,0,28,2025,1,20,0,4,27.769623
2025-01-21,SKU_18,WH_1,SUP_2,North,407,2,346,0,8.62,10.49,0,0,28,2025,1,21,1,4,27.734095
2025-01-22,SKU_18,WH_1,SUP_2,North,407,2,346,0,8.62,10.49,0,0,28,2025,1,22,2,4,27.730759
2025-01-23,SKU_18,WH_1,SUP_2,North,407,2,346,0,8.62,10.49,0,0,28,2025,1,23,3,4,27.770876
2025-01-24,SKU_18,WH_1,SUP_2,North,407,2,346,0,8.62,10.49,0,0,28,2025,1,24,4,4,27.631823
2025-01-25,SKU_18,WH_1,SUP_2,North,407,2,346,0,8.62,10.49,0,0,28,2025,1,25,5,4,27.65863
2025-01-26,SKU_18,WH_1,SUP_2,North,407,2,346,0,8.62,10.49,0,0,28,2025,1,26,6,4,27.719204
2025-01-27,SKU_18,WH_1,SUP_2,North,407,2,346,0,8.62,10.49,0,0,28,2025,1,27,0,5,27.823236
2025-01-28,SKU_18,WH_1,SUP_2,North,407,2,346,0,8.62,10.49,0,0,28,2025,1,28,1,5,27.843443
2025-01-29,SKU_18,WH_1,SUP_2,North,407,2,346,0,8.62,10.49,0,0,28,2025,1,29,2,5,27.812086
2024-12-31,SKU_17,WH_5,SUP_10,North,334,8,321,0,7.73,13.36,0,0,20,2024,12,31,1,1,19.316214
2025-01-01,SKU_17,WH_5,SUP_10,North,334,8,321,0,7.73,13.36,0,0,20,2025,1,1,2,1,19.774572
2025-01-02,SKU_17,WH_5,SUP_10,North,334,8,321,0,7.73,13.36,0,0,20,2025,1,2,3,1,19.743229
2025-01-03,SKU_17,WH_5,SUP_10,North,334,8,321,0,7.73,13.36,0,0,20,2025,1,3,4,1,20.103199
2025-01-04,SKU_17,WH_5,SUP_10,North,334,8,321,0,7.73,13.36,0,0,20,2025,1,4,5,1,20.174183
2025-01-05,SKU_17,WH_5,SUP_10,North,334,8,321,0,7.73,13.36,0,0,20,2025,1,5,6,1,20.17497
2025-01-06,SKU_17,WH_5,SUP_10,North,334,8,321,0,7.73,13.36,0,0,20,2025,1,6,0,2,19.876883
2025-01-07,SKU_17,WH_5,SUP_10,North,334,8,321,0,7.73,13.36,0,0,20,2025,1,7,1,2,19.821867
2025-01-08,SKU_17,WH_5,SUP_10,North,334,8,321,0,7.73,13.36,0,0,20,2025,1,8,2,2,19.975904
2025-01-09,SKU_17,WH_5,SUP_10,North,334,8,321,0,7.73,13.36,0,0,20,2025,1,9,3,2,19.95684
2025-01-10,SKU_17,WH_5,SUP_10,North,334,8,321,0,7.73,13.36,0,0,20,2025,1,10,4,2,20.09722
2025-01-11,SKU_17,WH_5,SUP_10,North,334,8,321,0,7.73,13.36,0,0,20,2025,1,11,5,2,20.091213
2025-01-12,SKU_17,WH_5,SUP_10,North,334,8,321,0,7.73,13.36,0,0,20,2025,1,12,6,2,20.061577
2025-01-13,SKU_17,WH_5,SUP_10,North,334,8,321,0,7.73,13.36,0,0,20,2025,1,13,0,3,19.859177
2025-01-14,SKU_17,WH_5,SUP_10,North,334,8,321,0,7.73,13.36,0,0,20,2025,1,14,1,3,19.877943
2025-01-15,SKU_17,WH_5,SUP_10,North,334,8,321,0,7.73,13.36,0,0,20,2025,1,15,2,3,19.954163
2025-01-16,SKU_17,WH_5,SUP_10,North,334,8,321,0,7.73,13.36,0,0,20,2025,1,16,3,3,19.940361
2025-01-17,SKU_17,WH_5,SUP_10,North,334,8,321,0,7.73,13.36,0,0,20,2025,1,17,4,3,20.124638
2025-01-18,SKU_17,WH_5,SUP_10,North,334,8,321,0,7.73,13.36,0,0,20,2025,1,18,5,3,20.267994
2025-01-19,SKU_17,WH_5,SUP_10,North,334,8,321,0,7.73,13.36,0,0,20,2025,1,19,6,3,20.326689
2025-01-20,SKU_17,WH_5,SUP_10,North,334,8,321,0,7.73,13.36,0,0,20,2025,1,20,0,4,20.07355
2025-01-21,SKU_17,WH_5,SUP_10,North,334,8,321,0,7.73,13.36,0,0,20,2025,1,21,1,4,20.067425
2025-01-22,SKU_17,WH_5,SUP_10,North,334,8,321,0,7.73,13.36,0,0,20,2025,1,22,2,4,20.130383
2025-01-23,SKU_17,WH_5,SUP_10,North,334,8,321,0,7.73,13.36,0,0,20,2025,1,23,3,4,20.064362
2025-01-24,SKU_17,WH_5,SUP_10,North,334,8,321,0,7.73,13.36,0,0,20,2025,1,24,4,4,20.047003
2025-01-25,SKU_17,WH_5,SUP_10,North,334,8,321,0,7.73,13.36,0,0,20,2025,1,25,5,4,20.084846
2025-01-26,SKU_17,WH_5,SUP_10,North,334,8,321,0,7.73,13.36,0,0,20,2025,1,26,6,4,20.123505
2025-01-27,SKU_17,WH_5,SUP_10,North,334,8,321,0,7.73,13.36,0,0,20,2025,1,27,0,5,19.624096
2025-01-28,SKU_17,WH_5,SUP_10,North,334,8,321,0,7.73,13.36,0,0,20,2025,1,28,1,5,19.654612
2025-01-29,SKU_17,WH_5,SUP_10,North,334,8,321,0,7.73,13.36,0,0,20,2025,1,29,2,5,19.730831
2024-12-31,SKU_17,WH_4,SUP_4,North,362,5,341,0,8.62,10.66,0,0,16,2024,12,31,1,1,15.492917
2025-01-01,SKU_17,WH_4,SUP_4,North,362,5,341,0,8.62,10.66,0,0,16,2025,1,1,2,1,15.471629
2025-01-02,SKU_17,WH_4,SUP_4,North,362,5,341,0,8.62,10.66,0,0,16,2025,1,2,3,1,15.510511
2025-01-03,SKU_17,WH_4,SUP_4,North,362,5,341,0,8.62,10.66,0,0,16,2025,1,3,4,1,15.831995
2025-01-04,SKU_17,WH_4,SUP_4,North,362,5,341,0,8.62,10.66,0,0,16,2025,1,4,5,1,15.937394
2025-01-05,SKU_17,WH_4,SUP_4,North,362,5,341,0,8.62,10.66,0,0,16,2025,1,5,6,1,15.876338
2025-01-06,SKU_17,WH_4,SUP_4,North,362,5,341,0,8.62,10.66,0,0,16,2025,1,6,0,2,15.613257
2025-01-07,SKU_17,WH_4,SUP_4,North,362,5,341,0,8.62,10.66,0,0,16,2025,1,7,1,2,15.557057
2025-01-08,SKU_17,WH_4,SUP_4,North,362,5,341,0,8.62,10.66,0,0,16,2025,1,8,2,2,15.69768
2025-01-09,SKU_17,WH_4,SUP_4,North,362,5,341,0,8.62,10.66,0,0,16,2025,1,9,3,2,15.690413
2025-01-10,SKU_17,WH_4,SUP_4,North,362,5,341,0,8.62,10.66,0,0,16,2025,1,10,4,2,15.833901
2025-01-11,SKU_17,WH_4,SUP_4,North,362,5,341,0,8.62,10.66,0,0,16,2025,1,11,5,2,15.820789
2025-01-12,SKU_17,WH_4,SUP_4,North,362,5,341,0,8.62,10.66,0,0,16,2025,1,12,6,2,15.729309
2025-01-13,SKU_17,WH_4,SUP_4,North,362,5,341,0,8.62,10.66,0,0,16,2025,1,13,0,3,15.487273
2025-01-14,SKU_17,WH_4,SUP_4,North,362,5,341,0,8.62,10.66,0,0,16,2025,1,14,1,3,15.488209
2025-01-15,SKU_17,WH_4,SUP_4,North,362,5,341,0,8.62,10.66,0,0,16,2025,1,15,2,3,15.548742
2025-01-16,SKU_17,WH_4,SUP_4,North,362,5,341,0,8.62,10.66,0,0,16,2025,1,16,3,3,15.561048
2025-01-17,SKU_17,WH_4,SUP_4,North,362,5,341,0,8.62,10.66,0,0,16,2025,1,17,4,3,15.771704
2025-01-18,SKU_17,WH_4,SUP_4,North,362,5,341,0,8.62,10.66,0,0,16,2025,1,18,5,3,15.890777
2025-01-19,SKU_17,WH_4,SUP_4,North,362,5,341,0,8.62,10.66,0,0,16,2025,1,19,6,3,15.894668
2025-01-20,SKU_17,WH_4,SUP_4,North,362,5,341,0,8.62,10.66,0,0,16,2025,1,20,0,4,15.543469
2025-01-21,SKU_17,WH_4,SUP_4,North,362,5,341,0,8.62,10.66,0,0,16,2025,1,21,1,4,15.50604
2025-01-22,SKU_17,WH_4,SUP_4,North,362,5,341,0,8.62,10.66,0,0,16,2025,1,22,2,4,15.553312
2025-01-23,SKU_17,WH_4,SUP_4,North,362,5,341,0,8.62,10.66,0,0,16,2025,1,23,3,4,15.513397
2025-01-24,SKU_17,WH_4,SUP_4,North,362,5,341,0,8.62,10.66,0,0,16,2025,1,24,4,4,15.48487
2025-01-25,SKU_17,WH_4,SUP_4,North,362,5,341,0,8.62,10.66,0,0,16,2025,1,25,5,4,15.532613
2025-01-26,SKU_17,WH_4,SUP_4,North,362,5,341,0,8.62,10.66,0,0,16,2025,1,26,6,4,15.608485
2025-01-27,SKU_17,WH_4,SUP_4,North,362,5,341,0,8.62,10.66,0,0,16,2025,1,27,0,5,15.562691
2025-01-28,SKU_17,WH_4,SUP_4,North,362,5,341,0,8.62,10.66,0,0,16,2025,1,28,1,5,15.575214
2025-01-29,SKU_17,WH_4,SUP_4,North,362,5,341,0,8.62,10.66,0,0,16,2025,1,29,2,5,15.630729
2024-12-31,SKU_17,WH_3,SUP_7,West,574,3,339,0,16.8,28.54,0,0,29,2024,12,31,1,1,28.778072
2025-01-01,SKU_17,WH_3,SUP_7,West,574,3,339,0,16.8,28.54,0,0,29,2025,1,1,2,1,28.831255
2025-01-02,SKU_17,WH_3,SUP_7,West,574,3,339,0,16.8,28.54,0,0,29,2025,1,2,3,1,28.787798
2025-01-03,SKU_17,WH_3,SUP_7,West,574,3,339,0,16.8,28.54,0,0,29,2025,1,3,4,1,28.827068
2025-01-04,SKU_17,WH_3,SUP_7,West,574,3,339,0,16.8,28.54,0,0,29,2025,1,4,5,1,28.798702
2025-01-05,SKU_17,WH_3,SUP_7,West,574,3,339,0,16.8,28.54,0,0,29,2025,1,5,6,1,28.8297
2025-01-06,SKU_17,WH_3,SUP_7,West,574,3,339,0,16.8,28.54,0,0,29,2025,1,6,0,2,28.895807
2025-01-07,SKU_17,WH_3,SUP_7,West,574,3,339,0,16.8,28.54,0,0,29,2025,1,7,1,2,28.93929
2025-01-08,SKU_17,WH_3,SUP_7,West,574,3,339,0,16.8,28.54,0,0,29,2025,1,8,2,2,29.04415
2025-01-09,SKU_17,WH_3,SUP_7,West,574,3,339,0,16.8,28.54,0,0,29,2025,1,9,3,2,29.090673
2025-01-10,SKU_17,WH_3,SUP_7,West,574,3,339,0,16.8,28.54,0,0,29,2025,1,10,4,2,29.048836
2025-01-11,SKU_17,WH_3,SUP_7,West,574,3,339,0,16.8,28.54,0,0,29,2025,1,11,5,2,28.961056
2025-01-12,SKU_17,WH_3,SUP_7,West,574,3,339,0,16.8,28.54,0,0,29,2025,1,12,6,2,28.996666
2025-01-13,SKU_17,WH_3,SUP_7,West,574,3,339,0,16.8,28.54,0,0,29,2025,1,13,0,3,29.14454
2025-01-14,SKU_17,WH_3,SUP_7,West,574,3,339,0,16.8,28.54,0,0,29,2025,1,14,1,3,29.20914
2025-01-15,SKU_17,WH_3,SUP_7,West,574,3,339,0,16.8,28.54,0,0,29,2025,1,15,2,3,29.219893
2025-01-16,SKU_17,WH_3,SUP_7,West,574,3,339,0,16.8,28.54,0,0,29,2025,1,16,3,3,29.217802
2025-01-17,SKU_17,WH_3,SUP_7,West,574,3,339,0,16.8,28.54,0,0,29,2025,1,17,4,3,29.138054
2025-01-18,SKU_17,WH_3,SUP_7,West,574,3,339,0,16.8,28.54,0,0,29,2025,1,18,5,3,29.173225
2025-01-19,SKU_17,WH_3,SUP_7,West,574,3,339,0,16.8,28.54,0,0,29,2025,1,19,6,3,29.254826
2025-01-20,SKU_17,WH_3,SUP_7,West,574,3,339,0,16.8,28.54,0,0,29,2025,1,20,0,4,29.135988
2025-01-21,SKU_17,WH_3,SUP_7,West,574,3,339,0,16.8,28.54,0,0,29,2025,1,21,1,4,29.218311
2025-01-22,SKU_17,WH_3,SUP_7,West,574,3,339,0,16.8,28.54,0,0,29,2025,1,22,2,4,29.266306
2025-01-23,SKU_17,WH_3,SUP_7,West,574,3,339,0,16.8,28.54,0,0,29,2025,1,23,3,4,29.194586
2025-01-24,SKU_17,WH_3,SUP_7,West,574,3,339,0,16.8,28.54,0,0,29,2025,1,24,4,4,29.134838
2025-01-25,SKU_17,WH_3,SUP_7,West,574,3,339,0,16.8,28.54,0,0,29,2025,1,25,5,4,29.08427
2025-01-26,SKU_17,WH_3,SUP_7,West,574,3,339,0,16.8,28.54,0,0,29,2025,1,26,6,4,29.146141
2025-01-27,SKU_17,WH_3,SUP_7,West,574,3,339,0,16.8,28.54,0,0,29,2025,1,27,0,5,29.176466
2025-01-28,SKU_17,WH_3,SUP_7,West,574,3,339,0,16.8,28.54,0,0,29,2025,1,28,1,5,29.292889
2025-01-29,SKU_17,WH_3,SUP_7,West,574,3,339,0,16.8,28.54,0,0,29,2025,1,29,2,5,29.40605
2024-12-31,SKU_17,WH_2,SUP_8,North,505,13,372,0,16.68,21.24,0,0,18,2024,12,31,1,1,18.01124
2025-01-01,SKU_17,WH_2,SUP_8,North,505,13,372,0,16.68,21.24,0,0,18,2025,1,1,2,1,17.709372
2025-01-02,SKU_17,WH_2,SUP_8,North,505,13,372,0,16.68,21.24,0,0,18,2025,1,2,3,1,17.756538
2025-01-03,SKU_17,WH_2,SUP_8,North,505,13,372,0,16.68,21.24,0,0,18,2025,1,3,4,1,17.823385
2025-01-04,SKU_17,WH_2,SUP_8,North,505,13,372,0,16.68,21.24,0,0,18,2025,1,4,5,1,17.8719
2025-01-05,SKU_17,WH_2,SUP_8,North,505,13,372,0,16.68,21.24,0,0,18,2025,1,5,6,1,17.810848
2025-01-06,SKU_17,WH_2,SUP_8,North,505,13,372,0,16.68,21.24,0,0,18,2025,1,6,0,2,17.78858
2025-01-07,SKU_17,WH_2,SUP_8,North,505,13,372,0,16.68,21.24,0,0,18,2025,1,7,1,2,17.840666
2025-01-08,SKU_17,WH_2,SUP_8,North,505,13,372,0,16.68,21.24,0,0,18,2025,1,8,2,2,17.952045
2025-01-09,SKU_17,WH_2,SUP_8,North,505,13,372,0,16.68,21.24,0,0,18,2025,1,9,3,2,17.996807
2025-01-10,SKU_17,WH_2,SUP_8,North,505,13,372,0,16.68,21.24,0,0,18,2025,1,10,4,2,18.081324
2025-01-11,SKU_17,WH_2,SUP_8,North,505,13,372,0,16.68,21.24,0,0,18,2025,1,11,5,2,18.167397
2025-01-12,SKU_17,WH_2,SUP_8,North,505,13,372,0,16.68,21.24,0,0,18,2025,1,12,6,2,18.098389
2025-01-13,SKU_17,WH_2,SUP_8,North,505,13,372,0,16.68,21.24,0,0,18,2025,1,13,0,3,18.164062
2025-01-14,SKU_17,WH_2,SUP_8,North,505,13,372,0,16.68,21.24,0,0,18,2025,1,14,1,3,18.287157
2025-01-15,SKU_17,WH_2,SUP_8,North,505,13,372,0,16.68,21.24,0,0,18,2025,1,15,2,3,18.31242
2025-01-16,SKU_17,WH_2,SUP_8,North,505,13,372,0,16.68,21.24,0,0,18,2025,1,16,3,3,18.321093
2025-01-17,SKU_17,WH_2,SUP_8,North,505,13,372,0,16.68,21.24,0,0,18,2025,1,17,4,3,18.353905
2025-01-18,SKU_17,WH_2,SUP_8,North,505,13,372,0,16.68,21.24,0,0,18,2025,1,18,5,3,18.52368
2025-01-19,SKU_17,WH_2,SUP_8,North,505,13,372,0,16.68,21.24,0,0,18,2025,1,19,6,3,18.514858
2025-01-20,SKU_17,WH_2,SUP_8,North,505,13,372,0,16.68,21.24,0,0,18,2025,1,20,0,4,18.16571
2025-01-21,SKU_17,WH_2,SUP_8,North,505,13,372,0,16.68,21.24,0,0,18,2025,1,21,1,4,18.231815
2025-01-22,SKU_17,WH_2,SUP_8,North,505,13,372,0,16.68,21.24,0,0,18,2025,1,22,2,4,18.26098
2025-01-23,SKU_17,WH_2,SUP_8,North,505,13,372,0,16.68,21.24,0,0,18,2025,1,23,3,4,18.257269
2025-01-24,SKU_17,WH_2,SUP_8,North,505,13,372,0,16.68,21.24,0,0,18,2025,1,24,4,4,18.244831
2025-01-25,SKU_17,WH_2,SUP_8,North,505,13,372,0,16.68,21.24,0,0,18,2025,1,25,5,4,18.28277
2025-01-26,SKU_17,WH_2,SUP_8,North,505,13,372,0,16.68,21.24,0,0,18,2025,1,26,6,4,18.25118
2025-01-27,SKU_17,WH_2,SUP_8,North,505,13,372,0,16.68,21.24,0,0,18,2025,1,27,0,5,17.848904
2025-01-28,SKU_17,WH_2,SUP_8,North,505,13,372,0,16.68,21.24,0,0,18,2025,1,28,1,5,17.945177
2025-01-29,SKU_17,WH_2,SUP_8,North,505,13,372,0,16.68,21.24,0,0,18,2025,1,29,2,5,17.951412
2024-12-31,SKU_17,WH_1,SUP_1,West,500,10,268,0,14.9,26.61,0,0,12,2024,12,31,1,1,11.745223
2025-01-01,SKU_17,WH_1,SUP_1,West,500,10,268,0,14.9,26.61,0,0,12,2025,1,1,2,1,11.853347
2025-01-02,SKU_17,WH_1,SUP_1,West,500,10,268,0,14.9,26.61,0,0,12,2025,1,2,3,1,11.820522
2025-01-03,SKU_17,WH_1,SUP_1,West,500,10,268,0,14.9,26.61,0,0,12,2025,1,3,4,1,11.9118185
2025-01-04,SKU_17,WH_1,SUP_1,West,500,10,268,0,14.9,26.61,0,0,12,2025,1,4,5,1,12.005635
2025-01-05,SKU_17,WH_1,SUP_1,West,500,10,268,0,14.9,26.61,0,0,12,2025,1,5,6,1,11.933634
2025-01-06,SKU_17,WH_1,SUP_1,West,500,10,268,0,14.9,26.61,0,0,12,2025,1,6,0,2,11.846376
2025-01-07,SKU_17,WH_1,SUP_1,West,500,10,268,0,14.9,26.61,0,0,12,2025,1,7,1,2,11.732955
2025-01-08,SKU_17,WH_1,SUP_1,West,500,10,268,0,14.9,26.61,0,0,12,2025,1,8,2,2,11.811227
2025-01-09,SKU_17,WH_1,SUP_1,West,500,10,268,0,14.9,26.61,0,0,12,2025,1,9,3,2,11.86134
2025-01-10,SKU_17,WH_1,SUP_1,West,500,10,268,0,14.9,26.61,0,0,12,2025,1,10,4,2,11.972102
2025-01-11,SKU_17,WH_1,SUP_1,West,500,10,268,0,14.9,26.61,0,0,12,2025,1,11,5,2,11.9864435
2025-01-12,SKU_17,WH_1,SUP_1,West,500,10,268,0,14.9,26.61,0,0,12,2025,1,12,6,2,11.919052
2025-01-13,SKU_17,WH_1,SUP_1,West,500,10,268,0,14.9,26.61,0,0,12,2025,1,13,0,3,11.957921
2025-01-14,SKU_17,WH_1,SUP_1,West,500,10,268,0,14.9,26.61,0,0,12,2025,1,14,1,3,11.999491
2025-01-15,SKU_17,WH_1,SUP_1,West,500,10,268,0,14.9,26.61,0,0,12,2025,1,15,2,3,11.978819
2025-01-16,SKU_17,WH_1,SUP_1,West,500,10,268,0,14.9,26.61,0,0,12,2025,1,16,3,3,11.999353
2025-01-17,SKU_17,WH_1,SUP_1,West,500,10,268,0,14.9,26.61,0,0,12,2025,1,17,4,3,12.083706
2025-01-18,SKU_17,WH_1,SUP_1,West,500,10,268,0,14.9,26.61,0,0,12,2025,1,18,5,3,12.231518
2025-01-19,SKU_17,WH_1,SUP_1,West,500,10,268,0,14.9,26.61,0,0,12,2025,1,19,6,3,12.22068
2025-01-20,SKU_17,WH_1,SUP_1,West,500,10,268,0,14.9,26.61,0,0,12,2025,1,20,0,4,12.125756
2025-01-21,SKU_17,WH_1,SUP_1,West,500,10,268,0,14.9,26.61,0,0,12,2025,1,21,1,4,12.121636
2025-01-22,SKU_17,WH_1,SUP_1,West,500,10,268,0,14.9,26.61,0,0,12,2025,1,22,2,4,12.090293
2025-01-23,SKU_17,WH_1,SUP_1,West,500,10,268,0,14.9,26.61,0,0,12,2025,1,23,3,4,12.061274
2025-01-24,SKU_17,WH_1,SUP_1,West,500,10,268,0,14.9,26.61,0,0,12,2025,1,24,4,4,12.090038
2025-01-25,SKU_17,WH_1,SUP_1,West,500,10,268,0,14.9,26.61,0,0,12,2025,1,25,5,4,12.135524
2025-01-26,SKU_17,WH_1,SUP_1,West,500,10,268,0,14.9,26.61,0,0,12,2025,1,26,6,4,12.075326
2025-01-27,SKU_17,WH_1,SUP_1,West,500,10,268,0,14.9,26.61,0,0,12,2025,1,27,0,5,12.097906
2025-01-28,SKU_17,WH_1,SUP_1,West,500,10,268,0,14.9,26.61,0,0,12,2025,1,28,1,5,12.153281
2025-01-29,SKU_17,WH_1,SUP_1,West,500,10,268,0,14.9,26.61,0,0,12,2025,1,29,2,5,12.097382
2024-12-31,SKU_16,WH_5,SUP_5,North,433,2,394,0,13.23,20.46,0,0,17,2024,12,31,1,1,17.022749
2025-01-01,SKU_16,WH_5,SUP_5,North,433,2,394,0,13.23,20.46,0,0,17,2025,1,1,2,1,17.377897
2025-01-02,SKU_16,WH_5,SUP_5,North,433,2,394,0,13.23,20.46,0,0,17,2025,1,2,3,1,17.363497
2025-01-03,SKU_16,WH_5,SUP_5,North,433,2,394,0,13.23,20.46,0,0,17,2025,1,3,4,1,17.48276
2025-01-04,SKU_16,WH_5,SUP_5,North,433,2,394,0,13.23,20.46,0,0,17,2025,1,4,5,1,17.476894
2025-01-05,SKU_16,WH_5,SUP_5,North,433,2,394,0,13.23,20.46,0,0,17,2025,1,5,6,1,17.317728
2025-01-06,SKU_16,WH_5,SUP_5,North,433,2,394,0,13.23,20.46,0,0,17,2025,1,6,0,2,16.944551
2025-01-07,SKU_16,WH_5,SUP_5,North,433,2,394,0,13.23,20.46,0,0,17,2025,1,7,1,2,16.894604
2025-01-08,SKU_16,WH_5,SUP_5,North,433,2,394,0,13.23,20.46,0,0,17,2025,1,8,2,2,17.01398
2025-01-09,SKU_16,WH_5,SUP_5,North,433,2,394,0,13.23,20.46,0,0,17,2025,1,9,3,2,17.09918
2025-01-10,SKU_16,WH_5,SUP_5,North,433,2,394,0,13.23,20.46,0,0,17,2025,1,10,4,2,17.180235
2025-01-11,SKU_16,WH_5,SUP_5,North,433,2,394,0,13.23,20.46,0,0,17,2025,1,11,5,2,17.169832
2025-01-12,SKU_16,WH_5,SUP_5,North,433,2,394,0,13.23,20.46,0,0,17,2025,1,12,6,2,17.074316
2025-01-13,SKU_16,WH_5,SUP_5,North,433,2,394,0,13.23,20.46,0,0,17,2025,1,13,0,3,17.007019
2025-01-14,SKU_16,WH_5,SUP_5,North,433,2,394,0,13.23,20.46,0,0,17,2025,1,14,1,3,17.068346
2025-01-15,SKU_16,WH_5,SUP_5,North,433,2,394,0,13.23,20.46,0,0,17,2025,1,15,2,3,17.081982
2025-01-16,SKU_16,WH_5,SUP_5,North,433,2,394,0,13.23,20.46,0,0,17,2025,1,16,3,3,17.094288
2025-01-17,SKU_16,WH_5,SUP_5,North,433,2,394,0,13.23,20.46,0,0,17,2025,1,17,4,3,17.142103
2025-01-18,SKU_16,WH_5,SUP_5,North,433,2,394,0,13.23,20.46,0,0,17,2025,1,18,5,3,17.260126
2025-01-19,SKU_16,WH_5,SUP_5,North,433,2,394,0,13.23,20.46,0,0,17,2025,1,19,6,3,17.169462
2025-01-20,SKU_16,WH_5,SUP_5,North,433,2,394,0,13.23,20.46,0,0,17,2025,1,20,0,4,16.900269
2025-01-21,SKU_16,WH_5,SUP_5,North,433,2,394,0,13.23,20.46,0,0,17,2025,1,21,1,4,16.926176
2025-01-22,SKU_16,WH_5,SUP_5,North,433,2,394,0,13.23,20.46,0,0,17,2025,1,22,2,4,16.942814
2025-01-23,SKU_16,WH_5,SUP_5,North,433,2,394,0,13.23,20.46,0,0,17,2025,1,23,3,4,17.011776
2025-01-24,SKU_16,WH_5,SUP_5,North,433,2,394,0,13.23,20.46,0,0,17,2025,1,24,4,4,16.976557
2025-01-25,SKU_16,WH_5,SUP_5,North,433,2,394,0,13.23,20.46,0,0,17,2025,1,25,5,4,17.007471
2025-01-26,SKU_16,WH_5,SUP_5,North,433,2,394,0,13.23,20.46,0,0,17,2025,1,26,6,4,16.942562
2025-01-27,SKU_16,WH_5,SUP_5,North,433,2,394,0,13.23,20.46,0,0,17,2025,1,27,0,5,16.696766
2025-01-28,SKU_16,WH_5,SUP_5,North,433,2,394,0,13.23,20.46,0,0,17,2025,1,28,1,5,16.719595
2025-01-29,SKU_16,WH_5,SUP_5,North,433,2,394,0,13.23,20.46,0,0,17,2025,1,29,2,5,16.741886
2024-12-31,SKU_16,WH_4,SUP_5,East,610,4,367,0,6.61,9.52,0,0,5,2024,12,31,1,1,5.1264462
2025-01-01,SKU_16,WH_4,SUP_5,East,610,4,367,0,6.61,9.52,0,0,5,2025,1,1,2,1,5.1177444
2025-01-02,SKU_16,WH_4,SUP_5,East,610,4,367,0,6.61,9.52,0,0,5,2025,1,2,3,1,5.0217943
2025-01-03,SKU_16,WH_4,SUP_5,East,610,4,367,0,6.61,9.52,0,0,5,2025,1,3,4,1,5.0381756
2025-01-04,SKU_16,WH_4,SUP_5,East,610,4,367,0,6.61,9.52,0,0,5,2025,1,4,5,1,5.1800776
2025-01-05,SKU_16,WH_4,SUP_5,East,610,4,367,0,6.61,9.52,0,0,5,2025,1,5,6,1,5.4165545
2025-01-06,SKU_16,WH_4,SUP_5,East,610,4,367,0,6.61,9.52,0,0,5,2025,1,6,0,2,5.123332
2025-01-07,SKU_16,WH_4,SUP_5,East,610,4,367,0,6.61,9.52,0,0,5,2025,1,7,1,2,5.1075287
2025-01-08,SKU_16,WH_4,SUP_5,East,610,4,367,0,6.61,9.52,0,0,5,2025,1,8,2,2,5.289906
2025-01-09,SKU_16,WH_4,SUP_5,East,610,4,367,0,6.61,9.52,0,0,5,2025,1,9,3,2,5.3561544
2025-01-10,SKU_16,WH_4,SUP_5,East,610,4,367,0,6.61,9.52,0,0,5,2025,1,10,4,2,5.4025035
2025-01-11,SKU_16,WH_4,SUP_5,East,610,4,367,0,6.61,9.52,0,0,5,2025,1,11,5,2,5.441691
2025-01-12,SKU_16,WH_4,SUP_5,East,610,4,367,0,6.61,9.52,0,0,5,2025,1,12,6,2,5.5504937
2025-01-13,SKU_16,WH_4,SUP_5,East,610,4,367,0,6.61,9.52,0,0,5,2025,1,13,0,3,5.354721
2025-01-14,SKU_16,WH_4,SUP_5,East,610,4,367,0,6.61,9.52,0,0,5,2025,1,14,1,3,5.3539605
2025-01-15,SKU_16,WH_4,SUP_5,East,610,4,367,0,6.61,9.52,0,0,5,2025,1,15,2,3,5.440411
2025-01-16,SKU_16,WH_4,SUP_5,East,610,4,367,0,6.61,9.52,0,0,5,2025,1,16,3,3,5.5126233
2025-01-17,SKU_16,WH_4,SUP_5,East,610,4,367,0,6.61,9.52,0,0,5,2025,1,17,4,3,5.4884396
2025-01-18,SKU_16,WH_4,SUP_5,East,610,4,367,0,6.61,9.52,0,0,5,2025,1,18,5,3,5.6510034
2025-01-19,SKU_16,WH_4,SUP_5,East,610,4,367,0,6.61,9.52,0,0,5,2025,1,19,6,3,5.7715387
2025-01-20,SKU_16,WH_4,SUP_5,East,610,4,367,0,6.61,9.52,0,0,5,2025,1,20,0,4,5.4356513
2025-01-21,SKU_16,WH_4,SUP_5,East,610,4,367,0,6.61,9.52,0,0,5,2025,1,21,1,4,5.402051
2025-01-22,SKU_16,WH_4,SUP_5,East,610,4,367,0,6.61,9.52,0,0,5,2025,1,22,2,4,5.4778285
2025-01-23,SKU_16,WH_4,SUP_5,East,610,4,367,0,6.61,9.52,0,0,5,2025,1,23,3,4,5.5490155
2025-01-24,SKU_16,WH_4,SUP_5,East,610,4,367,0,6.61,9.52,0,0,5,2025,1,24,4,4,5.6157146
2025-01-25,SKU_16,WH_4,SUP_5,East,610,4,367,0,6.61,9.52,0,0,5,2025,1,25,5,4,5.664705
2025-01-26,SKU_16,WH_4,SUP_5,East,610,4,367,0,6.61,9.52,0,0,5,2025,1,26,6,4,5.790557
2025-01-27,SKU_16,WH_4,SUP_5,East,610,4,367,0,6.61,9.52,0,0,5,2025,1,27,0,5,5.5880814
2025-01-28,SKU_16,WH_4,SUP_5,East,610,4,367,0,6.61,9.52,0,0,5,2025,1,28,1,5,5.580508
2025-01-29,SKU_16,WH_4,SUP_5,East,610,4,367,0,6.61,9.52,0,0,5,2025,1,29,2,5,5.6619396
2024-12-31,SKU_16,WH_3,SUP_1,West,406,6,336,0,12.08,18.52,0,0,23,2024,12,31,1,1,23.180227
2025-01-01,SKU_16,WH_3,SUP_1,West,406,6,336,0,12.08,18.52,0,0,23,2025,1,1,2,1,23.278002
2025-01-02,SKU_16,WH_3,SUP_1,West,406,6,336,0,12.08,18.52,0,0,23,2025,1,2,3,1,23.228508
2025-01-03,SKU_16,WH_3,SUP_1,West,406,6,336,0,12.08,18.52,0,0,23,2025,1,3,4,1,23.398542
2025-01-04,SKU_16,WH_3,SUP_1,West,406,6,336,0,12.08,18.52,0,0,23,2025,1,4,5,1,23.522362
2025-01-05,SKU_16,WH_3,SUP_1,West,406,6,336,0,12.08,18.52,0,0,23,2025,1,5,6,1,23.463179
2025-01-06,SKU_16,WH_3,SUP_1,West,406,6,336,0,12.08,18.52,0,0,23,2025,1,6,0,2,23.067022
2025-01-07,SKU_16,WH_3,SUP_1,West,406,6,336,0,12.08,18.52,0,0,23,2025,1,7,1,2,23.024632
2025-01-08,SKU_16,WH_3,SUP_1,West,406,6,336,0,12.08,18.52,0,0,23,2025,1,8,2,2,23.118395
2025-01-09,SKU_16,WH_3,SUP_1,West,406,6,336,0,12.08,18.52,0,0,23,2025,1,9,3,2,23.165913
2025-01-10,SKU_16,WH_3,SUP_1,West,406,6,336,0,12.08,18.52,0,0,23,2025,1,10,4,2,23.158789
2025-01-11,SKU_16,WH_3,SUP_1,West,406,6,336,0,12.08,18.52,0,0,23,2025,1,11,5,2,23.17128
2025-01-12,SKU_16,WH_3,SUP_1,West,406,6,336,0,12.08,18.52,0,0,23,2025,1,12,6,2,23.156082
2025-01-13,SKU_16,WH_3,SUP_1,West,406,6,336,0,12.08,18.52,0,0,23,2025,1,13,0,3,23.025623
2025-01-14,SKU_16,WH_3,SUP_1,West,406,6,336,0,12.08,18.52,0,0,23,2025,1,14,1,3,23.047808
2025-01-15,SKU_16,WH_3,SUP_1,West,406,6,336,0,12.08,18.52,0,0,23,2025,1,15,2,3,23.017704
2025-01-16,SKU_16,WH_3,SUP_1,West,406,6,336,0,12.08,18.52,0,0,23,2025,1,16,3,3,23.003902
2025-01-17,SKU_16,WH_3,SUP_1,West,406,6,336,0,12.08,18.52,0,0,23,2025,1,17,4,3,23.004816
2025-01-18,SKU_16,WH_3,SUP_1,West,406,6,336,0,12.08,18.52,0,0,23,2025,1,18,5,3,23.155266
2025-01-19,SKU_16,WH_3,SUP_1,West,406,6,336,0,12.08,18.52,0,0,23,2025,1,19,6,3,23.171616
2025-01-20,SKU_16,WH_3,SUP_1,West,406,6,336,0,12.08,18.52,0,0,23,2025,1,20,0,4,22.94867
2025-01-21,SKU_16,WH_3,SUP_1,West,406,6,336,0,12.08,18.52,0,0,23,2025,1,21,1,4,22.940475
2025-01-22,SKU_16,WH_3,SUP_1,West,406,6,336,0,12.08,18.52,0,0,23,2025,1,22,2,4,22.9264
2025-01-23,SKU_16,WH_3,SUP_1,West,406,6,336,0,12.08,18.52,0,0,23,2025,1,23,3,4,22.914309
2025-01-24,SKU_16,WH_3,SUP_1,West,406,6,336,0,12.08,18.52,0,0,23,2025,1,24,4,4,22.911
2025-01-25,SKU_16,WH_3,SUP_1,West,406,6,336,0,12.08,18.52,0,0,23,2025,1,25,5,4,22.964808
2025-01-26,SKU_16,WH_3,SUP_1,West,406,6,336,0,12.08,18.52,0,0,23,2025,1,26,6,4,23.021387
2025-01-27,SKU_16,WH_3,SUP_1,West,406,6,336,0,12.08,18.52,0,0,23,2025,1,27,0,5,22.777391
2025-01-28,SKU_16,WH_3,SUP_1,West,406,6,336,0,12.08,18.52,0,0,23,2025,1,28,1,5,22.803196
2025-01-29,SKU_16,WH_3,SUP_1,West,406,6,336,0,12.08,18.52,0,0,23,2025,1,29,2,5,22.797363
2024-12-31,SKU_16,WH_2,SUP_4,West,709,11,327,0,19.0,26.16,0,0,23,2024,12,31,1,1,23.462477
2025-01-01,SKU_16,WH_2,SUP_4,West,709,11,327,0,19.0,26.16,0,0,23,2025,1,1,2,1,23.37598
2025-01-02,SKU_16,WH_2,SUP_4,West,709,11,327,0,19.0,26.16,0,0,23,2025,1,2,3,1,23.555368
2025-01-03,SKU_16,WH_2,SUP_4,West,709,11,327,0,19.0,26.16,0,0,23,2025,1,3,4,1,23.483665
2025-01-04,SKU_16,WH_2,SUP_4,West,709,11,327,0,19.0,26.16,0,0,23,2025,1,4,5,1,23.456688
2025-01-05,SKU_16,WH_2,SUP_4,West,709,11,327,0,19.0,26.16,0,0,23,2025,1,5,6,1,23.346907
2025-01-06,SKU_16,WH_2,SUP_4,West,709,11,327,0,19.0,26.16,0,0,23,2025,1,6,0,2,22.968805
2025-01-07,SKU_16,WH_2,SUP_4,West,709,11,327,0,19.0,26.16,0,0,23,2025,1,7,1,2,22.977203
2025-01-08,SKU_16,WH_2,SUP_4,West,709,11,327,0,19.0,26.16,0,0,23,2025,1,8,2,2,23.06358
2025-01-09,SKU_16,WH_2,SUP_4,West,709,11,327,0,19.0,26.16,0,0,23,2025,1,9,3,2,23.13161
2025-01-10,SKU_16,WH_2,SUP_4,West,709,11,327,0,19.0,26.16,0,0,23,2025,1,10,4,2,23.13059
2025-01-11,SKU_16,WH_2,SUP_4,West,709,11,327,0,19.0,26.16,0,0,23,2025,1,11,5,2,23.14602
2025-01-12,SKU_16,WH_2,SUP_4,West,709,11,327,0,19.0,26.16,0,0,23,2025,1,12,6,2,23.131989
2025-01-13,SKU_16,WH_2,SUP_4,West,709,11,327,0,19.0,26.16,0,0,23,2025,1,13,0,3,23.26734
2025-01-14,SKU_16,WH_2,SUP_4,West,709,11,327,0,19.0,26.16,0,0,23,2025,1,14,1,3,23.341482
2025-01-15,SKU_16,WH_2,SUP_4,West,709,11,327,0,19.0,26.16,0,0,23,2025,1,15,2,3,23.325054
2025-01-16,SKU_16,WH_2,SUP_4,West,709,11,327,0,19.0,26.16,0,0,23,2025,1,16,3,3,23.332043
2025-01-17,SKU_16,WH_2,SUP_4,West,709,11,327,0,19.0,26.16,0,0,23,2025,1,17,4,3,23.277626
2025-01-18,SKU_16,WH_2,SUP_4,West,709,11,327,0,19.0,26.16,0,0,23,2025,1,18,5,3,23.422657
2025-01-19,SKU_16,WH_2,SUP_4,West,709,11,327,0,19.0,26.16,0,0,23,2025,1,19,6,3,23.404015
2025-01-20,SKU_16,WH_2,SUP_4,West,709,11,327,0,19.0,26.16,0,0,23,2025,1,20,0,4,23.192596
2025-01-21,SKU_16,WH_2,SUP_4,West,709,11,327,0,19.0,26.16,0,0,23,2025,1,21,1,4,23.230782
2025-01-22,SKU_16,WH_2,SUP_4,West,709,11,327,0,19.0,26.16,0,0,23,2025,1,22,2,4,23.164328
2025-01-23,SKU_16,WH_2,SUP_4,West,709,11,327,0,19.0,26.16,0,0,23,2025,1,23,3,4,23.173027
2025-01-24,SKU_16,WH_2,SUP_4,West,709,11,327,0,19.0,26.16,0,0,23,2025,1,24,4,4,23.120789
2025-01-25,SKU_16,WH_2,SUP_4,West,709,11,327,0,19.0,26.16,0,0,23,2025,1,25,5,4,23.200693
2025-01-26,SKU_16,WH_2,SUP_4,West,709,11,327,0,19.0,26.16,0,0,23,2025,1,26,6,4,23.181004
2025-01-27,SKU_16,WH_2,SUP_4,West,709,11,327,0,19.0,26.16,0,0,23,2025,1,27,0,5,22.954067
2025-01-28,SKU_16,WH_2,SUP_4,West,709,11,327,0,19.0,26.16,0,0,23,2025,1,28,1,5,23.053257
2025-01-29,SKU_16,WH_2,SUP_4,West,709,11,327,0,19.0,26.16,0,0,23,2025,1,29,2,5,23.062094
2024-12-31,SKU_16,WH_1,SUP_9,East,466,14,328,0,11.96,17.38,0,0,18,2024,12,31,1,1,17.976185
2025-01-01,SKU_16,WH_1,SUP_9,East,466,14,328,0,11.96,17.38,0,0,18,2025,1,1,2,1,18.331625
2025-01-02,SKU_16,WH_1,SUP_9,East,466,14,328,0,11.96,17.38,0,0,18,2025,1,2,3,1,18.345274
2025-01-03,SKU_16,WH_1,SUP_9,East,466,14,328,0,11.96,17.38,0,0,18,2025,1,3,4,1,18.147278
2025-01-04,SKU_16,WH_1,SUP_9,East,466,14,328,0,11.96,17.38,0,0,18,2025,1,4,5,1,18.083359
2025-01-05,SKU_16,WH_1,SUP_9,East,466,14,328,0,11.96,17.38,0,0,18,2025,1,5,6,1,18.103868
2025-01-06,SKU_16,WH_1,SUP_9,East,466,14,328,0,11.96,17.38,0,0,18,2025,1,6,0,2,18.159498
2025-01-07,SKU_16,WH_1,SUP_9,East,466,14,328,0,11.96,17.38,0,0,18,2025,1,7,1,2,18.045559
2025-01-08,SKU_16,WH_1,SUP_9,East,466,14,328,0,11.96,17.38,0,0,18,2025,1,8,2,2,18.105356
2025-01-09,SKU_16,WH_1,SUP_9,East,466,14,328,0,11.96,17.38,0,0,18,2025,1,9,3,2,18.184713
2025-01-10,SKU_16,WH_1,SUP_9,East,466,14,328,0,11.96,17.38,0,0,18,2025,1,10,4,2,18.187412
2025-01-11,SKU_16,WH_1,SUP_9,East,466,14,328,0,11.96,17.38,0,0,18,2025,1,11,5,2,18.135942
2025-01-12,SKU_16,WH_1,SUP_9,East,466,14,328,0,11.96,17.38,0,0,18,2025,1,12,6,2,18.087875
2025-01-13,SKU_16,WH_1,SUP_9,East,466,14,328,0,11.96,17.38,0,0,18,2025,1,13,0,3,18.03098
2025-01-14,SKU_16,WH_1,SUP_9,East,466,14,328,0,11.96,17.38,0,0,18,2025,1,14,1,3,18.000208
2025-01-15,SKU_16,WH_1,SUP_9,East,466,14,328,0,11.96,17.38,0,0,18,2025,1,15,2,3,17.94343
2025-01-16,SKU_16,WH_1,SUP_9,East,466,14,328,0,11.96,17.38,0,0,18,2025,1,16,3,3,17.959217
2025-01-17,SKU_16,WH_1,SUP_9,East,466,14,328,0,11.96,17.38,0,0,18,2025,1,17,4,3,17.941328
2025-01-18,SKU_16,WH_1,SUP_9,East,466,14,328,0,11.96,17.38,0,0,18,2025,1,18,5,3,18.084913
2025-01-19,SKU_16,WH_1,SUP_9,East,466,14,328,0,11.96,17.38,0,0,18,2025,1,19,6,3,18.22272
2025-01-20,SKU_16,WH_1,SUP_9,East,466,14,328,0,11.96,17.38,0,0,18,2025,1,20,0,4,17.908304
2025-01-21,SKU_16,WH_1,SUP_9,East,466,14,328,0,11.96,17.38,0,0,18,2025,1,21,1,4,17.858004
2025-01-22,SKU_16,WH_1,SUP_9,East,466,14,328,0,11.96,17.38,0,0,18,2025,1,22,2,4,17.83248
2025-01-23,SKU_16,WH_1,SUP_9,East,466,14,328,0,11.96,17.38,0,0,18,2025,1,23,3,4,17.87233
2025-01-24,SKU_16,WH_1,SUP_9,East,466,14,328,0,11.96,17.38,0,0,18,2025,1,24,4,4,17.878315
2025-01-25,SKU_16,WH_1,SUP_9,East,466,14,328,0,11.96,17.38,0,0,18,2025,1,25,5,4,17.954334
2025-01-26,SKU_16,WH_1,SUP_9,East,466,14,328,0,11.96,17.38,0,0,18,2025,1,26,6,4,18.03062
2025-01-27,SKU_16,WH_1,SUP_9,East,466,14,328,0,11.96,17.38,0,0,18,2025,1,27,0,5,17.615791
2025-01-28,SKU_16,WH_1,SUP_9,East,466,14,328,0,11.96,17.38,0,0,18,2025,1,28,1,5,17.573256
2025-01-29,SKU_16,WH_1,SUP_9,East,466,14,328,0,11.96,17.38,0,0,18,2025,1,29,2,5,17.508026
2024-12-31,SKU_15,WH_5,SUP_7,South,470,14,279,0,15.48,21.47,0,0,15,2024,12,31,1,1,14.851523
2025-01-01,SKU_15,WH_5,SUP_7,South,470,14,279,0,15.48,21.47,0,0,15,2025,1,1,2,1,14.940145
2025-01-02,SKU_15,WH_5,SUP_7,South,470,14,279,0,15.48,21.47,0,0,15,2025,1,2,3,1,14.938889
2025-01-03,SKU_15,WH_5,SUP_7,South,470,14,279,0,15.48,21.47,0,0,15,2025,1,3,4,1,14.951856
2025-01-04,SKU_15,WH_5,SUP_7,South,470,14,279,0,15.48,21.47,0,0,15,2025,1,4,5,1,14.967199
2025-01-05,SKU_15,WH_5,SUP_7,South,470,14,279,0,15.48,21.47,0,0,15,2025,1,5,6,1,14.99051
2025-01-06,SKU_15,WH_5,SUP_7,South,470,14,279,0,15.48,21.47,0,0,15,2025,1,6,0,2,15.014471
2025-01-07,SKU_15,WH_5,SUP_7,South,470,14,279,0,15.48,21.47,0,0,15,2025,1,7,1,2,14.949542
2025-01-08,SKU_15,WH_5,SUP_7,South,470,14,279,0,15.48,21.47,0,0,15,2025,1,8,2,2,14.920379
2025-01-09,SKU_15,WH_5,SUP_7,South,470,14,279,0,15.48,21.47,0,0,15,2025,1,9,3,2,15.011523
2025-01-10,SKU_15,WH_5,SUP_7,South,470,14,279,0,15.48,21.47,0,0,15,2025,1,10,4,2,15.0613165
2025-01-11,SKU_15,WH_5,SUP_7,South,470,14,279,0,15.48,21.47,0,0,15,2025,1,11,5,2,15.048228
2025-01-12,SKU_15,WH_5,SUP_7,South,470,14,279,0,15.48,21.47,0,0,15,2025,1,12,6,2,15.063585
2025-01-13,SKU_15,WH_5,SUP_7,South,470,14,279,0,15.48,21.47,0,0,15,2025,1,13,0,3,14.98445
2025-01-14,SKU_15,WH_5,SUP_7,South,470,14,279,0,15.48,21.47,0,0,15,2025,1,14,1,3,15.037595
2025-01-15,SKU_15,WH_5,SUP_7,South,470,14,279,0,15.48,21.47,0,0,15,2025,1,15,2,3,14.90949
2025-01-16,SKU_15,WH_5,SUP_7,South,470,14,279,0,15.48,21.47,0,0,15,2025,1,16,3,3,14.949515
2025-01-17,SKU_15,WH_5,SUP_7,South,470,14,279,0,15.48,21.47,0,0,15,2025,1,17,4,3,15.002643
2025-01-18,SKU_15,WH_5,SUP_7,South,470,14,279,0,15.48,21.47,0,0,15,2025,1,18,5,3,15.190903
2025-01-19,SKU_15,WH_5,SUP_7,South,470,14,279,0,15.48,21.47,0,0,15,2025,1,19,6,3,15.214213
2025-01-20,SKU_15,WH_5,SUP_7,South,470,14,279,0,15.48,21.47,0,0,15,2025,1,20,0,4,15.109536
2025-01-21,SKU_15,WH_5,SUP_7,South,470,14,279,0,15.48,21.47,0,0,15,2025,1,21,1,4,15.141432
2025-01-22,SKU_15,WH_5,SUP_7,South,470,14,279,0,15.48,21.47,0,0,15,2025,1,22,2,4,15.000066
2025-01-23,SKU_15,WH_5,SUP_7,South,470,14,279,0,15.48,21.47,0,0,15,2025,1,23,3,4,15.106
2025-01-24,SKU_15,WH_5,SUP_7,South,470,14,279,0,15.48,21.47,0,0,15,2025,1,24,4,4,15.133336
2025-01-25,SKU_15,WH_5,SUP_7,South,470,14,279,0,15.48,21.47,0,0,15,2025,1,25,5,4,15.181139
2025-01-26,SKU_15,WH_5,SUP_7,South,470,14,279,0,15.48,21.47,0,0,15,2025,1,26,6,4,15.22961
2025-01-27,SKU_15,WH_5,SUP_7,South,470,14,279,0,15.48,21.47,0,0,15,2025,1,27,0,5,15.191146
2025-01-28,SKU_15,WH_5,SUP_7,South,470,14,279,0,15.48,21.47,0,0,15,2025,1,28,1,5,15.287065
2025-01-29,SKU_15,WH_5,SUP_7,South,470,14,279,0,15.48,21.47,0,0,15,2025,1,29,2,5,15.113648
2024-12-31,SKU_15,WH_4,SUP_6,East,363,5,224,0,13.52,23.32,0,0,21,2024,12,31,1,1,21.057827
2025-01-01,SKU_15,WH_4,SUP_6,East,363,5,224,0,13.52,23.32,0,0,21,2025,1,1,2,1,20.569654
2025-01-02,SKU_15,WH_4,SUP_6,East,363,5,224,0,13.52,23.32,0,0,21,2025,1,2,3,1,20.640888
2025-01-03,SKU_15,WH_4,SUP_6,East,363,5,224,0,13.52,23.32,0,0,21,2025,1,3,4,1,20.806227
2025-01-04,SKU_15,WH_4,SUP_6,East,363,5,224,0,13.52,23.32,0,0,21,2025,1,4,5,1,20.892773
2025-01-05,SKU_15,WH_4,SUP_6,East,363,5,224,0,13.52,23.32,0,0,21,2025,1,5,6,1,20.944912
2025-01-06,SKU_15,WH_4,SUP_6,East,363,5,224,0,13.52,23.32,0,0,21,2025,1,6,0,2,20.828009
2025-01-07,SKU_15,WH_4,SUP_6,East,363,5,224,0,13.52,23.32,0,0,21,2025,1,7,1,2,20.760984
2025-01-08,SKU_15,WH_4,SUP_6,East,363,5,224,0,13.52,23.32,0,0,21,2025,1,8,2,2,20.753325
2025-01-09,SKU_15,WH_4,SUP_6,East,363,5,224,0,13.52,23.32,0,0,21,2025,1,9,3,2,20.774656
2025-01-10,SKU_15,WH_4,SUP_6,East,363,5,224,0,13.52,23.32,0,0,21,2025,1,10,4,2,20.720404
2025-01-11,SKU_15,WH_4,SUP_6,East,363,5,224,0,13.52,23.32,0,0,21,2025,1,11,5,2,20.732895
2025-01-12,SKU_15,WH_4,SUP_6,East,363,5,224,0,13.52,23.32,0,0,21,2025,1,12,6,2,20.764297
2025-01-13,SKU_15,WH_4,SUP_6,East,363,5,224,0,13.52,23.32,0,0,21,2025,1,13,0,3,20.902433
2025-01-14,SKU_15,WH_4,SUP_6,East,363,5,224,0,13.52,23.32,0,0,21,2025,1,14,1,3,20.911785
2025-01-15,SKU_15,WH_4,SUP_6,East,363,5,224,0,13.52,23.32,0,0,21,2025,1,15,2,3,20.845755
2025-01-16,SKU_15,WH_4,SUP_6,East,363,5,224,0,13.52,23.32,0,0,21,2025,1,16,3,3,20.898718
2025-01-17,SKU_15,WH_4,SUP_6,East,363,5,224,0,13.52,23.32,0,0,21,2025,1,17,4,3,20.854092
2025-01-18,SKU_15,WH_4,SUP_6,East,363,5,224,0,13.52,23.32,0,0,21,2025,1,18,5,3,21.001873
2025-01-19,SKU_15,WH_4,SUP_6,East,363,5,224,0,13.52,23.32,0,0,21,2025,1,19,6,3,21.061045
2025-01-20,SKU_15,WH_4,SUP_6,East,363,5,224,0,13.52,23.32,0,0,21,2025,1,20,0,4,20.698206
2025-01-21,SKU_15,WH_4,SUP_6,East,363,5,224,0,13.52,23.32,0,0,21,2025,1,21,1,4,20.757423
2025-01-22,SKU_15,WH_4,SUP_6,East,363,5,224,0,13.52,23.32,0,0,21,2025,1,22,2,4,20.824942
2025-01-23,SKU_15,WH_4,SUP_6,East,363,5,224,0,13.52,23.32,0,0,21,2025,1,23,3,4,20.72015
2025-01-24,SKU_15,WH_4,SUP_6,East,363,5,224,0,13.52,23.32,0,0,21,2025,1,24,4,4,20.652784
2025-01-25,SKU_15,WH_4,SUP_6,East,363,5,224,0,13.52,23.32,0,0,21,2025,1,25,5,4,20.700525
2025-01-26,SKU_15,WH_4,SUP_6,East,363,5,224,0,13.52,23.32,0,0,21,2025,1,26,6,4,20.751028
2025-01-27,SKU_15,WH_4,SUP_6,East,363,5,224,0,13.52,23.32,0,0,21,2025,1,27,0,5,20.431368
2025-01-28,SKU_15,WH_4,SUP_6,East,363,5,224,0,13.52,23.32,0,0,21,2025,1,28,1,5,20.46362
2025-01-29,SKU_15,WH_4,SUP_6,East,363,5,224,0,13.52,23.32,0,0,21,2025,1,29,2,5,20.53384
2024-12-31,SKU_15,WH_3,SUP_9,West,294,7,265,0,6.24,9.99,0,0,21,2024,12,31,1,1,19.85587
2025-01-01,SKU_15,WH_3,SUP_9,West,294,7,265,0,6.24,9.99,0,0,21,2025,1,1,2,1,19.96507
2025-01-02,SKU_15,WH_3,SUP_9,West,294,7,265,0,6.24,9.99,0,0,21,2025,1,2,3,1,19.807302
2025-01-03,SKU_15,WH_3,SUP_9,West,294,7,265,0,6.24,9.99,0,0,21,2025,1,3,4,1,19.98867
2025-01-04,SKU_15,WH_3,SUP_9,West,294,7,265,0,6.24,9.99,0,0,21,2025,1,4,5,1,20.100985
2025-01-05,SKU_15,WH_3,SUP_9,West,294,7,265,0,6.24,9.99,0,0,21,2025,1,5,6,1,19.988832
2025-01-06,SKU_15,WH_3,SUP_9,West,294,7,265,0,6.24,9.99,0,0,21,2025,1,6,0,2,20.32537
2025-01-07,SKU_15,WH_3,SUP_9,West,294,7,265,0,6.24,9.99,0,0,21,2025,1,7,1,2,20.34055
2025-01-08,SKU_15,WH_3,SUP_9,West,294,7,265,0,6.24,9.99,0,0,21,2025,1,8,2,2,20.490288
2025-01-09,SKU_15,WH_3,SUP_9,West,294,7,265,0,6.24,9.99,0,0,21,2025,1,9,3,2,20.54147
2025-01-10,SKU_15,WH_3,SUP_9,West,294,7,265,0,6.24,9.99,0,0,21,2025,1,10,4,2,20.352901
2025-01-11,SKU_15,WH_3,SUP_9,West,294,7,265,0,6.24,9.99,0,0,21,2025,1,11,5,2,20.430693
2025-01-12,SKU_15,WH_3,SUP_9,West,294,7,265,0,6.24,9.99,0,0,21,2025,1,12,6,2,20.306293
2025-01-13,SKU_15,WH_3,SUP_9,West,294,7,265,0,6.24,9.99,0,0,21,2025,1,13,0,3,20.504713
2025-01-14,SKU_15,WH_3,SUP_9,West,294,7,265,0,6.24,9.99,0,0,21,2025,1,14,1,3,20.57981
2025-01-15,SKU_15,WH_3,SUP_9,West,294,7,265,0,6.24,9.99,0,0,21,2025,1,15,2,3,20.65173
2025-01-16,SKU_15,WH_3,SUP_9,West,294,7,265,0,6.24,9.99,0,0,21,2025,1,16,3,3,20.693789
2025-01-17,SKU_15,WH_3,SUP_9,West,294,7,265,0,6.24,9.99,0,0,21,2025,1,17,4,3,20.646698
2025-01-18,SKU_15,WH_3,SUP_9,West,294,7,265,0,6.24,9.99,0,0,21,2025,1,18,5,3,20.756119
2025-01-19,SKU_15,WH_3,SUP_9,West,294,7,265,0,6.24,9.99,0,0,21,2025,1,19,6,3,20.831293
2025-01-20,SKU_15,WH_3,SUP_9,West,294,7,265,0,6.24,9.99,0,0,21,2025,1,20,0,4,20.352375
2025-01-21,SKU_15,WH_3,SUP_9,West,294,7,265,0,6.24,9.99,0,0,21,2025,1,21,1,4,20.349537
2025-01-22,SKU_15,WH_3,SUP_9,West,294,7,265,0,6.24,9.99,0,0,21,2025,1,22,2,4,20.62074
2025-01-23,SKU_15,WH_3,SUP_9,West,294,7,265,0,6.24,9.99,0,0,21,2025,1,23,3,4,20.541782
2025-01-24,SKU_15,WH_3,SUP_9,West,294,7,265,0,6.24,9.99,0,0,21,2025,1,24,4,4,20.501318
2025-01-25,SKU_15,WH_3,SUP_9,West,294,7,265,0,6.24,9.99,0,0,21,2025,1,25,5,4,20.563265
2025-01-26,SKU_15,WH_3,SUP_9,West,294,7,265,0,6.24,9.99,0,0,21,2025,1,26,6,4,20.589146
2025-01-27,SKU_15,WH_3,SUP_9,West,294,7,265,0,6.24,9.99,0,0,21,2025,1,27,0,5,20.13746
2025-01-28,SKU_15,WH_3,SUP_9,West,294,7,265,0,6.24,9.99,0,0,21,2025,1,28,1,5,20.152683
2025-01-29,SKU_15,WH_3,SUP_9,West,294,7,265,0,6.24,9.99,0,0,21,2025,1,29,2,5,20.347717
2024-12-31,SKU_15,WH_2,SUP_1,North,491,8,386,0,11.37,14.92,0,0,19,2024,12,31,1,1,17.792921
2025-01-01,SKU_15,WH_2,SUP_1,North,491,8,386,0,11.37,14.92,0,0,19,2025,1,1,2,1,17.99437
2025-01-02,SKU_15,WH_2,SUP_1,North,491,8,386,0,11.37,14.92,0,0,19,2025,1,2,3,1,18.08657
2025-01-03,SKU_15,WH_2,SUP_1,North,491,8,386,0,11.37,14.92,0,0,19,2025,1,3,4,1,18.181616
2025-01-04,SKU_15,WH_2,SUP_1,North,491,8,386,0,11.37,14.92,0,0,19,2025,1,4,5,1,18.26625
2025-01-05,SKU_15,WH_2,SUP_1,North,491,8,386,0,11.37,14.92,0,0,19,2025,1,5,6,1,18.185305
2025-01-06,SKU_15,WH_2,SUP_1,North,491,8,386,0,11.37,14.92,0,0,19,2025,1,6,0,2,18.19211
2025-01-07,SKU_15,WH_2,SUP_1,North,491,8,386,0,11.37,14.92,0,0,19,2025,1,7,1,2,18.199146
2025-01-08,SKU_15,WH_2,SUP_1,North,491,8,386,0,11.37,14.92,0,0,19,2025,1,8,2,2,18.248371
2025-01-09,SKU_15,WH_2,SUP_1,North,491,8,386,0,11.37,14.92,0,0,19,2025,1,9,3,2,18.356045
2025-01-10,SKU_15,WH_2,SUP_1,North,491,8,386,0,11.37,14.92,0,0,19,2025,1,10,4,2,18.395046
2025-01-11,SKU_15,WH_2,SUP_1,North,491,8,386,0,11.37,14.92,0,0,19,2025,1,11,5,2,18.380083
2025-01-12,SKU_15,WH_2,SUP_1,North,491,8,386,0,11.37,14.92,0,0,19,2025,1,12,6,2,18.26804
2025-01-13,SKU_15,WH_2,SUP_1,North,491,8,386,0,11.37,14.92,0,0,19,2025,1,13,0,3,18.495487
2025-01-14,SKU_15,WH_2,SUP_1,North,491,8,386,0,11.37,14.92,0,0,19,2025,1,14,1,3,18.527557
2025-01-15,SKU_15,WH_2,SUP_1,North,491,8,386,0,11.37,14.92,0,0,19,2025,1,15,2,3,18.452915
2025-01-16,SKU_15,WH_2,SUP_1,North,491,8,386,0,11.37,14.92,0,0,19,2025,1,16,3,3,18.56537
2025-01-17,SKU_15,WH_2,SUP_1,North,491,8,386,0,11.37,14.92,0,0,19,2025,1,17,4,3,18.479057
2025-01-18,SKU_15,WH_2,SUP_1,North,491,8,386,0,11.37,14.92,0,0,19,2025,1,18,5,3,18.615507
2025-01-19,SKU_15,WH_2,SUP_1,North,491,8,386,0,11.37,14.92,0,0,19,2025,1,19,6,3,18.574816
2025-01-20,SKU_15,WH_2,SUP_1,North,491,8,386,0,11.37,14.92,0,0,19,2025,1,20,0,4,18.259666
2025-01-21,SKU_15,WH_2,SUP_1,North,491,8,386,0,11.37,14.92,0,0,19,2025,1,21,1,4,18.281927
2025-01-22,SKU_15,WH_2,SUP_1,North,491,8,386,0,11.37,14.92,0,0,19,2025,1,22,2,4,18.225903
2025-01-23,SKU_15,WH_2,SUP_1,North,491,8,386,0,11.37,14.92,0,0,19,2025,1,23,3,4,18.36456
2025-01-24,SKU_15,WH_2,SUP_1,North,491,8,386,0,11.37,14.92,0,0,19,2025,1,24,4,4,18.372414
2025-01-25,SKU_15,WH_2,SUP_1,North,491,8,386,0,11.37,14.92,0,0,19,2025,1,25,5,4,18.403328
2025-01-26,SKU_15,WH_2,SUP_1,North,491,8,386,0,11.37,14.92,0,0,19,2025,1,26,6,4,18.367664
2025-01-27,SKU_15,WH_2,SUP_1,North,491,8,386,0,11.37,14.92,0,0,19,2025,1,27,0,5,17.947424
2025-01-28,SKU_15,WH_2,SUP_1,North,491,8,386,0,11.37,14.92,0,0,19,2025,1,28,1,5,17.996902
2025-01-29,SKU_15,WH_2,SUP_1,North,491,8,386,0,11.37,14.92,0,0,19,2025,1,29,2,5,17.946531
2024-12-31,SKU_15,WH_1,SUP_6,South,340,13,327,0,16.7,28.78,0,0,18,2024,12,31,1,1,17.92274
2025-01-01,SKU_15,WH_1,SUP_6,South,340,13,327,0,16.7,28.78,0,0,18,2025,1,1,2,1,18.109983
2025-01-02,SKU_15,WH_1,SUP_6,South,340,13,327,0,16.7,28.78,0,0,18,2025,1,2,3,1,18.188328
2025-01-03,SKU_15,WH_1,SUP_6,South,340,13,327,0,16.7,28.78,0,0,18,2025,1,3,4,1,18.230536
2025-01-04,SKU_15,WH_1,SUP_6,South,340,13,327,0,16.7,28.78,0,0,18,2025,1,4,5,1,18.252625
2025-01-05,SKU_15,WH_1,SUP_6,South,340,13,327,0,16.7,28.78,0,0,18,2025,1,5,6,1,18.199665
2025-01-06,SKU_15,WH_1,SUP_6,South,340,13,327,0,16.7,28.78,0,0,18,2025,1,6,0,2,18.287596
2025-01-07,SKU_15,WH_1,SUP_6,South,340,13,327,0,16.7,28.78,0,0,18,2025,1,7,1,2,18.260397
2025-01-08,SKU_15,WH_1,SUP_6,South,340,13,327,0,16.7,28.78,0,0,18,2025,1,8,2,2,18.242493
2025-01-09,SKU_15,WH_1,SUP_6,South,340,13,327,0,16.7,28.78,0,0,18,2025,1,9,3,2,18.294447
2025-01-10,SKU_15,WH_1,SUP_6,South,340,13,327,0,16.7,28.78,0,0,18,2025,1,10,4,2,18.290407
2025-01-11,SKU_15,WH_1,SUP_6,South,340,13,327,0,16.7,28.78,0,0,18,2025,1,11,5,2,18.291136
2025-01-12,SKU_15,WH_1,SUP_6,South,340,13,327,0,16.7,28.78,0,0,18,2025,1,12,6,2,18.220318
2025-01-13,SKU_15,WH_1,SUP_6,South,340,13,327,0,16.7,28.78,0,0,18,2025,1,13,0,3,18.227386
2025-01-14,SKU_15,WH_1,SUP_6,South,340,13,327,0,16.7,28.78,0,0,18,2025,1,14,1,3,18.302814
2025-01-15,SKU_15,WH_1,SUP_6,South,340,13,327,0,16.7,28.78,0,0,18,2025,1,15,2,3,18.198124
2025-01-16,SKU_15,WH_1,SUP_6,South,340,13,327,0,16.7,28.78,0,0,18,2025,1,16,3,3,18.272636
2025-01-17,SKU_15,WH_1,SUP_6,South,340,13,327,0,16.7,28.78,0,0,18,2025,1,17,4,3,18.19948
2025-01-18,SKU_15,WH_1,SUP_6,South,340,13,327,0,16.7,28.78,0,0,18,2025,1,18,5,3,18.298176
2025-01-19,SKU_15,WH_1,SUP_6,South,340,13,327,0,16.7,28.78,0,0,18,2025,1,19,6,3,18.25225
2025-01-20,SKU_15,WH_1,SUP_6,South,340,13,327,0,16.7,28.78,0,0,18,2025,1,20,0,4,18.148981
2025-01-21,SKU_15,WH_1,SUP_6,South,340,13,327,0,16.7,28.78,0,0,18,2025,1,21,1,4,18.246151
2025-01-22,SKU_15,WH_1,SUP_6,South,340,13,327,0,16.7,28.78,0,0,18,2025,1,22,2,4,18.240307
2025-01-23,SKU_15,WH_1,SUP_6,South,340,13,327,0,16.7,28.78,0,0,18,2025,1,23,3,4,18.128382
2025-01-24,SKU_15,WH_1,SUP_6,South,340,13,327,0,16.7,28.78,0,0,18,2025,1,24,4,4,18.030502
2025-01-25,SKU_15,WH_1,SUP_6,South,340,13,327,0,16.7,28.78,0,0,18,2025,1,25,5,4,18.06648
2025-01-26,SKU_15,WH_1,SUP_6,South,340,13,327,0,16.7,28.78,0,0,18,2025,1,26,6,4,18.074759
2025-01-27,SKU_15,WH_1,SUP_6,South,340,13,327,0,16.7,28.78,0,0,18,2025,1,27,0,5,17.745632
2025-01-28,SKU_15,WH_1,SUP_6,South,340,13,327,0,16.7,28.78,0,0,18,2025,1,28,1,5,17.818893
2025-01-29,SKU_15,WH_1,SUP_6,South,340,13,327,0,16.7,28.78,0,0,18,2025,1,29,2,5,17.839432
2024-12-31,SKU_14,WH_5,SUP_3,North,558,6,259,0,11.19,14.98,0,0,15,2024,12,31,1,1,14.704561
2025-01-01,SKU_14,WH_5,SUP_3,North,558,6,259,0,11.19,14.98,0,0,15,2025,1,1,2,1,14.979807
2025-01-02,SKU_14,WH_5,SUP_3,North,558,6,259,0,11.19,14.98,0,0,15,2025,1,2,3,1,14.923763
2025-01-03,SKU_14,WH_5,SUP_3,North,558,6,259,0,11.19,14.98,0,0,15,2025,1,3,4,1,15.002764
2025-01-04,SKU_14,WH_5,SUP_3,North,558,6,259,0,11.19,14.98,0,0,15,2025,1,4,5,1,15.138302
2025-01-05,SKU_14,WH_5,SUP_3,North,558,6,259,0,11.19,14.98,0,0,15,2025,1,5,6,1,15.1118765
2025-01-06,SKU_14,WH_5,SUP_3,North,558,6,259,0,11.19,14.98,0,0,15,2025,1,6,0,2,15.068782
2025-01-07,SKU_14,WH_5,SUP_3,North,558,6,259,0,11.19,14.98,0,0,15,2025,1,7,1,2,15.042486
2025-01-08,SKU_14,WH_5,SUP_3,North,558,6,259,0,11.19,14.98,0,0,15,2025,1,8,2,2,15.130796
2025-01-09,SKU_14,WH_5,SUP_3,North,558,6,259,0,11.19,14.98,0,0,15,2025,1,9,3,2,15.134761
2025-01-10,SKU_14,WH_5,SUP_3,North,558,6,259,0,11.19,14.98,0,0,15,2025,1,10,4,2,15.185225
2025-01-11,SKU_14,WH_5,SUP_3,North,558,6,259,0,11.19,14.98,0,0,15,2025,1,11,5,2,15.172112
2025-01-12,SKU_14,WH_5,SUP_3,North,558,6,259,0,11.19,14.98,0,0,15,2025,1,12,6,2,15.137733
2025-01-13,SKU_14,WH_5,SUP_3,North,558,6,259,0,11.19,14.98,0,0,15,2025,1,13,0,3,15.129676
2025-01-14,SKU_14,WH_5,SUP_3,North,558,6,259,0,11.19,14.98,0,0,15,2025,1,14,1,3,15.123011
2025-01-15,SKU_14,WH_5,SUP_3,North,558,6,259,0,11.19,14.98,0,0,15,2025,1,15,2,3,15.119015
2025-01-16,SKU_14,WH_5,SUP_3,North,558,6,259,0,11.19,14.98,0,0,15,2025,1,16,3,3,15.143031
2025-01-17,SKU_14,WH_5,SUP_3,North,558,6,259,0,11.19,14.98,0,0,15,2025,1,17,4,3,15.136638
2025-01-18,SKU_14,WH_5,SUP_3,North,558,6,259,0,11.19,14.98,0,0,15,2025,1,18,5,3,15.263301
2025-01-19,SKU_14,WH_5,SUP_3,North,558,6,259,0,11.19,14.98,0,0,15,2025,1,19,6,3,15.240653
2025-01-20,SKU_14,WH_5,SUP_3,North,558,6,259,0,11.19,14.98,0,0,15,2025,1,20,0,4,15.028779
2025-01-21,SKU_14,WH_5,SUP_3,North,558,6,259,0,11.19,14.98,0,0,15,2025,1,21,1,4,15.073169
2025-01-22,SKU_14,WH_5,SUP_3,North,558,6,259,0,11.19,14.98,0,0,15,2025,1,22,2,4,15.049968
2025-01-23,SKU_14,WH_5,SUP_3,North,558,6,259,0,11.19,14.98,0,0,15,2025,1,23,3,4,15.075695
2025-01-24,SKU_14,WH_5,SUP_3,North,558,6,259,0,11.19,14.98,0,0,15,2025,1,24,4,4,15.100645
2025-01-25,SKU_14,WH_5,SUP_3,North,558,6,259,0,11.19,14.98,0,0,15,2025,1,25,5,4,15.12734
2025-01-26,SKU_14,WH_5,SUP_3,North,558,6,259,0,11.19,14.98,0,0,15,2025,1,26,6,4,15.114159
2025-01-27,SKU_14,WH_5,SUP_3,North,558,6,259,0,11.19,14.98,0,0,15,2025,1,27,0,5,15.115246
2025-01-28,SKU_14,WH_5,SUP_3,North,558,6,259,0,11.19,14.98,0,0,15,2025,1,28,1,5,15.160757
2025-01-29,SKU_14,WH_5,SUP_3,North,558,6,259,0,11.19,14.98,0,0,15,2025,1,29,2,5,15.140034
2024-12-31,SKU_14,WH_4,SUP_1,East,514,10,343,0,5.76,8.49,0,0,28,2024,12,31,1,1,28.49088
2025-01-01,SKU_14,WH_4,SUP_1,East,514,10,343,0,5.76,8.49,0,0,28,2025,1,1,2,1,27.624208
2025-01-02,SKU_14,WH_4,SUP_1,East,514,10,343,0,5.76,8.49,0,0,28,2025,1,2,3,1,27.749771
2025-01-03,SKU_14,WH_4,SUP_1,East,514,10,343,0,5.76,8.49,0,0,28,2025,1,3,4,1,27.847383
2025-01-04,SKU_14,WH_4,SUP_1,East,514,10,343,0,5.76,8.49,0,0,28,2025,1,4,5,1,28.062164
2025-01-05,SKU_14,WH_4,SUP_1,East,514,10,343,0,5.76,8.49,0,0,28,2025,1,5,6,1,28.129116
2025-01-06,SKU_14,WH_4,SUP_1,East,514,10,343,0,5.76,8.49,0,0,28,2025,1,6,0,2,27.780212
2025-01-07,SKU_14,WH_4,SUP_1,East,514,10,343,0,5.76,8.49,0,0,28,2025,1,7,1,2,27.76281
2025-01-08,SKU_14,WH_4,SUP_1,East,514,10,343,0,5.76,8.49,0,0,28,2025,1,8,2,2,27.831575
2025-01-09,SKU_14,WH_4,SUP_1,East,514,10,343,0,5.76,8.49,0,0,28,2025,1,9,3,2,27.831306
2025-01-10,SKU_14,WH_4,SUP_1,East,514,10,343,0,5.76,8.49,0,0,28,2025,1,10,4,2,27.86398
2025-01-11,SKU_14,WH_4,SUP_1,East,514,10,343,0,5.76,8.49,0,0,28,2025,1,11,5,2,27.894434
2025-01-12,SKU_14,WH_4,SUP_1,East,514,10,343,0,5.76,8.49,0,0,28,2025,1,12,6,2,27.953432
2025-01-13,SKU_14,WH_4,SUP_1,East,514,10,343,0,5.76,8.49,0,0,28,2025,1,13,0,3,27.944412
2025-01-14,SKU_14,WH_4,SUP_1,East,514,10,343,0,5.76,8.49,0,0,28,2025,1,14,1,3,27.97499
2025-01-15,SKU_14,WH_4,SUP_1,East,514,10,343,0,5.76,8.49,0,0,28,2025,1,15,2,3,27.949179
2025-01-16,SKU_14,WH_4,SUP_1,East,514,10,343,0,5.76,8.49,0,0,28,2025,1,16,3,3,27.94948
2025-01-17,SKU_14,WH_4,SUP_1,East,514,10,343,0,5.76,8.49,0,0,28,2025,1,17,4,3,27.890799
2025-01-18,SKU_14,WH_4,SUP_1,East,514,10,343,0,5.76,8.49,0,0,28,2025,1,18,5,3,28.037096
2025-01-19,SKU_14,WH_4,SUP_1,East,514,10,343,0,5.76,8.49,0,0,28,2025,1,19,6,3,28.097576
2025-01-20,SKU_14,WH_4,SUP_1,East,514,10,343,0,5.76,8.49,0,0,28,2025,1,20,0,4,27.7056
2025-01-21,SKU_14,WH_4,SUP_1,East,514,10,343,0,5.76,8.49,0,0,28,2025,1,21,1,4,27.761679
2025-01-22,SKU_14,WH_4,SUP_1,East,514,10,343,0,5.76,8.49,0,0,28,2025,1,22,2,4,27.664232
2025-01-23,SKU_14,WH_4,SUP_1,East,514,10,343,0,5.76,8.49,0,0,28,2025,1,23,3,4,27.663483
2025-01-24,SKU_14,WH_4,SUP_1,East,514,10,343,0,5.76,8.49,0,0,28,2025,1,24,4,4,27.574001
2025-01-25,SKU_14,WH_4,SUP_1,East,514,10,343,0,5.76,8.49,0,0,28,2025,1,25,5,4,27.643
2025-01-26,SKU_14,WH_4,SUP_1,East,514,10,343,0,5.76,8.49,0,0,28,2025,1,26,6,4,27.706373
2025-01-27,SKU_14,WH_4,SUP_1,East,514,10,343,0,5.76,8.49,0,0,28,2025,1,27,0,5,27.768244
2025-01-28,SKU_14,WH_4,SUP_1,East,514,10,343,0,5.76,8.49,0,0,28,2025,1,28,1,5,27.804804
2025-01-29,SKU_14,WH_4,SUP_1,East,514,10,343,0,5.76,8.49,0,0,28,2025,1,29,2,5,27.789446
2024-12-31,SKU_14,WH_3,SUP_1,South,457,3,283,0,5.88,9.37,0,0,23,2024,12,31,1,1,22.472836
2025-01-01,SKU_14,WH_3,SUP_1,South,457,3,283,0,5.88,9.37,0,0,23,2025,1,1,2,1,22.479342
2025-01-02,SKU_14,WH_3,SUP_1,South,457,3,283,0,5.88,9.37,0,0,23,2025,1,2,3,1,22.350758
2025-01-03,SKU_14,WH_3,SUP_1,South,457,3,283,0,5.88,9.37,0,0,23,2025,1,3,4,1,22.529217
2025-01-04,SKU_14,WH_3,SUP_1,South,457,3,283,0,5.88,9.37,0,0,23,2025,1,4,5,1,22.767702
2025-01-05,SKU_14,WH_3,SUP_1,South,457,3,283,0,5.88,9.37,0,0,23,2025,1,5,6,1,22.769318
2025-01-06,SKU_14,WH_3,SUP_1,South,457,3,283,0,5.88,9.37,0,0,23,2025,1,6,0,2,22.752125
2025-01-07,SKU_14,WH_3,SUP_1,South,457,3,283,0,5.88,9.37,0,0,23,2025,1,7,1,2,22.736963
2025-01-08,SKU_14,WH_3,SUP_1,South,457,3,283,0,5.88,9.37,0,0,23,2025,1,8,2,2,22.826717
2025-01-09,SKU_14,WH_3,SUP_1,South,457,3,283,0,5.88,9.37,0,0,23,2025,1,9,3,2,22.814627
2025-01-10,SKU_14,WH_3,SUP_1,South,457,3,283,0,5.88,9.37,0,0,23,2025,1,10,4,2,22.870546
2025-01-11,SKU_14,WH_3,SUP_1,South,457,3,283,0,5.88,9.37,0,0,23,2025,1,11,5,2,22.868475
2025-01-12,SKU_14,WH_3,SUP_1,South,457,3,283,0,5.88,9.37,0,0,23,2025,1,12,6,2,22.849354
2025-01-13,SKU_14,WH_3,SUP_1,South,457,3,283,0,5.88,9.37,0,0,23,2025,1,13,0,3,22.914042
2025-01-14,SKU_14,WH_3,SUP_1,South,457,3,283,0,5.88,9.37,0,0,23,2025,1,14,1,3,22.942337
2025-01-15,SKU_14,WH_3,SUP_1,South,457,3,283,0,5.88,9.37,0,0,23,2025,1,15,2,3,22.918692
2025-01-16,SKU_14,WH_3,SUP_1,South,457,3,283,0,5.88,9.37,0,0,23,2025,1,16,3,3,22.907652
2025-01-17,SKU_14,WH_3,SUP_1,South,457,3,283,0,5.88,9.37,0,0,23,2025,1,17,4,3,22.899166
2025-01-18,SKU_14,WH_3,SUP_1,South,457,3,283,0,5.88,9.37,0,0,23,2025,1,18,5,3,23.025621
2025-01-19,SKU_14,WH_3,SUP_1,South,457,3,283,0,5.88,9.37,0,0,23,2025,1,19,6,3,23.03427
2025-01-20,SKU_14,WH_3,SUP_1,South,457,3,283,0,5.88,9.37,0,0,23,2025,1,20,0,4,22.845078
2025-01-21,SKU_14,WH_3,SUP_1,South,457,3,283,0,5.88,9.37,0,0,23,2025,1,21,1,4,22.911821
2025-01-22,SKU_14,WH_3,SUP_1,South,457,3,283,0,5.88,9.37,0,0,23,2025,1,22,2,4,22.823223
2025-01-23,SKU_14,WH_3,SUP_1,South,457,3,283,0,5.88,9.37,0,0,23,2025,1,23,3,4,22.793724
2025-01-24,SKU_14,WH_3,SUP_1,South,457,3,283,0,5.88,9.37,0,0,23,2025,1,24,4,4,22.79516
2025-01-25,SKU_14,WH_3,SUP_1,South,457,3,283,0,5.88,9.37,0,0,23,2025,1,25,5,4,22.818336
2025-01-26,SKU_14,WH_3,SUP_1,South,457,3,283,0,5.88,9.37,0,0,23,2025,1,26,6,4,22.839458
2025-01-27,SKU_14,WH_3,SUP_1,South,457,3,283,0,5.88,9.37,0,0,23,2025,1,27,0,5,22.644218
2025-01-28,SKU_14,WH_3,SUP_1,South,457,3,283,0,5.88,9.37,0,0,23,2025,1,28,1,5,22.69218
2025-01-29,SKU_14,WH_3,SUP_1,South,457,3,283,0,5.88,9.37,0,0,23,2025,1,29,2,5,22.65305
2024-12-31,SKU_14,WH_2,SUP_2,South,506,14,268,0,18.83,23.34,0,0,14,2024,12,31,1,1,13.2198305
2025-01-01,SKU_14,WH_2,SUP_2,South,506,14,268,0,18.83,23.34,0,0,14,2025,1,1,2,1,14.1839075
2025-01-02,SKU_14,WH_2,SUP_2,South,506,14,268,0,18.83,23.34,0,0,14,2025,1,2,3,1,14.185095
2025-01-03,SKU_14,WH_2,SUP_2,South,506,14,268,0,18.83,23.34,0,0,14,2025,1,3,4,1,14.117065
2025-01-04,SKU_14,WH_2,SUP_2,South,506,14,268,0,18.83,23.34,0,0,14,2025,1,4,5,1,14.071633
2025-01-05,SKU_14,WH_2,SUP_2,South,506,14,268,0,18.83,23.34,0,0,14,2025,1,5,6,1,14.045208
2025-01-06,SKU_14,WH_2,SUP_2,South,506,14,268,0,18.83,23.34,0,0,14,2025,1,6,0,2,13.824561
2025-01-07,SKU_14,WH_2,SUP_2,South,506,14,268,0,18.83,23.34,0,0,14,2025,1,7,1,2,13.755004
2025-01-08,SKU_14,WH_2,SUP_2,South,506,14,268,0,18.83,23.34,0,0,14,2025,1,8,2,2,13.83155
2025-01-09,SKU_14,WH_2,SUP_2,South,506,14,268,0,18.83,23.34,0,0,14,2025,1,9,3,2,13.851567
2025-01-10,SKU_14,WH_2,SUP_2,South,506,14,268,0,18.83,23.34,0,0,14,2025,1,10,4,2,13.938051
2025-01-11,SKU_14,WH_2,SUP_2,South,506,14,268,0,18.83,23.34,0,0,14,2025,1,11,5,2,13.9302025
2025-01-12,SKU_14,WH_2,SUP_2,South,506,14,268,0,18.83,23.34,0,0,14,2025,1,12,6,2,13.8958235
2025-01-13,SKU_14,WH_2,SUP_2,South,506,14,268,0,18.83,23.34,0,0,14,2025,1,13,0,3,13.846247
2025-01-14,SKU_14,WH_2,SUP_2,South,506,14,268,0,18.83,23.34,0,0,14,2025,1,14,1,3,13.969564
2025-01-15,SKU_14,WH_2,SUP_2,South,506,14,268,0,18.83,23.34,0,0,14,2025,1,15,2,3,13.947166
2025-01-16,SKU_14,WH_2,SUP_2,South,506,14,268,0,18.83,23.34,0,0,14,2025,1,16,3,3,13.980263
2025-01-17,SKU_14,WH_2,SUP_2,South,506,14,268,0,18.83,23.34,0,0,14,2025,1,17,4,3,13.980906
2025-01-18,SKU_14,WH_2,SUP_2,South,506,14,268,0,18.83,23.34,0,0,14,2025,1,18,5,3,14.132421
2025-01-19,SKU_14,WH_2,SUP_2,South,506,14,268,0,18.83,23.34,0,0,14,2025,1,19,6,3,14.113029
2025-01-20,SKU_14,WH_2,SUP_2,South,506,14,268,0,18.83,23.34,0,0,14,2025,1,20,0,4,13.619404
2025-01-21,SKU_14,WH_2,SUP_2,South,506,14,268,0,18.83,23.34,0,0,14,2025,1,21,1,4,13.752936
2025-01-22,SKU_14,WH_2,SUP_2,South,506,14,268,0,18.83,23.34,0,0,14,2025,1,22,2,4,13.658904
2025-01-23,SKU_14,WH_2,SUP_2,South,506,14,268,0,18.83,23.34,0,0,14,2025,1,23,3,4,13.715747
2025-01-24,SKU_14,WH_2,SUP_2,South,506,14,268,0,18.83,23.34,0,0,14,2025,1,24,4,4,13.765206
2025-01-25,SKU_14,WH_2,SUP_2,South,506,14,268,0,18.83,23.34,0,0,14,2025,1,25,5,4,13.806932
2025-01-26,SKU_14,WH_2,SUP_2,South,506,14,268,0,18.83,23.34,0,0,14,2025,1,26,6,4,13.801879
2025-01-27,SKU_14,WH_2,SUP_2,South,506,14,268,0,18.83,23.34,0,0,14,2025,1,27,0,5,13.6374235
2025-01-28,SKU_14,WH_2,SUP_2,South,506,14,268,0,18.83,23.34,0,0,14,2025,1,28,1,5,13.75764
2025-01-29,SKU_14,WH_2,SUP_2,South,506,14,268,0,18.83,23.34,0,0,14,2025,1,29,2,5,13.633839
2024-12-31,SKU_14,WH_1,SUP_2,North,457,11,265,0,8.21,11.1,0,0,20,2024,12,31,1,1,19.82437
2025-01-01,SKU_14,WH_1,SUP_2,North,457,11,265,0,8.21,11.1,0,0,20,2025,1,1,2,1,19.864532
2025-01-02,SKU_14,WH_1,SUP_2,North,457,11,265,0,8.21,11.1,0,0,20,2025,1,2,3,1,19.85676
2025-01-03,SKU_14,WH_1,SUP_2,North,457,11,265,0,8.21,11.1,0,0,20,2025,1,3,4,1,20.03502
2025-01-04,SKU_14,WH_1,SUP_2,North,457,11,265,0,8.21,11.1,0,0,20,2025,1,4,5,1,20.149422
2025-01-05,SKU_14,WH_1,SUP_2,North,457,11,265,0,8.21,11.1,0,0,20,2025,1,5,6,1,20.151825
2025-01-06,SKU_14,WH_1,SUP_2,North,457,11,265,0,8.21,11.1,0,0,20,2025,1,6,0,2,20.1406
2025-01-07,SKU_14,WH_1,SUP_2,North,457,11,265,0,8.21,11.1,0,0,20,2025,1,7,1,2,20.064865
2025-01-08,SKU_14,WH_1,SUP_2,North,457,11,265,0,8.21,11.1,0,0,20,2025,1,8,2,2,20.144133
2025-01-09,SKU_14,WH_1,SUP_2,North,457,11,265,0,8.21,11.1,0,0,20,2025,1,9,3,2,20.132042
2025-01-10,SKU_14,WH_1,SUP_2,North,457,11,265,0,8.21,11.1,0,0,20,2025,1,10,4,2,20.155392
2025-01-11,SKU_14,WH_1,SUP_2,North,457,11,265,0,8.21,11.1,0,0,20,2025,1,11,5,2,20.152489
2025-01-12,SKU_14,WH_1,SUP_2,North,457,11,265,0,8.21,11.1,0,0,20,2025,1,12,6,2,20.134155
2025-01-13,SKU_14,WH_1,SUP_2,North,457,11,265,0,8.21,11.1,0,0,20,2025,1,13,0,3,20.218975
2025-01-14,SKU_14,WH_1,SUP_2,North,457,11,265,0,8.21,11.1,0,0,20,2025,1,14,1,3,20.245295
2025-01-15,SKU_14,WH_1,SUP_2,North,457,11,265,0,8.21,11.1,0,0,20,2025,1,15,2,3,20.232258
2025-01-16,SKU_14,WH_1,SUP_2,North,457,11,265,0,8.21,11.1,0,0,20,2025,1,16,3,3,20.218456
2025-01-17,SKU_14,WH_1,SUP_2,North,457,11,265,0,8.21,11.1,0,0,20,2025,1,17,4,3,20.183582
2025-01-18,SKU_14,WH_1,SUP_2,North,457,11,265,0,8.21,11.1,0,0,20,2025,1,18,5,3,20.325554
2025-01-19,SKU_14,WH_1,SUP_2,North,457,11,265,0,8.21,11.1,0,0,20,2025,1,19,6,3,20.354782
2025-01-20,SKU_14,WH_1,SUP_2,North,457,11,265,0,8.21,11.1,0,0,20,2025,1,20,0,4,20.198957
2025-01-21,SKU_14,WH_1,SUP_2,North,457,11,265,0,8.21,11.1,0,0,20,2025,1,21,1,4,20.248257
2025-01-22,SKU_14,WH_1,SUP_2,North,457,11,265,0,8.21,11.1,0,0,20,2025,1,22,2,4,20.163586
2025-01-23,SKU_14,WH_1,SUP_2,North,457,11,265,0,8.21,11.1,0,0,20,2025,1,23,3,4,20.170864
2025-01-24,SKU_14,WH_1,SUP_2,North,457,11,265,0,8.21,11.1,0,0,20,2025,1,24,4,4,20.152967
2025-01-25,SKU_14,WH_1,SUP_2,North,457,11,265,0,8.21,11.1,0,0,20,2025,1,25,5,4,20.19802
2025-01-26,SKU_14,WH_1,SUP_2,North,457,11,265,0,8.21,11.1,0,0,20,2025,1,26,6,4,20.261341
2025-01-27,SKU_14,WH_1,SUP_2,North,457,11,265,0,8.21,11.1,0,0,20,2025,1,27,0,5,19.739624
2025-01-28,SKU_14,WH_1,SUP_2,North,457,11,265,0,8.21,11.1,0,0,20,2025,1,28,1,5,19.772594
2025-01-29,SKU_14,WH_1,SUP_2,North,457,11,265,0,8.21,11.1,0,0,20,2025,1,29,2,5,19.672579
2024-12-31,SKU_13,WH_5,SUP_10,East,576,7,305,0,15.13,23.34,0,0,21,2024,12,31,1,1,20.76046
2025-01-01,SKU_13,WH_5,SUP_10,East,576,7,305,0,15.13,23.34,0,0,21,2025,1,1,2,1,20.743813
2025-01-02,SKU_13,WH_5,SUP_10,East,576,7,305,0,15.13,23.34,0,0,21,2025,1,2,3,1,20.720215
2025-01-03,SKU_13,WH_5,SUP_10,East,576,7,305,0,15.13,23.34,0,0,21,2025,1,3,4,1,20.795486
2025-01-04,SKU_13,WH_5,SUP_10,East,576,7,305,0,15.13,23.34,0,0,21,2025,1,4,5,1,20.887959
2025-01-05,SKU_13,WH_5,SUP_10,East,576,7,305,0,15.13,23.34,0,0,21,2025,1,5,6,1,20.890362
2025-01-06,SKU_13,WH_5,SUP_10,East,576,7,305,0,15.13,23.34,0,0,21,2025,1,6,0,2,20.782051
2025-01-07,SKU_13,WH_5,SUP_10,East,576,7,305,0,15.13,23.34,0,0,21,2025,1,7,1,2,20.758188
2025-01-08,SKU_13,WH_5,SUP_10,East,576,7,305,0,15.13,23.34,0,0,21,2025,1,8,2,2,20.85062
2025-01-09,SKU_13,WH_5,SUP_10,East,576,7,305,0,15.13,23.34,0,0,21,2025,1,9,3,2,20.887337
2025-01-10,SKU_13,WH_5,SUP_10,East,576,7,305,0,15.13,23.34,0,0,21,2025,1,10,4,2,20.94506
2025-01-11,SKU_13,WH_5,SUP_10,East,576,7,305,0,15.13,23.34,0,0,21,2025,1,11,5,2,20.957554
2025-01-12,SKU_13,WH_5,SUP_10,East,576,7,305,0,15.13,23.34,0,0,21,2025,1,12,6,2,20.952003
2025-01-13,SKU_13,WH_5,SUP_10,East,576,7,305,0,15.13,23.34,0,0,21,2025,1,13,0,3,20.956985
2025-01-14,SKU_13,WH_5,SUP_10,East,576,7,305,0,15.13,23.34,0,0,21,2025,1,14,1,3,20.981363
2025-01-15,SKU_13,WH_5,SUP_10,East,576,7,305,0,15.13,23.34,0,0,21,2025,1,15,2,3,20.97763
2025-01-16,SKU_13,WH_5,SUP_10,East,576,7,305,0,15.13,23.34,0,0,21,2025,1,16,3,3,20.97554
2025-01-17,SKU_13,WH_5,SUP_10,East,576,7,305,0,15.13,23.34,0,0,21,2025,1,17,4,3,20.982529
2025-01-18,SKU_13,WH_5,SUP_10,East,576,7,305,0,15.13,23.34,0,0,21,2025,1,18,5,3,21.109772
2025-01-19,SKU_13,WH_5,SUP_10,East,576,7,305,0,15.13,23.34,0,0,21,2025,1,19,6,3,21.112175
2025-01-20,SKU_13,WH_5,SUP_10,East,576,7,305,0,15.13,23.34,0,0,21,2025,1,20,0,4,20.75813
2025-01-21,SKU_13,WH_5,SUP_10,East,576,7,305,0,15.13,23.34,0,0,21,2025,1,21,1,4,20.780622
2025-01-22,SKU_13,WH_5,SUP_10,East,576,7,305,0,15.13,23.34,0,0,21,2025,1,22,2,4,20.76363
2025-01-23,SKU_13,WH_5,SUP_10,East,576,7,305,0,15.13,23.34,0,0,21,2025,1,23,3,4,20.763248
2025-01-24,SKU_13,WH_5,SUP_10,East,576,7,305,0,15.13,23.34,0,0,21,2025,1,24,4,4,20.783497
2025-01-25,SKU_13,WH_5,SUP_10,East,576,7,305,0,15.13,23.34,0,0,21,2025,1,25,5,4,20.831238
2025-01-26,SKU_13,WH_5,SUP_10,East,576,7,305,0,15.13,23.34,0,0,21,2025,1,26,6,4,20.834179
2025-01-27,SKU_13,WH_5,SUP_10,East,576,7,305,0,15.13,23.34,0,0,21,2025,1,27,0,5,20.420223
2025-01-28,SKU_13,WH_5,SUP_10,East,576,7,305,0,15.13,23.34,0,0,21,2025,1,28,1,5,20.476717
2025-01-29,SKU_13,WH_5,SUP_10,East,576,7,305,0,15.13,23.34,0,0,21,2025,1,29,2,5,20.472984
2024-12-31,SKU_13,WH_4,SUP_5,East,352,10,251,0,14.29,19.75,0,0,18,2024,12,31,1,1,17.858992
2025-01-01,SKU_13,WH_4,SUP_5,East,352,10,251,0,14.29,19.75,0,0,18,2025,1,1,2,1,18.138128
2025-01-02,SKU_13,WH_4,SUP_5,East,352,10,251,0,14.29,19.75,0,0,18,2025,1,2,3,1,18.178663
2025-01-03,SKU_13,WH_4,SUP_5,East,352,10,251,0,14.29,19.75,0,0,18,2025,1,3,4,1,18.169207
2025-01-04,SKU_13,WH_4,SUP_5,East,352,10,251,0,14.29,19.75,0,0,18,2025,1,4,5,1,18.26375
2025-01-05,SKU_13,WH_4,SUP_5,East,352,10,251,0,14.29,19.75,0,0,18,2025,1,5,6,1,18.212408
2025-01-06,SKU_13,WH_4,SUP_5,East,352,10,251,0,14.29,19.75,0,0,18,2025,1,6,0,2,18.10913
2025-01-07,SKU_13,WH_4,SUP_5,East,352,10,251,0,14.29,19.75,0,0,18,2025,1,7,1,2,18.018944
2025-01-08,SKU_13,WH_4,SUP_5,East,352,10,251,0,14.29,19.75,0,0,18,2025,1,8,2,2,18.118391
2025-01-09,SKU_13,WH_4,SUP_5,East,352,10,251,0,14.29,19.75,0,0,18,2025,1,9,3,2,18.149794
2025-01-10,SKU_13,WH_4,SUP_5,East,352,10,251,0,14.29,19.75,0,0,18,2025,1,10,4,2,18.107553
2025-01-11,SKU_13,WH_4,SUP_5,East,352,10,251,0,14.29,19.75,0,0,18,2025,1,11,5,2,18.120045
2025-01-12,SKU_13,WH_4,SUP_5,East,352,10,251,0,14.29,19.75,0,0,18,2025,1,12,6,2,18.047964
2025-01-13,SKU_13,WH_4,SUP_5,East,352,10,251,0,14.29,19.75,0,0,18,2025,1,13,0,3,18.086138
2025-01-14,SKU_13,WH_4,SUP_5,East,352,10,251,0,14.29,19.75,0,0,18,2025,1,14,1,3,18.15039
2025-01-15,SKU_13,WH_4,SUP_5,East,352,10,251,0,14.29,19.75,0,0,18,2025,1,15,2,3,18.178507
2025-01-16,SKU_13,WH_4,SUP_5,East,352,10,251,0,14.29,19.75,0,0,18,2025,1,16,3,3,18.208199
2025-01-17,SKU_13,WH_4,SUP_5,East,352,10,251,0,14.29,19.75,0,0,18,2025,1,17,4,3,18.166628
2025-01-18,SKU_13,WH_4,SUP_5,East,352,10,251,0,14.29,19.75,0,0,18,2025,1,18,5,3,18.31441
2025-01-19,SKU_13,WH_4,SUP_5,East,352,10,251,0,14.29,19.75,0,0,18,2025,1,19,6,3,18.289892
2025-01-20,SKU_13,WH_4,SUP_5,East,352,10,251,0,14.29,19.75,0,0,18,2025,1,20,0,4,17.97294
2025-01-21,SKU_13,WH_4,SUP_5,East,352,10,251,0,14.29,19.75,0,0,18,2025,1,21,1,4,17.981024
2025-01-22,SKU_13,WH_4,SUP_5,East,352,10,251,0,14.29,19.75,0,0,18,2025,1,22,2,4,17.989391
2025-01-23,SKU_13,WH_4,SUP_5,East,352,10,251,0,14.29,19.75,0,0,18,2025,1,23,3,4,18.020794
2025-01-24,SKU_13,WH_4,SUP_5,East,352,10,251,0,14.29,19.75,0,0,18,2025,1,24,4,4,17.994013
2025-01-25,SKU_13,WH_4,SUP_5,East,352,10,251,0,14.29,19.75,0,0,18,2025,1,25,5,4,18.041754
2025-01-26,SKU_13,WH_4,SUP_5,East,352,10,251,0,14.29,19.75,0,0,18,2025,1,26,6,4,18.039593
2025-01-27,SKU_13,WH_4,SUP_5,East,352,10,251,0,14.29,19.75,0,0,18,2025,1,27,0,5,17.688301
2025-01-28,SKU_13,WH_4,SUP_5,East,352,10,251,0,14.29,19.75,0,0,18,2025,1,28,1,5,17.72247
2025-01-29,SKU_13,WH_4,SUP_5,East,352,10,251,0,14.29,19.75,0,0,18,2025,1,29,2,5,17.727371
2024-12-31,SKU_19,WH_1,SUP_8,East,346,8,287,0,12.4,18.41,0,0,19,2024,12,31,1,1,19.1877
2025-01-01,SKU_19,WH_1,SUP_8,East,346,8,287,0,12.4,18.41,0,0,19,2025,1,1,2,1,19.338951
2025-01-02,SKU_19,WH_1,SUP_8,East,346,8,287,0,12.4,18.41,0,0,19,2025,1,2,3,1,19.333715
2025-01-03,SKU_19,WH_1,SUP_8,East,346,8,287,0,12.4,18.41,0,0,19,2025,1,3,4,1,19.511976
2025-01-04,SKU_19,WH_1,SUP_8,East,346,8,287,0,12.4,18.41,0,0,19,2025,1,4,5,1,19.60652
2025-01-05,SKU_19,WH_1,SUP_8,East,346,8,287,0,12.4,18.41,0,0,19,2025,1,5,6,1,19.591324
2025-01-06,SKU_19,WH_1,SUP_8,East,346,8,287,0,12.4,18.41,0,0,19,2025,1,6,0,2,19.453362
2025-01-07,SKU_19,WH_1,SUP_8,East,346,8,287,0,12.4,18.41,0,0,19,2025,1,7,1,2,19.400913
2025-01-08,SKU_19,WH_1,SUP_8,East,346,8,287,0,12.4,18.41,0,0,19,2025,1,8,2,2,19.608889
2025-01-09,SKU_19,WH_1,SUP_8,East,346,8,287,0,12.4,18.41,0,0,19,2025,1,9,3,2,19.59881
2025-01-10,SKU_19,WH_1,SUP_8,East,346,8,287,0,12.4,18.41,0,0,19,2025,1,10,4,2,19.55748
2025-01-11,SKU_19,WH_1,SUP_8,East,346,8,287,0,12.4,18.41,0,0,19,2025,1,11,5,2,19.569971
2025-01-12,SKU_19,WH_1,SUP_8,East,346,8,287,0,12.4,18.41,0,0,19,2025,1,12,6,2,19.524351
2025-01-13,SKU_19,WH_1,SUP_8,East,346,8,287,0,12.4,18.41,0,0,19,2025,1,13,0,3,19.47491
2025-01-14,SKU_19,WH_1,SUP_8,East,346,8,287,0,12.4,18.41,0,0,19,2025,1,14,1,3,19.496645
2025-01-15,SKU_19,WH_1,SUP_8,East,346,8,287,0,12.4,18.41,0,0,19,2025,1,15,2,3,19.574173
2025-01-16,SKU_19,WH_1,SUP_8,East,346,8,287,0,12.4,18.41,0,0,19,2025,1,16,3,3,19.550987
2025-01-17,SKU_19,WH_1,SUP_8,East,346,8,287,0,12.4,18.41,0,0,19,2025,1,17,4,3,19.52403
2025-01-18,SKU_19,WH_1,SUP_8,East,346,8,287,0,12.4,18.41,0,0,19,2025,1,18,5,3,19.676456
2025-01-19,SKU_19,WH_1,SUP_8,East,346,8,287,0,12.4,18.41,0,0,19,2025,1,19,6,3,19.663141
2025-01-20,SKU_19,WH_1,SUP_8,East,346,8,287,0,12.4,18.41,0,0,19,2025,1,20,0,4,19.377195
2025-01-21,SKU_19,WH_1,SUP_8,East,346,8,287,0,12.4,18.41,0,0,19,2025,1,21,1,4,19.375378
2025-01-22,SKU_19,WH_1,SUP_8,East,346,8,287,0,12.4,18.41,0,0,19,2025,1,22,2,4,19.433157
2025-01-23,SKU_19,WH_1,SUP_8,East,346,8,287,0,12.4,18.41,0,0,19,2025,1,23,3,4,19.430052
2025-01-24,SKU_19,WH_1,SUP_8,East,346,8,287,0,12.4,18.41,0,0,19,2025,1,24,4,4,19.457287
2025-01-25,SKU_19,WH_1,SUP_8,East,346,8,287,0,12.4,18.41,0,0,19,2025,1,25,5,4,19.513935
2025-01-26,SKU_19,WH_1,SUP_8,East,346,8,287,0,12.4,18.41,0,0,19,2025,1,26,6,4,19.68318
2025-01-27,SKU_19,WH_1,SUP_8,East,346,8,287,0,12.4,18.41,0,0,19,2025,1,27,0,5,18.915375
2025-01-28,SKU_19,WH_1,SUP_8,East,346,8,287,0,12.4,18.41,0,0,19,2025,1,28,1,5,18.950506
2025-01-29,SKU_19,WH_1,SUP_8,East,346,8,287,0,12.4,18.41,0,0,19,2025,1,29,2,5,19.021547
2024-12-31,SKU_13,WH_3,SUP_7,West,511,14,382,0,6.01,8.52,0,0,12,2024,12,31,1,1,11.764516
2025-01-01,SKU_13,WH_3,SUP_7,West,511,14,382,0,6.01,8.52,0,0,12,2025,1,1,2,1,11.879064
2025-01-02,SKU_13,WH_3,SUP_7,West,511,14,382,0,6.01,8.52,0,0,12,2025,1,2,3,1,11.554153
2025-01-03,SKU_13,WH_3,SUP_7,West,511,14,382,0,6.01,8.52,0,0,12,2025,1,3,4,1,11.344814
2025-01-04,SKU_13,WH_3,SUP_7,West,511,14,382,0,6.01,8.52,0,0,12,2025,1,4,5,1,11.331178
2025-01-05,SKU_13,WH_3,SUP_7,West,511,14,382,0,6.01,8.52,0,0,12,2025,1,5,6,1,11.251908
2025-01-06,SKU_13,WH_3,SUP_7,West,511,14,382,0,6.01,8.52,0,0,12,2025,1,6,0,2,11.463409
2025-01-07,SKU_13,WH_3,SUP_7,West,511,14,382,0,6.01,8.52,0,0,12,2025,1,7,1,2,11.467807
2025-01-08,SKU_13,WH_3,SUP_7,West,511,14,382,0,6.01,8.52,0,0,12,2025,1,8,2,2,11.561569
2025-01-09,SKU_13,WH_3,SUP_7,West,511,14,382,0,6.01,8.52,0,0,12,2025,1,9,3,2,11.631844
2025-01-10,SKU_13,WH_3,SUP_7,West,511,14,382,0,6.01,8.52,0,0,12,2025,1,10,4,2,11.62514
2025-01-11,SKU_13,WH_3,SUP_7,West,511,14,382,0,6.01,8.52,0,0,12,2025,1,11,5,2,11.585011
2025-01-12,SKU_13,WH_3,SUP_7,West,511,14,382,0,6.01,8.52,0,0,12,2025,1,12,6,2,11.497787
2025-01-13,SKU_13,WH_3,SUP_7,West,511,14,382,0,6.01,8.52,0,0,12,2025,1,13,0,3,11.558713
2025-01-14,SKU_13,WH_3,SUP_7,West,511,14,382,0,6.01,8.52,0,0,12,2025,1,14,1,3,11.618911
2025-01-15,SKU_13,WH_3,SUP_7,West,511,14,382,0,6.01,8.52,0,0,12,2025,1,15,2,3,11.618095
2025-01-16,SKU_13,WH_3,SUP_7,West,511,14,382,0,6.01,8.52,0,0,12,2025,1,16,3,3,11.66873
2025-01-17,SKU_13,WH_3,SUP_7,West,511,14,382,0,6.01,8.52,0,0,12,2025,1,17,4,3,11.589569
2025-01-18,SKU_13,WH_3,SUP_7,West,511,14,382,0,6.01,8.52,0,0,12,2025,1,18,5,3,11.738208
2025-01-19,SKU_13,WH_3,SUP_7,West,511,14,382,0,6.01,8.52,0,0,12,2025,1,19,6,3,11.685763
2025-01-20,SKU_13,WH_3,SUP_7,West,511,14,382,0,6.01,8.52,0,0,12,2025,1,20,0,4,11.73077
2025-01-21,SKU_13,WH_3,SUP_7,West,511,14,382,0,6.01,8.52,0,0,12,2025,1,21,1,4,11.643274
2025-01-22,SKU_13,WH_3,SUP_7,West,511,14,382,0,6.01,8.52,0,0,12,2025,1,22,2,4,11.631786
2025-01-23,SKU_13,WH_3,SUP_7,West,511,14,382,0,6.01,8.52,0,0,12,2025,1,23,3,4,11.657514
2025-01-24,SKU_13,WH_3,SUP_7,West,511,14,382,0,6.01,8.52,0,0,12,2025,1,24,4,4,11.632089
2025-01-25,SKU_13,WH_3,SUP_7,West,511,14,382,0,6.01,8.52,0,0,12,2025,1,25,5,4,11.647286
2025-01-26,SKU_13,WH_3,SUP_7,West,511,14,382,0,6.01,8.52,0,0,12,2025,1,26,6,4,11.750229
2025-01-27,SKU_13,WH_3,SUP_7,West,511,14,382,0,6.01,8.52,0,0,12,2025,1,27,0,5,11.901049
2025-01-28,SKU_13,WH_3,SUP_7,West,511,14,382,0,6.01,8.52,0,0,12,2025,1,28,1,5,11.861254
2025-01-29,SKU_13,WH_3,SUP_7,West,511,14,382,0,6.01,8.52,0,0,12,2025,1,29,2,5,11.826835
2024-12-31,SKU_19,WH_2,SUP_1,West,470,8,316,0,12.67,18.56,1,0,18,2024,12,31,1,1,18.152637
2025-01-01,SKU_19,WH_2,SUP_1,West,470,8,316,0,12.67,18.56,1,0,18,2025,1,1,2,1,18.244583
2025-01-02,SKU_19,WH_2,SUP_1,West,470,8,316,0,12.67,18.56,1,0,18,2025,1,2,3,1,18.278013
2025-01-03,SKU_19,WH_2,SUP_1,West,470,8,316,0,12.67,18.56,1,0,18,2025,1,3,4,1,18.52698
2025-01-04,SKU_19,WH_2,SUP_1,West,470,8,316,0,12.67,18.56,1,0,18,2025,1,4,5,1,18.619669
2025-01-05,SKU_19,WH_2,SUP_1,West,470,8,316,0,12.67,18.56,1,0,18,2025,1,5,6,1,18.876152
2025-01-06,SKU_19,WH_2,SUP_1,West,470,8,316,0,12.67,18.56,1,0,18,2025,1,6,0,2,18.671972
2025-01-07,SKU_19,WH_2,SUP_1,West,470,8,316,0,12.67,18.56,1,0,18,2025,1,7,1,2,18.80752
2025-01-08,SKU_19,WH_2,SUP_1,West,470,8,316,0,12.67,18.56,1,0,18,2025,1,8,2,2,18.724766
2025-01-09,SKU_19,WH_2,SUP_1,West,470,8,316,0,12.67,18.56,1,0,18,2025,1,9,3,2,18.782797
2025-01-10,SKU_19,WH_2,SUP_1,West,470,8,316,0,12.67,18.56,1,0,18,2025,1,10,4,2,18.838785
2025-01-11,SKU_19,WH_2,SUP_1,West,470,8,316,0,12.67,18.56,1,0,18,2025,1,11,5,2,18.823154
2025-01-12,SKU_19,WH_2,SUP_1,West,470,8,316,0,12.67,18.56,1,0,18,2025,1,12,6,2,18.823086
2025-01-13,SKU_19,WH_2,SUP_1,West,470,8,316,0,12.67,18.56,1,0,18,2025,1,13,0,3,18.46149
2025-01-14,SKU_19,WH_2,SUP_1,West,470,8,316,0,12.67,18.56,1,0,18,2025,1,14,1,3,18.433256
2025-01-15,SKU_19,WH_2,SUP_1,West,470,8,316,0,12.67,18.56,1,0,18,2025,1,15,2,3,18.689407
2025-01-16,SKU_19,WH_2,SUP_1,West,470,8,316,0,12.67,18.56,1,0,18,2025,1,16,3,3,18.7527
2025-01-17,SKU_19,WH_2,SUP_1,West,470,8,316,0,12.67,18.56,1,0,18,2025,1,17,4,3,18.989447
2025-01-18,SKU_19,WH_2,SUP_1,West,470,8,316,0,12.67,18.56,1,0,18,2025,1,18,5,3,18.999166
2025-01-19,SKU_19,WH_2,SUP_1,West,470,8,316,0,12.67,18.56,1,0,18,2025,1,19,6,3,18.977228
2025-01-20,SKU_19,WH_2,SUP_1,West,470,8,316,0,12.67,18.56,1,0,18,2025,1,20,0,4,18.69586
2025-01-21,SKU_19,WH_2,SUP_1,West,470,8,316,0,12.67,18.56,1,0,18,2025,1,21,1,4,18.675264
2025-01-22,SKU_19,WH_2,SUP_1,West,470,8,316,0,12.67,18.56,1,0,18,2025,1,22,2,4,18.692858
2025-01-23,SKU_19,WH_2,SUP_1,West,470,8,316,0,12.67,18.56,1,0,18,2025,1,23,3,4,18.757862
2025-01-24,SKU_19,WH_2,SUP_1,West,470,8,316,0,12.67,18.56,1,0,18,2025,1,24,4,4,18.80938
2025-01-25,SKU_19,WH_2,SUP_1,West,470,8,316,0,12.67,18.56,1,0,18,2025,1,25,5,4,18.824337
2025-01-26,SKU_19,WH_2,SUP_1,West,470,8,316,0,12.67,18.56,1,0,18,2025,1,26,6,4,18.87982
2025-01-27,SKU_19,WH_2,SUP_1,West,470,8,316,0,12.67,18.56,1,0,18,2025,1,27,0,5,18.347075
2025-01-28,SKU_19,WH_2,SUP_1,West,470,8,316,0,12.67,18.56,1,0,18,2025,1,28,1,5,18.307276
2025-01-29,SKU_19,WH_2,SUP_1,West,470,8,316,0,12.67,18.56,1,0,18,2025,1,29,2,5,18.33813
2024-12-31,SKU_19,WH_4,SUP_7,South,343,4,352,0,5.41,7.4,0,0,28,2024,12,31,1,1,28.823723
2025-01-01,SKU_19,WH_4,SUP_7,South,343,4,352,0,5.41,7.4,0,0,28,2025,1,1,2,1,27.843182
2025-01-02,SKU_19,WH_4,SUP_7,South,343,4,352,0,5.41,7.4,0,0,28,2025,1,2,3,1,27.851566
2025-01-03,SKU_19,WH_4,SUP_7,South,343,4,352,0,5.41,7.4,0,0,28,2025,1,3,4,1,27.873718
2025-01-04,SKU_19,WH_4,SUP_7,South,343,4,352,0,5.41,7.4,0,0,28,2025,1,4,5,1,27.794502
2025-01-05,SKU_19,WH_4,SUP_7,South,343,4,352,0,5.41,7.4,0,0,28,2025,1,5,6,1,27.788023
2025-01-06,SKU_19,WH_4,SUP_7,South,343,4,352,0,5.41,7.4,0,0,28,2025,1,6,0,2,28.125782
2025-01-07,SKU_19,WH_4,SUP_7,South,343,4,352,0,5.41,7.4,0,0,28,2025,1,7,1,2,28.09244
2025-01-08,SKU_19,WH_4,SUP_7,South,343,4,352,0,5.41,7.4,0,0,28,2025,1,8,2,2,28.247288
2025-01-09,SKU_19,WH_4,SUP_7,South,343,4,352,0,5.41,7.4,0,0,28,2025,1,9,3,2,28.218555
2025-01-10,SKU_19,WH_4,SUP_7,South,343,4,352,0,5.41,7.4,0,0,28,2025,1,10,4,2,28.150406
2025-01-11,SKU_19,WH_4,SUP_7,South,343,4,352,0,5.41,7.4,0,0,28,2025,1,11,5,2,28.065763
2025-01-12,SKU_19,WH_4,SUP_7,South,343,4,352,0,5.41,7.4,0,0,28,2025,1,12,6,2,28.02886
2025-01-13,SKU_19,WH_4,SUP_7,South,343,4,352,0,5.41,7.4,0,0,28,2025,1,13,0,3,28.23527
2025-01-14,SKU_19,WH_4,SUP_7,South,343,4,352,0,5.41,7.4,0,0,28,2025,1,14,1,3,28.224789
2025-01-15,SKU_19,WH_4,SUP_7,South,343,4,352,0,5.41,7.4,0,0,28,2025,1,15,2,3,28.230627
2025-01-16,SKU_19,WH_4,SUP_7,South,343,4,352,0,5.41,7.4,0,0,28,2025,1,16,3,3,28.22632
2025-01-17,SKU_19,WH_4,SUP_7,South,343,4,352,0,5.41,7.4,0,0,28,2025,1,17,4,3,28.232597
2025-01-18,SKU_19,WH_4,SUP_7,South,343,4,352,0,5.41,7.4,0,0,28,2025,1,18,5,3,28.306995
2025-01-19,SKU_19,WH_4,SUP_7,South,343,4,352,0,5.41,7.4,0,0,28,2025,1,19,6,3,28.260326
2025-01-20,SKU_19,WH_4,SUP_7,South,343,4,352,0,5.41,7.4,0,0,28,2025,1,20,0,4,27.92389
2025-01-21,SKU_19,WH_4,SUP_7,South,343,4,352,0,5.41,7.4,0,0,28,2025,1,21,1,4,27.90722
2025-01-22,SKU_19,WH_4,SUP_7,South,343,4,352,0,5.41,7.4,0,0,28,2025,1,22,2,4,27.91037
2025-01-23,SKU_19,WH_4,SUP_7,South,343,4,352,0,5.41,7.4,0,0,28,2025,1,23,3,4,27.881157
2025-01-24,SKU_19,WH_4,SUP_7,South,343,4,352,0,5.41,7.4,0,0,28,2025,1,24,4,4,27.859886
2025-01-25,SKU_19,WH_4,SUP_7,South,343,4,352,0,5.41,7.4,0,0,28,2025,1,25,5,4,27.782125
2025-01-26,SKU_19,WH_4,SUP_7,South,343,4,352,0,5.41,7.4,0,0,28,2025,1,26,6,4,28.053501
2025-01-27,SKU_19,WH_4,SUP_7,South,343,4,352,0,5.41,7.4,0,0,28,2025,1,27,0,5,28.304382
2025-01-28,SKU_19,WH_4,SUP_7,South,343,4,352,0,5.41,7.4,0,0,28,2025,1,28,1,5,28.32952
2025-01-29,SKU_19,WH_4,SUP_7,South,343,4,352,0,5.41,7.4,0,0,28,2025,1,29,2,5,28.340912
2024-12-31,SKU_25,WH_1,SUP_10,South,595,5,314,0,14.23,20.28,0,0,25,2024,12,31,1,1,24.472479
2025-01-01,SKU_25,WH_1,SUP_10,South,595,5,314,0,14.23,20.28,0,0,25,2025,1,1,2,1,24.690298
2025-01-02,SKU_25,WH_1,SUP_10,South,595,5,314,0,14.23,20.28,0,0,25,2025,1,2,3,1,24.666702
2025-01-03,SKU_25,WH_1,SUP_10,South,595,5,314,0,14.23,20.28,0,0,25,2025,1,3,4,1,24.696041
2025-01-04,SKU_25,WH_1,SUP_10,South,595,5,314,0,14.23,20.28,0,0,25,2025,1,4,5,1,24.759443
2025-01-05,SKU_25,WH_1,SUP_10,South,595,5,314,0,14.23,20.28,0,0,25,2025,1,5,6,1,24.761847
2025-01-06,SKU_25,WH_1,SUP_10,South,595,5,314,0,14.23,20.28,0,0,25,2025,1,6,0,2,24.722122
2025-01-07,SKU_25,WH_1,SUP_10,South,595,5,314,0,14.23,20.28,0,0,25,2025,1,7,1,2,24.71478
2025-01-08,SKU_25,WH_1,SUP_10,South,595,5,314,0,14.23,20.28,0,0,25,2025,1,8,2,2,24.812492
2025-01-09,SKU_25,WH_1,SUP_10,South,595,5,314,0,14.23,20.28,0,0,25,2025,1,9,3,2,24.80514
2025-01-10,SKU_25,WH_1,SUP_10,South,595,5,314,0,14.23,20.28,0,0,25,2025,1,10,4,2,24.818207
2025-01-11,SKU_25,WH_1,SUP_10,South,595,5,314,0,14.23,20.28,0,0,25,2025,1,11,5,2,24.830698
2025-01-12,SKU_25,WH_1,SUP_10,South,595,5,314,0,14.23,20.28,0,0,25,2025,1,12,6,2,24.825148
2025-01-13,SKU_25,WH_1,SUP_10,South,595,5,314,0,14.23,20.28,0,0,25,2025,1,13,0,3,24.893396
2025-01-14,SKU_25,WH_1,SUP_10,South,595,5,314,0,14.23,20.28,0,0,25,2025,1,14,1,3,24.908306
2025-01-15,SKU_25,WH_1,SUP_10,South,595,5,314,0,14.23,20.28,0,0,25,2025,1,15,2,3,24.903214
2025-01-16,SKU_25,WH_1,SUP_10,South,595,5,314,0,14.23,20.28,0,0,25,2025,1,16,3,3,24.901123
2025-01-17,SKU_25,WH_1,SUP_10,South,595,5,314,0,14.23,20.28,0,0,25,2025,1,17,4,3,24.881031
2025-01-18,SKU_25,WH_1,SUP_10,South,595,5,314,0,14.23,20.28,0,0,25,2025,1,18,5,3,25.019999
2025-01-19,SKU_25,WH_1,SUP_10,South,595,5,314,0,14.23,20.28,0,0,25,2025,1,19,6,3,25.018616
2025-01-20,SKU_25,WH_1,SUP_10,South,595,5,314,0,14.23,20.28,0,0,25,2025,1,20,0,4,24.90951
2025-01-21,SKU_25,WH_1,SUP_10,South,595,5,314,0,14.23,20.28,0,0,25,2025,1,21,1,4,24.921482
2025-01-22,SKU_25,WH_1,SUP_10,South,595,5,314,0,14.23,20.28,0,0,25,2025,1,22,2,4,24.903128
2025-01-23,SKU_25,WH_1,SUP_10,South,595,5,314,0,14.23,20.28,0,0,25,2025,1,23,3,4,24.902748
2025-01-24,SKU_25,WH_1,SUP_10,South,595,5,314,0,14.23,20.28,0,0,25,2025,1,24,4,4,24.874382
2025-01-25,SKU_25,WH_1,SUP_10,South,595,5,314,0,14.23,20.28,0,0,25,2025,1,25,5,4,24.922123
2025-01-26,SKU_25,WH_1,SUP_10,South,595,5,314,0,14.23,20.28,0,0,25,2025,1,26,6,4,24.92976
2025-01-27,SKU_25,WH_1,SUP_10,South,595,5,314,0,14.23,20.28,0,0,25,2025,1,27,0,5,24.997648
2025-01-28,SKU_25,WH_1,SUP_10,South,595,5,314,0,14.23,20.28,0,0,25,2025,1,28,1,5,25.04362
2025-01-29,SKU_25,WH_1,SUP_10,South,595,5,314,0,14.23,20.28,0,0,25,2025,1,29,2,5,25.038527
2024-12-31,SKU_24,WH_5,SUP_4,North,523,7,313,0,7.27,12.17,0,0,22,2024,12,31,1,1,21.986048
2025-01-01,SKU_24,WH_5,SUP_4,North,523,7,313,0,7.27,12.17,0,0,22,2025,1,1,2,1,21.868492
2025-01-02,SKU_24,WH_5,SUP_4,North,523,7,313,0,7.27,12.17,0,0,22,2025,1,2,3,1,22.098953
2025-01-03,SKU_24,WH_5,SUP_4,North,523,7,313,0,7.27,12.17,0,0,22,2025,1,3,4,1,22.146063
2025-01-04,SKU_24,WH_5,SUP_4,North,523,7,313,0,7.27,12.17,0,0,22,2025,1,4,5,1,22.195686
2025-01-05,SKU_24,WH_5,SUP_4,North,523,7,313,0,7.27,12.17,0,0,22,2025,1,5,6,1,22.151447
2025-01-06,SKU_24,WH_5,SUP_4,North,523,7,313,0,7.27,12.17,0,0,22,2025,1,6,0,2,22.116014
2025-01-07,SKU_24,WH_5,SUP_4,North,523,7,313,0,7.27,12.17,0,0,22,2025,1,7,1,2,22.095839
2025-01-08,SKU_24,WH_5,SUP_4,North,523,7,313,0,7.27,12.17,0,0,22,2025,1,8,2,2,22.18441
2025-01-09,SKU_24,WH_5,SUP_4,North,523,7,313,0,7.27,12.17,0,0,22,2025,1,9,3,2,22.177057
2025-01-10,SKU_24,WH_5,SUP_4,North,523,7,313,0,7.27,12.17,0,0,22,2025,1,10,4,2,22.206623
2025-01-11,SKU_24,WH_5,SUP_4,North,523,7,313,0,7.27,12.17,0,0,22,2025,1,11,5,2,22.200617
2025-01-12,SKU_24,WH_5,SUP_4,North,523,7,313,0,7.27,12.17,0,0,22,2025,1,12,6,2,22.244278
2025-01-13,SKU_24,WH_5,SUP_4,North,523,7,313,0,7.27,12.17,0,0,22,2025,1,13,0,3,22.339298
2025-01-14,SKU_24,WH_5,SUP_4,North,523,7,313,0,7.27,12.17,0,0,22,2025,1,14,1,3,22.352962
2025-01-15,SKU_24,WH_5,SUP_4,North,523,7,313,0,7.27,12.17,0,0,22,2025,1,15,2,3,22.34923
2025-01-16,SKU_24,WH_5,SUP_4,North,523,7,313,0,7.27,12.17,0,0,22,2025,1,16,3,3,22.34714
2025-01-17,SKU_24,WH_5,SUP_4,North,523,7,313,0,7.27,12.17,0,0,22,2025,1,17,4,3,22.288094
2025-01-18,SKU_24,WH_5,SUP_4,North,523,7,313,0,7.27,12.17,0,0,22,2025,1,18,5,3,22.43145
2025-01-19,SKU_24,WH_5,SUP_4,North,523,7,313,0,7.27,12.17,0,0,22,2025,1,19,6,3,22.437632
2025-01-20,SKU_24,WH_5,SUP_4,North,523,7,313,0,7.27,12.17,0,0,22,2025,1,20,0,4,22.111609
2025-01-21,SKU_24,WH_5,SUP_4,North,523,7,313,0,7.27,12.17,0,0,22,2025,1,21,1,4,22.081863
2025-01-22,SKU_24,WH_5,SUP_4,North,523,7,313,0,7.27,12.17,0,0,22,2025,1,22,2,4,22.064869
2025-01-23,SKU_24,WH_5,SUP_4,North,523,7,313,0,7.27,12.17,0,0,22,2025,1,23,3,4,22.06449
2025-01-24,SKU_24,WH_5,SUP_4,North,523,7,313,0,7.27,12.17,0,0,22,2025,1,24,4,4,22.069939
2025-01-25,SKU_24,WH_5,SUP_4,North,523,7,313,0,7.27,12.17,0,0,22,2025,1,25,5,4,22.124222
2025-01-26,SKU_24,WH_5,SUP_4,North,523,7,313,0,7.27,12.17,0,0,22,2025,1,26,6,4,22.208464
2025-01-27,SKU_24,WH_5,SUP_4,North,523,7,313,0,7.27,12.17,0,0,22,2025,1,27,0,5,22.043816
2025-01-28,SKU_24,WH_5,SUP_4,North,523,7,313,0,7.27,12.17,0,0,22,2025,1,28,1,5,22.05071
2025-01-29,SKU_24,WH_5,SUP_4,North,523,7,313,0,7.27,12.17,0,0,22,2025,1,29,2,5,22.046978
2024-12-31,SKU_24,WH_4,SUP_3,North,321,13,301,0,7.11,12.19,0,0,15,2024,12,31,1,1,14.373342
2025-01-01,SKU_24,WH_4,SUP_3,North,321,13,301,0,7.11,12.19,0,0,15,2025,1,1,2,1,14.604662
2025-01-02,SKU_24,WH_4,SUP_3,North,321,13,301,0,7.11,12.19,0,0,15,2025,1,2,3,1,14.476597
2025-01-03,SKU_24,WH_4,SUP_3,North,321,13,301,0,7.11,12.19,0,0,15,2025,1,3,4,1,14.621894
2025-01-04,SKU_24,WH_4,SUP_3,North,321,13,301,0,7.11,12.19,0,0,15,2025,1,4,5,1,14.7664175
2025-01-05,SKU_24,WH_4,SUP_3,North,321,13,301,0,7.11,12.19,0,0,15,2025,1,5,6,1,14.693351
2025-01-06,SKU_24,WH_4,SUP_3,North,321,13,301,0,7.11,12.19,0,0,15,2025,1,6,0,2,14.598195
2025-01-07,SKU_24,WH_4,SUP_3,North,321,13,301,0,7.11,12.19,0,0,15,2025,1,7,1,2,14.500122
2025-01-08,SKU_24,WH_4,SUP_3,North,321,13,301,0,7.11,12.19,0,0,15,2025,1,8,2,2,14.587996
2025-01-09,SKU_24,WH_4,SUP_3,North,321,13,301,0,7.11,12.19,0,0,15,2025,1,9,3,2,14.587222
2025-01-10,SKU_24,WH_4,SUP_3,North,321,13,301,0,7.11,12.19,0,0,15,2025,1,10,4,2,14.642707
2025-01-11,SKU_24,WH_4,SUP_3,North,321,13,301,0,7.11,12.19,0,0,15,2025,1,11,5,2,14.716725
2025-01-12,SKU_24,WH_4,SUP_3,North,321,13,301,0,7.11,12.19,0,0,15,2025,1,12,6,2,14.694448
2025-01-13,SKU_24,WH_4,SUP_3,North,321,13,301,0,7.11,12.19,0,0,15,2025,1,13,0,3,14.591655
2025-01-14,SKU_24,WH_4,SUP_3,North,321,13,301,0,7.11,12.19,0,0,15,2025,1,14,1,3,14.621062
2025-01-15,SKU_24,WH_4,SUP_3,North,321,13,301,0,7.11,12.19,0,0,15,2025,1,15,2,3,14.631117
2025-01-16,SKU_24,WH_4,SUP_3,North,321,13,301,0,7.11,12.19,0,0,15,2025,1,16,3,3,14.643422
2025-01-17,SKU_24,WH_4,SUP_3,North,321,13,301,0,7.11,12.19,0,0,15,2025,1,17,4,3,14.6582365
2025-01-18,SKU_24,WH_4,SUP_3,North,321,13,301,0,7.11,12.19,0,0,15,2025,1,18,5,3,14.876972
2025-01-19,SKU_24,WH_4,SUP_3,North,321,13,301,0,7.11,12.19,0,0,15,2025,1,19,6,3,14.877372
2025-01-20,SKU_24,WH_4,SUP_3,North,321,13,301,0,7.11,12.19,0,0,15,2025,1,20,0,4,14.517815
2025-01-21,SKU_24,WH_4,SUP_3,North,321,13,301,0,7.11,12.19,0,0,15,2025,1,21,1,4,14.504005
2025-01-22,SKU_24,WH_4,SUP_3,North,321,13,301,0,7.11,12.19,0,0,15,2025,1,22,2,4,14.553228
2025-01-23,SKU_24,WH_4,SUP_3,North,321,13,301,0,7.11,12.19,0,0,15,2025,1,23,3,4,14.567245
2025-01-24,SKU_24,WH_4,SUP_3,North,321,13,301,0,7.11,12.19,0,0,15,2025,1,24,4,4,14.566518
2025-01-25,SKU_24,WH_4,SUP_3,North,321,13,301,0,7.11,12.19,0,0,15,2025,1,25,5,4,14.688491
2025-01-26,SKU_24,WH_4,SUP_3,North,321,13,301,0,7.11,12.19,0,0,15,2025,1,26,6,4,14.722984
2025-01-27,SKU_24,WH_4,SUP_3,North,321,13,301,0,7.11,12.19,0,0,15,2025,1,27,0,5,14.604081
2025-01-28,SKU_24,WH_4,SUP_3,North,321,13,301,0,7.11,12.19,0,0,15,2025,1,28,1,5,14.640224
2025-01-29,SKU_24,WH_4,SUP_3,North,321,13,301,0,7.11,12.19,0,0,15,2025,1,29,2,5,14.650279
2024-12-31,SKU_24,WH_3,SUP_3,South,425,10,209,0,10.59,15.15,0,0,20,2024,12,31,1,1,19.71294
2025-01-01,SKU_24,WH_3,SUP_3,South,425,10,209,0,10.59,15.15,0,0,20,2025,1,1,2,1,19.628178
2025-01-02,SKU_24,WH_3,SUP_3,South,425,10,209,0,10.59,15.15,0,0,20,2025,1,2,3,1,19.684849
2025-01-03,SKU_24,WH_3,SUP_3,South,425,10,209,0,10.59,15.15,0,0,20,2025,1,3,4,1,19.88805
2025-01-04,SKU_24,WH_3,SUP_3,South,425,10,209,0,10.59,15.15,0,0,20,2025,1,4,5,1,19.993273
2025-01-05,SKU_24,WH_3,SUP_3,South,425,10,209,0,10.59,15.15,0,0,20,2025,1,5,6,1,20.102507
2025-01-06,SKU_24,WH_3,SUP_3,South,425,10,209,0,10.59,15.15,0,0,20,2025,1,6,0,2,19.813732
2025-01-07,SKU_24,WH_3,SUP_3,South,425,10,209,0,10.59,15.15,0,0,20,2025,1,7,1,2,19.768898
2025-01-08,SKU_24,WH_3,SUP_3,South,425,10,209,0,10.59,15.15,0,0,20,2025,1,8,2,2,19.836458
2025-01-09,SKU_24,WH_3,SUP_3,South,425,10,209,0,10.59,15.15,0,0,20,2025,1,9,3,2,19.876486
2025-01-10,SKU_24,WH_3,SUP_3,South,425,10,209,0,10.59,15.15,0,0,20,2025,1,10,4,2,19.92086
2025-01-11,SKU_24,WH_3,SUP_3,South,425,10,209,0,10.59,15.15,0,0,20,2025,1,11,5,2,19.928791
2025-01-12,SKU_24,WH_3,SUP_3,South,425,10,209,0,10.59,15.15,0,0,20,2025,1,12,6,2,20.206083
2025-01-13,SKU_24,WH_3,SUP_3,South,425,10,209,0,10.59,15.15,0,0,20,2025,1,13,0,3,19.985949
2025-01-14,SKU_24,WH_3,SUP_3,South,425,10,209,0,10.59,15.15,0,0,20,2025,1,14,1,3,20.11397
2025-01-15,SKU_24,WH_3,SUP_3,South,425,10,209,0,10.59,15.15,0,0,20,2025,1,15,2,3,20.082588
2025-01-16,SKU_24,WH_3,SUP_3,South,425,10,209,0,10.59,15.15,0,0,20,2025,1,16,3,3,20.120905
2025-01-17,SKU_24,WH_3,SUP_3,South,425,10,209,0,10.59,15.15,0,0,20,2025,1,17,4,3,20.04722
2025-01-18,SKU_24,WH_3,SUP_3,South,425,10,209,0,10.59,15.15,0,0,20,2025,1,18,5,3,20.200026
2025-01-19,SKU_24,WH_3,SUP_3,South,425,10,209,0,10.59,15.15,0,0,20,2025,1,19,6,3,20.362934
2025-01-20,SKU_24,WH_3,SUP_3,South,425,10,209,0,10.59,15.15,0,0,20,2025,1,20,0,4,19.799875
2025-01-21,SKU_24,WH_3,SUP_3,South,425,10,209,0,10.59,15.15,0,0,20,2025,1,21,1,4,19.801638
2025-01-22,SKU_24,WH_3,SUP_3,South,425,10,209,0,10.59,15.15,0,0,20,2025,1,22,2,4,19.803255
2025-01-23,SKU_24,WH_3,SUP_3,South,425,10,209,0,10.59,15.15,0,0,20,2025,1,23,3,4,19.843283
2025-01-24,SKU_24,WH_3,SUP_3,South,425,10,209,0,10.59,15.15,0,0,20,2025,1,24,4,4,19.830406
2025-01-25,SKU_24,WH_3,SUP_3,South,425,10,209,0,10.59,15.15,0,0,20,2025,1,25,5,4,19.878147
2025-01-26,SKU_24,WH_3,SUP_3,South,425,10,209,0,10.59,15.15,0,0,20,2025,1,26,6,4,19.878914
2025-01-27,SKU_24,WH_3,SUP_3,South,425,10,209,0,10.59,15.15,0,0,20,2025,1,27,0,5,19.385164
2025-01-28,SKU_24,WH_3,SUP_3,South,425,10,209,0,10.59,15.15,0,0,20,2025,1,28,1,5,19.43311
2025-01-29,SKU_24,WH_3,SUP_3,South,425,10,209,0,10.59,15.15,0,0,20,2025,1,29,2,5,19.394247
2024-12-31,SKU_24,WH_2,SUP_7,North,377,5,365,0,19.69,29.64,0,0,22,2024,12,31,1,1,22.239298
2025-01-01,SKU_24,WH_2,SUP_7,North,377,5,365,0,19.69,29.64,0,0,22,2025,1,1,2,1,22.103102
2025-01-02,SKU_24,WH_2,SUP_7,North,377,5,365,0,19.69,29.64,0,0,22,2025,1,2,3,1,22.097183
2025-01-03,SKU_24,WH_2,SUP_7,North,377,5,365,0,19.69,29.64,0,0,22,2025,1,3,4,1,22.21521
2025-01-04,SKU_24,WH_2,SUP_7,North,377,5,365,0,19.69,29.64,0,0,22,2025,1,4,5,1,22.25807
2025-01-05,SKU_24,WH_2,SUP_7,North,377,5,365,0,19.69,29.64,0,0,22,2025,1,5,6,1,22.268084
2025-01-06,SKU_24,WH_2,SUP_7,North,377,5,365,0,19.69,29.64,0,0,22,2025,1,6,0,2,22.496784
2025-01-07,SKU_24,WH_2,SUP_7,North,377,5,365,0,19.69,29.64,0,0,22,2025,1,7,1,2,22.51233
2025-01-08,SKU_24,WH_2,SUP_7,North,377,5,365,0,19.69,29.64,0,0,22,2025,1,8,2,2,22.493748
2025-01-09,SKU_24,WH_2,SUP_7,North,377,5,365,0,19.69,29.64,0,0,22,2025,1,9,3,2,22.484987
2025-01-10,SKU_24,WH_2,SUP_7,North,377,5,365,0,19.69,29.64,0,0,22,2025,1,10,4,2,22.397417
2025-01-11,SKU_24,WH_2,SUP_7,North,377,5,365,0,19.69,29.64,0,0,22,2025,1,11,5,2,22.389563
2025-01-12,SKU_24,WH_2,SUP_7,North,377,5,365,0,19.69,29.64,0,0,22,2025,1,12,6,2,22.513649
2025-01-13,SKU_24,WH_2,SUP_7,North,377,5,365,0,19.69,29.64,0,0,22,2025,1,13,0,3,22.844912
2025-01-14,SKU_24,WH_2,SUP_7,North,377,5,365,0,19.69,29.64,0,0,22,2025,1,14,1,3,22.575022
2025-01-15,SKU_24,WH_2,SUP_7,North,377,5,365,0,19.69,29.64,0,0,22,2025,1,15,2,3,22.536877
2025-01-16,SKU_24,WH_2,SUP_7,North,377,5,365,0,19.69,29.64,0,0,22,2025,1,16,3,3,22.526556
2025-01-17,SKU_24,WH_2,SUP_7,North,377,5,365,0,19.69,29.64,0,0,22,2025,1,17,4,3,22.411041
2025-01-18,SKU_24,WH_2,SUP_7,North,377,5,365,0,19.69,29.64,0,0,22,2025,1,18,5,3,22.540585
2025-01-19,SKU_24,WH_2,SUP_7,North,377,5,365,0,19.69,29.64,0,0,22,2025,1,19,6,3,22.564322
2025-01-20,SKU_24,WH_2,SUP_7,North,377,5,365,0,19.69,29.64,0,0,22,2025,1,20,0,4,22.652569
2025-01-21,SKU_24,WH_2,SUP_7,North,377,5,365,0,19.69,29.64,0,0,22,2025,1,21,1,4,22.595097
2025-01-22,SKU_24,WH_2,SUP_7,North,377,5,365,0,19.69,29.64,0,0,22,2025,1,22,2,4,22.398891
2025-01-23,SKU_24,WH_2,SUP_7,North,377,5,365,0,19.69,29.64,0,0,22,2025,1,23,3,4,22.361599
2025-01-24,SKU_24,WH_2,SUP_7,North,377,5,365,0,19.69,29.64,0,0,22,2025,1,24,4,4,22.245758
2025-01-25,SKU_24,WH_2,SUP_7,North,377,5,365,0,19.69,29.64,0,0,22,2025,1,25,5,4,22.269003
2025-01-26,SKU_24,WH_2,SUP_7,North,377,5,365,0,19.69,29.64,0,0,22,2025,1,26,6,4,22.350529
2025-01-27,SKU_24,WH_2,SUP_7,North,377,5,365,0,19.69,29.64,0,0,22,2025,1,27,0,5,22.151152
2025-01-28,SKU_24,WH_2,SUP_7,North,377,5,365,0,19.69,29.64,0,0,22,2025,1,28,1,5,22.226841
2025-01-29,SKU_24,WH_2,SUP_7,North,377,5,365,0,19.69,29.64,0,0,22,2025,1,29,2,5,22.278873
2024-12-31,SKU_24,WH_1,SUP_2,East,300,2,288,0,6.14,10.22,0,0,27,2024,12,31,1,1,26.157713
2025-01-01,SKU_24,WH_1,SUP_2,East,300,2,288,0,6.14,10.22,0,0,27,2025,1,1,2,1,26.183245
2025-01-02,SKU_24,WH_1,SUP_2,East,300,2,288,0,6.14,10.22,0,0,27,2025,1,2,3,1,26.273079
2025-01-03,SKU_24,WH_1,SUP_2,East,300,2,288,0,6.14,10.22,0,0,27,2025,1,3,4,1,26.451538
2025-01-04,SKU_24,WH_1,SUP_2,East,300,2,288,0,6.14,10.22,0,0,27,2025,1,4,5,1,26.490051
2025-01-05,SKU_24,WH_1,SUP_2,East,300,2,288,0,6.14,10.22,0,0,27,2025,1,5,6,1,26.445024
2025-01-06,SKU_24,WH_1,SUP_2,East,300,2,288,0,6.14,10.22,0,0,27,2025,1,6,0,2,26.461224
2025-01-07,SKU_24,WH_1,SUP_2,East,300,2,288,0,6.14,10.22,0,0,27,2025,1,7,1,2,26.460108
2025-01-08,SKU_24,WH_1,SUP_2,East,300,2,288,0,6.14,10.22,0,0,27,2025,1,8,2,2,26.576368
2025-01-09,SKU_24,WH_1,SUP_2,East,300,2,288,0,6.14,10.22,0,0,27,2025,1,9,3,2,26.564278
2025-01-10,SKU_24,WH_1,SUP_2,East,300,2,288,0,6.14,10.22,0,0,27,2025,1,10,4,2,26.526655
2025-01-11,SKU_24,WH_1,SUP_2,East,300,2,288,0,6.14,10.22,0,0,27,2025,1,11,5,2,26.53877
2025-01-12,SKU_24,WH_1,SUP_2,East,300,2,288,0,6.14,10.22,0,0,27,2025,1,12,6,2,26.477324
2025-01-13,SKU_24,WH_1,SUP_2,East,300,2,288,0,6.14,10.22,0,0,27,2025,1,13,0,3,26.483059
2025-01-14,SKU_24,WH_1,SUP_2,East,300,2,288,0,6.14,10.22,0,0,27,2025,1,14,1,3,26.582338
2025-01-15,SKU_24,WH_1,SUP_2,East,300,2,288,0,6.14,10.22,0,0,27,2025,1,15,2,3,26.600527
2025-01-16,SKU_24,WH_1,SUP_2,East,300,2,288,0,6.14,10.22,0,0,27,2025,1,16,3,3,26.57234
2025-01-17,SKU_24,WH_1,SUP_2,East,300,2,288,0,6.14,10.22,0,0,27,2025,1,17,4,3,26.610418
2025-01-18,SKU_24,WH_1,SUP_2,East,300,2,288,0,6.14,10.22,0,0,27,2025,1,18,5,3,26.771896
2025-01-19,SKU_24,WH_1,SUP_2,East,300,2,288,0,6.14,10.22,0,0,27,2025,1,19,6,3,26.780537
2025-01-20,SKU_24,WH_1,SUP_2,East,300,2,288,0,6.14,10.22,0,0,27,2025,1,20,0,4,26.700132
2025-01-21,SKU_24,WH_1,SUP_2,East,300,2,288,0,6.14,10.22,0,0,27,2025,1,21,1,4,26.697838
2025-01-22,SKU_24,WH_1,SUP_2,East,300,2,288,0,6.14,10.22,0,0,27,2025,1,22,2,4,26.702765
2025-01-23,SKU_24,WH_1,SUP_2,East,300,2,288,0,6.14,10.22,0,0,27,2025,1,23,3,4,26.82853
2025-01-24,SKU_24,WH_1,SUP_2,East,300,2,288,0,6.14,10.22,0,0,27,2025,1,24,4,4,26.70709
2025-01-25,SKU_24,WH_1,SUP_2,East,300,2,288,0,6.14,10.22,0,0,27,2025,1,25,5,4,26.763056
2025-01-26,SKU_24,WH_1,SUP_2,East,300,2,288,0,6.14,10.22,0,0,27,2025,1,26,6,4,26.835262
2025-01-27,SKU_24,WH_1,SUP_2,East,300,2,288,0,6.14,10.22,0,0,27,2025,1,27,0,5,26.888775
2025-01-28,SKU_24,WH_1,SUP_2,East,300,2,288,0,6.14,10.22,0,0,27,2025,1,28,1,5,26.932602
2025-01-29,SKU_24,WH_1,SUP_2,East,300,2,288,0,6.14,10.22,0,0,27,2025,1,29,2,5,26.89904
2024-12-31,SKU_23,WH_5,SUP_1,North,602,3,383,0,19.43,28.74,0,0,21,2024,12,31,1,1,21.340185
2025-01-01,SKU_23,WH_5,SUP_1,North,602,3,383,0,19.43,28.74,0,0,21,2025,1,1,2,1,21.27288
2025-01-02,SKU_23,WH_5,SUP_1,North,602,3,383,0,19.43,28.74,0,0,21,2025,1,2,3,1,21.303999
2025-01-03,SKU_23,WH_5,SUP_1,North,602,3,383,0,19.43,28.74,0,0,21,2025,1,3,4,1,21.207426
2025-01-04,SKU_23,WH_5,SUP_1,North,602,3,383,0,19.43,28.74,0,0,21,2025,1,4,5,1,21.209015
2025-01-05,SKU_23,WH_5,SUP_1,North,602,3,383,0,19.43,28.74,0,0,21,2025,1,5,6,1,21.201708
2025-01-06,SKU_23,WH_5,SUP_1,North,602,3,383,0,19.43,28.74,0,0,21,2025,1,6,0,2,21.105291
2025-01-07,SKU_23,WH_5,SUP_1,North,602,3,383,0,19.43,28.74,0,0,21,2025,1,7,1,2,21.255934
2025-01-08,SKU_23,WH_5,SUP_1,North,602,3,383,0,19.43,28.74,0,0,21,2025,1,8,2,2,21.30149
2025-01-09,SKU_23,WH_5,SUP_1,North,602,3,383,0,19.43,28.74,0,0,21,2025,1,9,3,2,21.320145
2025-01-10,SKU_23,WH_5,SUP_1,North,602,3,383,0,19.43,28.74,0,0,21,2025,1,10,4,2,21.33989
2025-01-11,SKU_23,WH_5,SUP_1,North,602,3,383,0,19.43,28.74,0,0,21,2025,1,11,5,2,21.344025
2025-01-12,SKU_23,WH_5,SUP_1,North,602,3,383,0,19.43,28.74,0,0,21,2025,1,12,6,2,21.328764
2025-01-13,SKU_23,WH_5,SUP_1,North,602,3,383,0,19.43,28.74,0,0,21,2025,1,13,0,3,21.289925
2025-01-14,SKU_23,WH_5,SUP_1,North,602,3,383,0,19.43,28.74,0,0,21,2025,1,14,1,3,21.436687
2025-01-15,SKU_23,WH_5,SUP_1,North,602,3,383,0,19.43,28.74,0,0,21,2025,1,15,2,3,21.447208
2025-01-16,SKU_23,WH_5,SUP_1,North,602,3,383,0,19.43,28.74,0,0,21,2025,1,16,3,3,21.446125
2025-01-17,SKU_23,WH_5,SUP_1,North,602,3,383,0,19.43,28.74,0,0,21,2025,1,17,4,3,21.380741
2025-01-18,SKU_23,WH_5,SUP_1,North,602,3,383,0,19.43,28.74,0,0,21,2025,1,18,5,3,21.415249
2025-01-19,SKU_23,WH_5,SUP_1,North,602,3,383,0,19.43,28.74,0,0,21,2025,1,19,6,3,21.407942
2025-01-20,SKU_23,WH_5,SUP_1,North,602,3,383,0,19.43,28.74,0,0,21,2025,1,20,0,4,20.804884
2025-01-21,SKU_23,WH_5,SUP_1,North,602,3,383,0,19.43,28.74,0,0,21,2025,1,21,1,4,20.947165
2025-01-22,SKU_23,WH_5,SUP_1,North,602,3,383,0,19.43,28.74,0,0,21,2025,1,22,2,4,20.993036
2025-01-23,SKU_23,WH_5,SUP_1,North,602,3,383,0,19.43,28.74,0,0,21,2025,1,23,3,4,20.975248
2025-01-24,SKU_23,WH_5,SUP_1,North,602,3,383,0,19.43,28.74,0,0,21,2025,1,24,4,4,20.907087
2025-01-25,SKU_23,WH_5,SUP_1,North,602,3,383,0,19.43,28.74,0,0,21,2025,1,25,5,4,20.904812
2025-01-26,SKU_23,WH_5,SUP_1,North,602,3,383,0,19.43,28.74,0,0,21,2025,1,26,6,4,20.95068
2025-01-27,SKU_23,WH_5,SUP_1,North,602,3,383,0,19.43,28.74,0,0,21,2025,1,27,0,5,20.427113
2025-01-28,SKU_23,WH_5,SUP_1,North,602,3,383,0,19.43,28.74,0,0,21,2025,1,28,1,5,20.599562
2025-01-29,SKU_23,WH_5,SUP_1,North,602,3,383,0,19.43,28.74,0,0,21,2025,1,29,2,5,20.848438
2024-12-31,SKU_23,WH_4,SUP_8,North,396,14,236,0,15.4,18.69,0,0,13,2024,12,31,1,1,13.03482
2025-01-01,SKU_23,WH_4,SUP_8,North,396,14,236,0,15.4,18.69,0,0,13,2025,1,1,2,1,13.598312
2025-01-02,SKU_23,WH_4,SUP_8,North,396,14,236,0,15.4,18.69,0,0,13,2025,1,2,3,1,13.488543
2025-01-03,SKU_23,WH_4,SUP_8,North,396,14,236,0,15.4,18.69,0,0,13,2025,1,3,4,1,13.205369
2025-01-04,SKU_23,WH_4,SUP_8,North,396,14,236,0,15.4,18.69,0,0,13,2025,1,4,5,1,13.239825
2025-01-05,SKU_23,WH_4,SUP_8,North,396,14,236,0,15.4,18.69,0,0,13,2025,1,5,6,1,13.224631
2025-01-06,SKU_23,WH_4,SUP_8,North,396,14,236,0,15.4,18.69,0,0,13,2025,1,6,0,2,13.196094
2025-01-07,SKU_23,WH_4,SUP_8,North,396,14,236,0,15.4,18.69,0,0,13,2025,1,7,1,2,13.12372
2025-01-08,SKU_23,WH_4,SUP_8,North,396,14,236,0,15.4,18.69,0,0,13,2025,1,8,2,2,13.21203
2025-01-09,SKU_23,WH_4,SUP_8,North,396,14,236,0,15.4,18.69,0,0,13,2025,1,9,3,2,13.125886
2025-01-10,SKU_23,WH_4,SUP_8,North,396,14,236,0,15.4,18.69,0,0,13,2025,1,10,4,2,13.1687565
2025-01-11,SKU_23,WH_4,SUP_8,North,396,14,236,0,15.4,18.69,0,0,13,2025,1,11,5,2,13.1669855
2025-01-12,SKU_23,WH_4,SUP_8,North,396,14,236,0,15.4,18.69,0,0,13,2025,1,12,6,2,13.131055
2025-01-13,SKU_23,WH_4,SUP_8,North,396,14,236,0,15.4,18.69,0,0,13,2025,1,13,0,3,13.0054035
2025-01-14,SKU_23,WH_4,SUP_8,North,396,14,236,0,15.4,18.69,0,0,13,2025,1,14,1,3,12.978469
2025-01-15,SKU_23,WH_4,SUP_8,North,396,14,236,0,15.4,18.69,0,0,13,2025,1,15,2,3,12.980962
2025-01-16,SKU_23,WH_4,SUP_8,North,396,14,236,0,15.4,18.69,0,0,13,2025,1,16,3,3,12.974896
2025-01-17,SKU_23,WH_4,SUP_8,North,396,14,236,0,15.4,18.69,0,0,13,2025,1,17,4,3,12.95775
2025-01-18,SKU_23,WH_4,SUP_8,North,396,14,236,0,15.4,18.69,0,0,13,2025,1,18,5,3,13.115187
2025-01-19,SKU_23,WH_4,SUP_8,North,396,14,236,0,15.4,18.69,0,0,13,2025,1,19,6,3,13.155964
2025-01-20,SKU_23,WH_4,SUP_8,North,396,14,236,0,15.4,18.69,0,0,13,2025,1,20,0,4,13.014114
2025-01-21,SKU_23,WH_4,SUP_8,North,396,14,236,0,15.4,18.69,0,0,13,2025,1,21,1,4,12.929855
2025-01-22,SKU_23,WH_4,SUP_8,North,396,14,236,0,15.4,18.69,0,0,13,2025,1,22,2,4,12.90643
2025-01-23,SKU_23,WH_4,SUP_8,North,396,14,236,0,15.4,18.69,0,0,13,2025,1,23,3,4,12.920446
2025-01-24,SKU_23,WH_4,SUP_8,North,396,14,236,0,15.4,18.69,0,0,13,2025,1,24,4,4,12.935421
2025-01-25,SKU_23,WH_4,SUP_8,North,396,14,236,0,15.4,18.69,0,0,13,2025,1,25,5,4,12.983225
2025-01-26,SKU_23,WH_4,SUP_8,North,396,14,236,0,15.4,18.69,0,0,13,2025,1,26,6,4,13.001884
2025-01-27,SKU_23,WH_4,SUP_8,North,396,14,236,0,15.4,18.69,0,0,13,2025,1,27,0,5,12.97254
2025-01-28,SKU_23,WH_4,SUP_8,North,396,14,236,0,15.4,18.69,0,0,13,2025,1,28,1,5,12.9759655
2025-01-29,SKU_23,WH_4,SUP_8,North,396,14,236,0,15.4,18.69,0,0,13,2025,1,29,2,5,12.821906
2024-12-31,SKU_23,WH_3,SUP_6,West,376,5,293,0,18.08,23.36,0,0,14,2024,12,31,1,1,13.175671
2025-01-01,SKU_23,WH_3,SUP_6,West,376,5,293,0,18.08,23.36,0,0,14,2025,1,1,2,1,13.585973
2025-01-02,SKU_23,WH_3,SUP_6,West,376,5,293,0,18.08,23.36,0,0,14,2025,1,2,3,1,13.600648
2025-01-03,SKU_23,WH_3,SUP_6,West,376,5,293,0,18.08,23.36,0,0,14,2025,1,3,4,1,13.766289
2025-01-04,SKU_23,WH_3,SUP_6,West,376,5,293,0,18.08,23.36,0,0,14,2025,1,4,5,1,14.015961
2025-01-05,SKU_23,WH_3,SUP_6,West,376,5,293,0,18.08,23.36,0,0,14,2025,1,5,6,1,13.968252
2025-01-06,SKU_23,WH_3,SUP_6,West,376,5,293,0,18.08,23.36,0,0,14,2025,1,6,0,2,13.729327
2025-01-07,SKU_23,WH_3,SUP_6,West,376,5,293,0,18.08,23.36,0,0,14,2025,1,7,1,2,13.696543
2025-01-08,SKU_23,WH_3,SUP_6,West,376,5,293,0,18.08,23.36,0,0,14,2025,1,8,2,2,13.77248
2025-01-09,SKU_23,WH_3,SUP_6,West,376,5,293,0,18.08,23.36,0,0,14,2025,1,9,3,2,13.743945
2025-01-10,SKU_23,WH_3,SUP_6,West,376,5,293,0,18.08,23.36,0,0,14,2025,1,10,4,2,13.76633
2025-01-11,SKU_23,WH_3,SUP_6,West,376,5,293,0,18.08,23.36,0,0,14,2025,1,11,5,2,13.895522
2025-01-12,SKU_23,WH_3,SUP_6,West,376,5,293,0,18.08,23.36,0,0,14,2025,1,12,6,2,13.8173895
2025-01-13,SKU_23,WH_3,SUP_6,West,376,5,293,0,18.08,23.36,0,0,14,2025,1,13,0,3,13.653259
2025-01-14,SKU_23,WH_3,SUP_6,West,376,5,293,0,18.08,23.36,0,0,14,2025,1,14,1,3,13.714389
2025-01-15,SKU_23,WH_3,SUP_6,West,376,5,293,0,18.08,23.36,0,0,14,2025,1,15,2,3,13.70451
2025-01-16,SKU_23,WH_3,SUP_6,West,376,5,293,0,18.08,23.36,0,0,14,2025,1,16,3,3,13.720297
2025-01-17,SKU_23,WH_3,SUP_6,West,376,5,293,0,18.08,23.36,0,0,14,2025,1,17,4,3,13.743466
2025-01-18,SKU_23,WH_3,SUP_6,West,376,5,293,0,18.08,23.36,0,0,14,2025,1,18,5,3,14.010619
2025-01-19,SKU_23,WH_3,SUP_6,West,376,5,293,0,18.08,23.36,0,0,14,2025,1,19,6,3,13.969944
2025-01-20,SKU_23,WH_3,SUP_6,West,376,5,293,0,18.08,23.36,0,0,14,2025,1,20,0,4,13.531213
2025-01-21,SKU_23,WH_3,SUP_6,West,376,5,293,0,18.08,23.36,0,0,14,2025,1,21,1,4,13.624431
2025-01-22,SKU_23,WH_3,SUP_6,West,376,5,293,0,18.08,23.36,0,0,14,2025,1,22,2,4,13.601483
2025-01-23,SKU_23,WH_3,SUP_6,West,376,5,293,0,18.08,23.36,0,0,14,2025,1,23,3,4,13.618981
2025-01-24,SKU_23,WH_3,SUP_6,West,376,5,293,0,18.08,23.36,0,0,14,2025,1,24,4,4,13.650082
2025-01-25,SKU_23,WH_3,SUP_6,West,376,5,293,0,18.08,23.36,0,0,14,2025,1,25,5,4,13.708295
2025-01-26,SKU_23,WH_3,SUP_6,West,376,5,293,0,18.08,23.36,0,0,14,2025,1,26,6,4,13.729823
2025-01-27,SKU_23,WH_3,SUP_6,West,376,5,293,0,18.08,23.36,0,0,14,2025,1,27,0,5,13.662731
2025-01-28,SKU_23,WH_3,SUP_6,West,376,5,293,0,18.08,23.36,0,0,14,2025,1,28,1,5,13.730617
2025-01-29,SKU_23,WH_3,SUP_6,West,376,5,293,0,18.08,23.36,0,0,14,2025,1,29,2,5,13.677692
2024-12-31,SKU_23,WH_2,SUP_6,West,413,12,312,0,6.68,11.81,0,0,14,2024,12,31,1,1,13.50683
2025-01-01,SKU_23,WH_2,SUP_6,West,413,12,312,0,6.68,11.81,0,0,14,2025,1,1,2,1,14.30678
2025-01-02,SKU_23,WH_2,SUP_6,West,413,12,312,0,6.68,11.81,0,0,14,2025,1,2,3,1,14.155899
2025-01-03,SKU_23,WH_2,SUP_6,West,413,12,312,0,6.68,11.81,0,0,14,2025,1,3,4,1,14.2781725
2025-01-04,SKU_23,WH_2,SUP_6,West,413,12,312,0,6.68,11.81,0,0,14,2025,1,4,5,1,14.365407
2025-01-05,SKU_23,WH_2,SUP_6,West,413,12,312,0,6.68,11.81,0,0,14,2025,1,5,6,1,14.338194
2025-01-06,SKU_23,WH_2,SUP_6,West,413,12,312,0,6.68,11.81,0,0,14,2025,1,6,0,2,14.165304
2025-01-07,SKU_23,WH_2,SUP_6,West,413,12,312,0,6.68,11.81,0,0,14,2025,1,7,1,2,14.110573
2025-01-08,SKU_23,WH_2,SUP_6,West,413,12,312,0,6.68,11.81,0,0,14,2025,1,8,2,2,14.185921
2025-01-09,SKU_23,WH_2,SUP_6,West,413,12,312,0,6.68,11.81,0,0,14,2025,1,9,3,2,14.073406
2025-01-10,SKU_23,WH_2,SUP_6,West,413,12,312,0,6.68,11.81,0,0,14,2025,1,10,4,2,14.128894
2025-01-11,SKU_23,WH_2,SUP_6,West,413,12,312,0,6.68,11.81,0,0,14,2025,1,11,5,2,14.141945
2025-01-12,SKU_23,WH_2,SUP_6,West,413,12,312,0,6.68,11.81,0,0,14,2025,1,12,6,2,14.093995
2025-01-13,SKU_23,WH_2,SUP_6,West,413,12,312,0,6.68,11.81,0,0,14,2025,1,13,0,3,14.141626
2025-01-14,SKU_23,WH_2,SUP_6,West,413,12,312,0,6.68,11.81,0,0,14,2025,1,14,1,3,14.150052
2025-01-15,SKU_23,WH_2,SUP_6,West,413,12,312,0,6.68,11.81,0,0,14,2025,1,15,2,3,14.146056
2025-01-16,SKU_23,WH_2,SUP_6,West,413,12,312,0,6.68,11.81,0,0,14,2025,1,16,3,3,14.158361
2025-01-17,SKU_23,WH_2,SUP_6,West,413,12,312,0,6.68,11.81,0,0,14,2025,1,17,4,3,14.145913
2025-01-18,SKU_23,WH_2,SUP_6,West,413,12,312,0,6.68,11.81,0,0,14,2025,1,18,5,3,14.301484
2025-01-19,SKU_23,WH_2,SUP_6,West,413,12,312,0,6.68,11.81,0,0,14,2025,1,19,6,3,14.339173
2025-01-20,SKU_23,WH_2,SUP_6,West,413,12,312,0,6.68,11.81,0,0,14,2025,1,20,0,4,14.131895
2025-01-21,SKU_23,WH_2,SUP_6,West,413,12,312,0,6.68,11.81,0,0,14,2025,1,21,1,4,14.100087
2025-01-22,SKU_23,WH_2,SUP_6,West,413,12,312,0,6.68,11.81,0,0,14,2025,1,22,2,4,14.08283
2025-01-23,SKU_23,WH_2,SUP_6,West,413,12,312,0,6.68,11.81,0,0,14,2025,1,23,3,4,14.096847
2025-01-24,SKU_23,WH_2,SUP_6,West,413,12,312,0,6.68,11.81,0,0,14,2025,1,24,4,4,14.078506
2025-01-25,SKU_23,WH_2,SUP_6,West,413,12,312,0,6.68,11.81,0,0,14,2025,1,25,5,4,14.118958
2025-01-26,SKU_23,WH_2,SUP_6,West,413,12,312,0,6.68,11.81,0,0,14,2025,1,26,6,4,14.160524
2025-01-27,SKU_23,WH_2,SUP_6,West,413,12,312,0,6.68,11.81,0,0,14,2025,1,27,0,5,14.191652
2025-01-28,SKU_23,WH_2,SUP_6,West,413,12,312,0,6.68,11.81,0,0,14,2025,1,28,1,5,14.13673
2025-01-29,SKU_23,WH_2,SUP_6,West,413,12,312,0,6.68,11.81,0,0,14,2025,1,29,2,5,13.999192
2024-12-31,SKU_23,WH_1,SUP_9,North,271,8,239,0,9.05,14.03,0,0,26,2024,12,31,1,1,24.93602
2025-01-01,SKU_23,WH_1,SUP_9,North,271,8,239,0,9.05,14.03,0,0,26,2025,1,1,2,1,25.07694
2025-01-02,SKU_23,WH_1,SUP_9,North,271,8,239,0,9.05,14.03,0,0,26,2025,1,2,3,1,25.109478
2025-01-03,SKU_23,WH_1,SUP_9,North,271,8,239,0,9.05,14.03,0,0,26,2025,1,3,4,1,25.278227
2025-01-04,SKU_23,WH_1,SUP_9,North,271,8,239,0,9.05,14.03,0,0,26,2025,1,4,5,1,25.348612
2025-01-05,SKU_23,WH_1,SUP_9,North,271,8,239,0,9.05,14.03,0,0,26,2025,1,5,6,1,25.363049
2025-01-06,SKU_23,WH_1,SUP_9,North,271,8,239,0,9.05,14.03,0,0,26,2025,1,6,0,2,25.36428
2025-01-07,SKU_23,WH_1,SUP_9,North,271,8,239,0,9.05,14.03,0,0,26,2025,1,7,1,2,25.346342
2025-01-08,SKU_23,WH_1,SUP_9,North,271,8,239,0,9.05,14.03,0,0,26,2025,1,8,2,2,25.428202
2025-01-09,SKU_23,WH_1,SUP_9,North,271,8,239,0,9.05,14.03,0,0,26,2025,1,9,3,2,25.412619
2025-01-10,SKU_23,WH_1,SUP_9,North,271,8,239,0,9.05,14.03,0,0,26,2025,1,10,4,2,25.30307
2025-01-11,SKU_23,WH_1,SUP_9,North,271,8,239,0,9.05,14.03,0,0,26,2025,1,11,5,2,25.29808
2025-01-12,SKU_23,WH_1,SUP_9,North,271,8,239,0,9.05,14.03,0,0,26,2025,1,12,6,2,25.30027
2025-01-13,SKU_23,WH_1,SUP_9,North,271,8,239,0,9.05,14.03,0,0,26,2025,1,13,0,3,25.315563
2025-01-14,SKU_23,WH_1,SUP_9,North,271,8,239,0,9.05,14.03,0,0,26,2025,1,14,1,3,25.408327
2025-01-15,SKU_23,WH_1,SUP_9,North,271,8,239,0,9.05,14.03,0,0,26,2025,1,15,2,3,25.412369
2025-01-16,SKU_23,WH_1,SUP_9,North,271,8,239,0,9.05,14.03,0,0,26,2025,1,16,3,3,25.414602
2025-01-17,SKU_23,WH_1,SUP_9,North,271,8,239,0,9.05,14.03,0,0,26,2025,1,17,4,3,25.398598
2025-01-18,SKU_23,WH_1,SUP_9,North,271,8,239,0,9.05,14.03,0,0,26,2025,1,18,5,3,25.491776
2025-01-19,SKU_23,WH_1,SUP_9,North,271,8,239,0,9.05,14.03,0,0,26,2025,1,19,6,3,25.681587
2025-01-20,SKU_23,WH_1,SUP_9,North,271,8,239,0,9.05,14.03,0,0,26,2025,1,20,0,4,25.407421
2025-01-21,SKU_23,WH_1,SUP_9,North,271,8,239,0,9.05,14.03,0,0,26,2025,1,21,1,4,25.423933
2025-01-22,SKU_23,WH_1,SUP_9,North,271,8,239,0,9.05,14.03,0,0,26,2025,1,22,2,4,25.461111
2025-01-23,SKU_23,WH_1,SUP_9,North,271,8,239,0,9.05,14.03,0,0,26,2025,1,23,3,4,25.474854
2025-01-24,SKU_23,WH_1,SUP_9,North,271,8,239,0,9.05,14.03,0,0,26,2025,1,24,4,4,25.437122
2025-01-25,SKU_23,WH_1,SUP_9,North,271,8,239,0,9.05,14.03,0,0,26,2025,1,25,5,4,25.471943
2025-01-26,SKU_23,WH_1,SUP_9,North,271,8,239,0,9.05,14.03,0,0,26,2025,1,26,6,4,25.547085
2025-01-27,SKU_23,WH_1,SUP_9,North,271,8,239,0,9.05,14.03,0,0,26,2025,1,27,0,5,25.52752
2025-01-28,SKU_23,WH_1,SUP_9,North,271,8,239,0,9.05,14.03,0,0,26,2025,1,28,1,5,25.573675
2025-01-29,SKU_23,WH_1,SUP_9,North,271,8,239,0,9.05,14.03,0,0,26,2025,1,29,2,5,25.469946
2024-12-31,SKU_22,WH_5,SUP_8,North,594,4,326,307,16.45,25.06,0,0,16,2024,12,31,1,1,16.311312
2025-01-01,SKU_22,WH_5,SUP_8,North,594,4,326,307,16.45,25.06,0,0,16,2025,1,1,2,1,16.221273
2025-01-02,SKU_22,WH_5,SUP_8,North,594,4,326,307,16.45,25.06,0,0,16,2025,1,2,3,1,16.372643
2025-01-03,SKU_22,WH_5,SUP_8,North,594,4,326,307,16.45,25.06,0,0,16,2025,1,3,4,1,16.424944
2025-01-04,SKU_22,WH_5,SUP_8,North,594,4,326,307,16.45,25.06,0,0,16,2025,1,4,5,1,16.532457
2025-01-05,SKU_22,WH_5,SUP_8,North,594,4,326,307,16.45,25.06,0,0,16,2025,1,5,6,1,16.34028
2025-01-06,SKU_22,WH_5,SUP_8,North,594,4,326,307,16.45,25.06,0,0,16,2025,1,6,0,2,16.336897
2025-01-07,SKU_22,WH_5,SUP_8,North,594,4,326,307,16.45,25.06,0,0,16,2025,1,7,1,2,16.347218
2025-01-08,SKU_22,WH_5,SUP_8,North,594,4,326,307,16.45,25.06,0,0,16,2025,1,8,2,2,16.440561
2025-01-09,SKU_22,WH_5,SUP_8,North,594,4,326,307,16.45,25.06,0,0,16,2025,1,9,3,2,16.46581
2025-01-10,SKU_22,WH_5,SUP_8,North,594,4,326,307,16.45,25.06,0,0,16,2025,1,10,4,2,16.498951
2025-01-11,SKU_22,WH_5,SUP_8,North,594,4,326,307,16.45,25.06,0,0,16,2025,1,11,5,2,16.555424
2025-01-12,SKU_22,WH_5,SUP_8,North,594,4,326,307,16.45,25.06,0,0,16,2025,1,12,6,2,16.436026
2025-01-13,SKU_22,WH_5,SUP_8,North,594,4,326,307,16.45,25.06,0,0,16,2025,1,13,0,3,16.413498
2025-01-14,SKU_22,WH_5,SUP_8,North,594,4,326,307,16.45,25.06,0,0,16,2025,1,14,1,3,16.465763
2025-01-15,SKU_22,WH_5,SUP_8,North,594,4,326,307,16.45,25.06,0,0,16,2025,1,15,2,3,16.458158
2025-01-16,SKU_22,WH_5,SUP_8,North,594,4,326,307,16.45,25.06,0,0,16,2025,1,16,3,3,16.466831
2025-01-17,SKU_22,WH_5,SUP_8,North,594,4,326,307,16.45,25.06,0,0,16,2025,1,17,4,3,16.456375
2025-01-18,SKU_22,WH_5,SUP_8,North,594,4,326,307,16.45,25.06,0,0,16,2025,1,18,5,3,16.5794
2025-01-19,SKU_22,WH_5,SUP_8,North,594,4,326,307,16.45,25.06,0,0,16,2025,1,19,6,3,16.467957
2025-01-20,SKU_22,WH_5,SUP_8,North,594,4,326,307,16.45,25.06,0,0,16,2025,1,20,0,4,16.267828
2025-01-21,SKU_22,WH_5,SUP_8,North,594,4,326,307,16.45,25.06,0,0,16,2025,1,21,1,4,16.30883
2025-01-22,SKU_22,WH_5,SUP_8,North,594,4,326,307,16.45,25.06,0,0,16,2025,1,22,2,4,16.287964
2025-01-23,SKU_22,WH_5,SUP_8,North,594,4,326,307,16.45,25.06,0,0,16,2025,1,23,3,4,16.313692
2025-01-24,SKU_22,WH_5,SUP_8,North,594,4,326,307,16.45,25.06,0,0,16,2025,1,24,4,4,16.289146
2025-01-25,SKU_22,WH_5,SUP_8,North,594,4,326,307,16.45,25.06,0,0,16,2025,1,25,5,4,16.315844
2025-01-26,SKU_22,WH_5,SUP_8,North,594,4,326,307,16.45,25.06,0,0,16,2025,1,26,6,4,16.221975
2025-01-27,SKU_22,WH_5,SUP_8,North,594,4,326,307,16.45,25.06,0,0,16,2025,1,27,0,5,16.188236
2025-01-28,SKU_22,WH_5,SUP_8,North,594,4,326,307,16.45,25.06,0,0,16,2025,1,28,1,5,16.2795
2025-01-29,SKU_22,WH_5,SUP_8,North,594,4,326,307,16.45,25.06,0,0,16,2025,1,29,2,5,16.271894
2024-12-31,SKU_22,WH_4,SUP_2,South,611,11,374,0,19.16,23.34,0,0,21,2024,12,31,1,1,21.123299
2025-01-01,SKU_22,WH_4,SUP_2,South,611,11,374,0,19.16,23.34,0,0,21,2025,1,1,2,1,20.907917
2025-01-02,SKU_22,WH_4,SUP_2,South,611,11,374,0,19.16,23.34,0,0,21,2025,1,2,3,1,21.06701
2025-01-03,SKU_22,WH_4,SUP_2,South,611,11,374,0,19.16,23.34,0,0,21,2025,1,3,4,1,21.167278
2025-01-04,SKU_22,WH_4,SUP_2,South,611,11,374,0,19.16,23.34,0,0,21,2025,1,4,5,1,21.278677
2025-01-05,SKU_22,WH_4,SUP_2,South,611,11,374,0,19.16,23.34,0,0,21,2025,1,5,6,1,21.192253
2025-01-06,SKU_22,WH_4,SUP_2,South,611,11,374,0,19.16,23.34,0,0,21,2025,1,6,0,2,21.09545
2025-01-07,SKU_22,WH_4,SUP_2,South,611,11,374,0,19.16,23.34,0,0,21,2025,1,7,1,2,21.003288
2025-01-08,SKU_22,WH_4,SUP_2,South,611,11,374,0,19.16,23.34,0,0,21,2025,1,8,2,2,21.107702
2025-01-09,SKU_22,WH_4,SUP_2,South,611,11,374,0,19.16,23.34,0,0,21,2025,1,9,3,2,21.121634
2025-01-10,SKU_22,WH_4,SUP_2,South,611,11,374,0,19.16,23.34,0,0,21,2025,1,10,4,2,21.187613
2025-01-11,SKU_22,WH_4,SUP_2,South,611,11,374,0,19.16,23.34,0,0,21,2025,1,11,5,2,21.274794
2025-01-12,SKU_22,WH_4,SUP_2,South,611,11,374,0,19.16,23.34,0,0,21,2025,1,12,6,2,21.261148
2025-01-13,SKU_22,WH_4,SUP_2,South,611,11,374,0,19.16,23.34,0,0,21,2025,1,13,0,3,21.273447
2025-01-14,SKU_22,WH_4,SUP_2,South,611,11,374,0,19.16,23.34,0,0,21,2025,1,14,1,3,21.333609
2025-01-15,SKU_22,WH_4,SUP_2,South,611,11,374,0,19.16,23.34,0,0,21,2025,1,15,2,3,21.322372
2025-01-16,SKU_22,WH_4,SUP_2,South,611,11,374,0,19.16,23.34,0,0,21,2025,1,16,3,3,21.320282
2025-01-17,SKU_22,WH_4,SUP_2,South,611,11,374,0,19.16,23.34,0,0,21,2025,1,17,4,3,21.347502
2025-01-18,SKU_22,WH_4,SUP_2,South,611,11,374,0,19.16,23.34,0,0,21,2025,1,18,5,3,21.468298
2025-01-19,SKU_22,WH_4,SUP_2,South,611,11,374,0,19.16,23.34,0,0,21,2025,1,19,6,3,21.462606
2025-01-20,SKU_22,WH_4,SUP_2,South,611,11,374,0,19.16,23.34,0,0,21,2025,1,20,0,4,20.896646
2025-01-21,SKU_22,WH_4,SUP_2,South,611,11,374,0,19.16,23.34,0,0,21,2025,1,21,1,4,20.948214
2025-01-22,SKU_22,WH_4,SUP_2,South,611,11,374,0,19.16,23.34,0,0,21,2025,1,22,2,4,20.936878
2025-01-23,SKU_22,WH_4,SUP_2,South,611,11,374,0,19.16,23.34,0,0,21,2025,1,23,3,4,20.955868
2025-01-24,SKU_22,WH_4,SUP_2,South,611,11,374,0,19.16,23.34,0,0,21,2025,1,24,4,4,20.963566
2025-01-25,SKU_22,WH_4,SUP_2,South,611,11,374,0,19.16,23.34,0,0,21,2025,1,25,5,4,21.005611
2025-01-26,SKU_22,WH_4,SUP_2,South,611,11,374,0,19.16,23.34,0,0,21,2025,1,26,6,4,21.005566
2025-01-27,SKU_22,WH_4,SUP_2,South,611,11,374,0,19.16,23.34,0,0,21,2025,1,27,0,5,20.58643
2025-01-28,SKU_22,WH_4,SUP_2,South,611,11,374,0,19.16,23.34,0,0,21,2025,1,28,1,5,20.665215
2025-01-29,SKU_22,WH_4,SUP_2,South,611,11,374,0,19.16,23.34,0,0,21,2025,1,29,2,5,20.659533
2024-12-31,SKU_22,WH_3,SUP_9,West,430,4,211,0,18.38,32.58,0,0,18,2024,12,31,1,1,17.378407
2025-01-01,SKU_22,WH_3,SUP_9,West,430,4,211,0,18.38,32.58,0,0,18,2025,1,1,2,1,17.810839
2025-01-02,SKU_22,WH_3,SUP_9,West,430,4,211,0,18.38,32.58,0,0,18,2025,1,2,3,1,18.00134
2025-01-03,SKU_22,WH_3,SUP_9,West,430,4,211,0,18.38,32.58,0,0,18,2025,1,3,4,1,18.05281
2025-01-04,SKU_22,WH_3,SUP_9,West,430,4,211,0,18.38,32.58,0,0,18,2025,1,4,5,1,18.21726
2025-01-05,SKU_22,WH_3,SUP_9,West,430,4,211,0,18.38,32.58,0,0,18,2025,1,5,6,1,18.046175
2025-01-06,SKU_22,WH_3,SUP_9,West,430,4,211,0,18.38,32.58,0,0,18,2025,1,6,0,2,18.05271
2025-01-07,SKU_22,WH_3,SUP_9,West,430,4,211,0,18.38,32.58,0,0,18,2025,1,7,1,2,18.142155
2025-01-08,SKU_22,WH_3,SUP_9,West,430,4,211,0,18.38,32.58,0,0,18,2025,1,8,2,2,18.193674
2025-01-09,SKU_22,WH_3,SUP_9,West,430,4,211,0,18.38,32.58,0,0,18,2025,1,9,3,2,18.26329
2025-01-10,SKU_22,WH_3,SUP_9,West,430,4,211,0,18.38,32.58,0,0,18,2025,1,10,4,2,18.126802
2025-01-11,SKU_22,WH_3,SUP_9,West,430,4,211,0,18.38,32.58,0,0,18,2025,1,11,5,2,18.185034
2025-01-12,SKU_22,WH_3,SUP_9,West,430,4,211,0,18.38,32.58,0,0,18,2025,1,12,6,2,18.073942
2025-01-13,SKU_22,WH_3,SUP_9,West,430,4,211,0,18.38,32.58,0,0,18,2025,1,13,0,3,18.087458
2025-01-14,SKU_22,WH_3,SUP_9,West,430,4,211,0,18.38,32.58,0,0,18,2025,1,14,1,3,17.992489
2025-01-15,SKU_22,WH_3,SUP_9,West,430,4,211,0,18.38,32.58,0,0,18,2025,1,15,2,3,18.122133
2025-01-16,SKU_22,WH_3,SUP_9,West,430,4,211,0,18.38,32.58,0,0,18,2025,1,16,3,3,18.190039
2025-01-17,SKU_22,WH_3,SUP_9,West,430,4,211,0,18.38,32.58,0,0,18,2025,1,17,4,3,18.098076
2025-01-18,SKU_22,WH_3,SUP_9,West,430,4,211,0,18.38,32.58,0,0,18,2025,1,18,5,3,18.162378
2025-01-19,SKU_22,WH_3,SUP_9,West,430,4,211,0,18.38,32.58,0,0,18,2025,1,19,6,3,18.166538
2025-01-20,SKU_22,WH_3,SUP_9,West,430,4,211,0,18.38,32.58,0,0,18,2025,1,20,0,4,17.798895
2025-01-21,SKU_22,WH_3,SUP_9,West,430,4,211,0,18.38,32.58,0,0,18,2025,1,21,1,4,17.810053
2025-01-22,SKU_22,WH_3,SUP_9,West,430,4,211,0,18.38,32.58,0,0,18,2025,1,22,2,4,17.717793
2025-01-23,SKU_22,WH_3,SUP_9,West,430,4,211,0,18.38,32.58,0,0,18,2025,1,23,3,4,17.826782
2025-01-24,SKU_22,WH_3,SUP_9,West,430,4,211,0,18.38,32.58,0,0,18,2025,1,24,4,4,17.7164
2025-01-25,SKU_22,WH_3,SUP_9,West,430,4,211,0,18.38,32.58,0,0,18,2025,1,25,5,4,17.771156
2025-01-26,SKU_22,WH_3,SUP_9,West,430,4,211,0,18.38,32.58,0,0,18,2025,1,26,6,4,17.628574
2025-01-27,SKU_22,WH_3,SUP_9,West,430,4,211,0,18.38,32.58,0,0,18,2025,1,27,0,5,17.425945
2025-01-28,SKU_22,WH_3,SUP_9,West,430,4,211,0,18.38,32.58,0,0,18,2025,1,28,1,5,17.447866
2025-01-29,SKU_22,WH_3,SUP_9,West,430,4,211,0,18.38,32.58,0,0,18,2025,1,29,2,5,17.327444
2024-12-31,SKU_22,WH_2,SUP_4,North,536,7,261,0,9.82,14.68,0,0,18,2024,12,31,1,1,17.906845
2025-01-01,SKU_22,WH_2,SUP_4,North,536,7,261,0,9.82,14.68,0,0,18,2025,1,1,2,1,17.652203
2025-01-02,SKU_22,WH_2,SUP_4,North,536,7,261,0,9.82,14.68,0,0,18,2025,1,2,3,1,17.856457
2025-01-03,SKU_22,WH_2,SUP_4,North,536,7,261,0,9.82,14.68,0,0,18,2025,1,3,4,1,17.978792
2025-01-04,SKU_22,WH_2,SUP_4,North,536,7,261,0,9.82,14.68,0,0,18,2025,1,4,5,1,18.015533
2025-01-05,SKU_22,WH_2,SUP_4,North,536,7,261,0,9.82,14.68,0,0,18,2025,1,5,6,1,17.88346
2025-01-06,SKU_22,WH_2,SUP_4,North,536,7,261,0,9.82,14.68,0,0,18,2025,1,6,0,2,17.852188
2025-01-07,SKU_22,WH_2,SUP_4,North,536,7,261,0,9.82,14.68,0,0,18,2025,1,7,1,2,17.84371
2025-01-08,SKU_22,WH_2,SUP_4,North,536,7,261,0,9.82,14.68,0,0,18,2025,1,8,2,2,17.937212
2025-01-09,SKU_22,WH_2,SUP_4,North,536,7,261,0,9.82,14.68,0,0,18,2025,1,9,3,2,17.955967
2025-01-10,SKU_22,WH_2,SUP_4,North,536,7,261,0,9.82,14.68,0,0,18,2025,1,10,4,2,18.054955
2025-01-11,SKU_22,WH_2,SUP_4,North,536,7,261,0,9.82,14.68,0,0,18,2025,1,11,5,2,18.037506
2025-01-12,SKU_22,WH_2,SUP_4,North,536,7,261,0,9.82,14.68,0,0,18,2025,1,12,6,2,17.978209
2025-01-13,SKU_22,WH_2,SUP_4,North,536,7,261,0,9.82,14.68,0,0,18,2025,1,13,0,3,18.067516
2025-01-14,SKU_22,WH_2,SUP_4,North,536,7,261,0,9.82,14.68,0,0,18,2025,1,14,1,3,18.098303
2025-01-15,SKU_22,WH_2,SUP_4,North,536,7,261,0,9.82,14.68,0,0,18,2025,1,15,2,3,18.092209
2025-01-16,SKU_22,WH_2,SUP_4,North,536,7,261,0,9.82,14.68,0,0,18,2025,1,16,3,3,18.116226
2025-01-17,SKU_22,WH_2,SUP_4,North,536,7,261,0,9.82,14.68,0,0,18,2025,1,17,4,3,18.16307
2025-01-18,SKU_22,WH_2,SUP_4,North,536,7,261,0,9.82,14.68,0,0,18,2025,1,18,5,3,18.287882
2025-01-19,SKU_22,WH_2,SUP_4,North,536,7,261,0,9.82,14.68,0,0,18,2025,1,19,6,3,18.240318
2025-01-20,SKU_22,WH_2,SUP_4,North,536,7,261,0,9.82,14.68,0,0,18,2025,1,20,0,4,17.981344
2025-01-21,SKU_22,WH_2,SUP_4,North,536,7,261,0,9.82,14.68,0,0,18,2025,1,21,1,4,17.975044
2025-01-22,SKU_22,WH_2,SUP_4,North,536,7,261,0,9.82,14.68,0,0,18,2025,1,22,2,4,17.939133
2025-01-23,SKU_22,WH_2,SUP_4,North,536,7,261,0,9.82,14.68,0,0,18,2025,1,23,3,4,17.96486
2025-01-24,SKU_22,WH_2,SUP_4,North,536,7,261,0,9.82,14.68,0,0,18,2025,1,24,4,4,18.034462
2025-01-25,SKU_22,WH_2,SUP_4,North,536,7,261,0,9.82,14.68,0,0,18,2025,1,25,5,4,18.085884
2025-01-26,SKU_22,WH_2,SUP_4,North,536,7,261,0,9.82,14.68,0,0,18,2025,1,26,6,4,18.178505
2025-01-27,SKU_22,WH_2,SUP_4,North,536,7,261,0,9.82,14.68,0,0,18,2025,1,27,0,5,17.898958
2025-01-28,SKU_22,WH_2,SUP_4,North,536,7,261,0,9.82,14.68,0,0,18,2025,1,28,1,5,17.932291
2025-01-29,SKU_22,WH_2,SUP_4,North,536,7,261,0,9.82,14.68,0,0,18,2025,1,29,2,5,17.892914
2024-12-31,SKU_22,WH_1,SUP_1,North,476,4,282,0,8.88,12.51,0,0,21,2024,12,31,1,1,20.842089
2025-01-01,SKU_22,WH_1,SUP_1,North,476,4,282,0,8.88,12.51,0,0,21,2025,1,1,2,1,20.707306
2025-01-02,SKU_22,WH_1,SUP_1,North,476,4,282,0,8.88,12.51,0,0,21,2025,1,2,3,1,20.63998
2025-01-03,SKU_22,WH_1,SUP_1,North,476,4,282,0,8.88,12.51,0,0,21,2025,1,3,4,1,20.84923
2025-01-04,SKU_22,WH_1,SUP_1,North,476,4,282,0,8.88,12.51,0,0,21,2025,1,4,5,1,20.928139
2025-01-05,SKU_22,WH_1,SUP_1,North,476,4,282,0,8.88,12.51,0,0,21,2025,1,5,6,1,20.84981
2025-01-06,SKU_22,WH_1,SUP_1,North,476,4,282,0,8.88,12.51,0,0,21,2025,1,6,0,2,20.777445
2025-01-07,SKU_22,WH_1,SUP_1,North,476,4,282,0,8.88,12.51,0,0,21,2025,1,7,1,2,20.73281
2025-01-08,SKU_22,WH_1,SUP_1,North,476,4,282,0,8.88,12.51,0,0,21,2025,1,8,2,2,20.822552
2025-01-09,SKU_22,WH_1,SUP_1,North,476,4,282,0,8.88,12.51,0,0,21,2025,1,9,3,2,20.810461
2025-01-10,SKU_22,WH_1,SUP_1,North,476,4,282,0,8.88,12.51,0,0,21,2025,1,10,4,2,20.9365
2025-01-11,SKU_22,WH_1,SUP_1,North,476,4,282,0,8.88,12.51,0,0,21,2025,1,11,5,2,20.919052
2025-01-12,SKU_22,WH_1,SUP_1,North,476,4,282,0,8.88,12.51,0,0,21,2025,1,12,6,2,20.913502
2025-01-13,SKU_22,WH_1,SUP_1,North,476,4,282,0,8.88,12.51,0,0,21,2025,1,13,0,3,20.953613
2025-01-14,SKU_22,WH_1,SUP_1,North,476,4,282,0,8.88,12.51,0,0,21,2025,1,14,1,3,20.970217
2025-01-15,SKU_22,WH_1,SUP_1,North,476,4,282,0,8.88,12.51,0,0,21,2025,1,15,2,3,20.962873
2025-01-16,SKU_22,WH_1,SUP_1,North,476,4,282,0,8.88,12.51,0,0,21,2025,1,16,3,3,20.949072
2025-01-17,SKU_22,WH_1,SUP_1,North,476,4,282,0,8.88,12.51,0,0,21,2025,1,17,4,3,21.022566
2025-01-18,SKU_22,WH_1,SUP_1,North,476,4,282,0,8.88,12.51,0,0,21,2025,1,18,5,3,21.152477
2025-01-19,SKU_22,WH_1,SUP_1,North,476,4,282,0,8.88,12.51,0,0,21,2025,1,19,6,3,21.165691
2025-01-20,SKU_22,WH_1,SUP_1,North,476,4,282,0,8.88,12.51,0,0,21,2025,1,20,0,4,20.756996
2025-01-21,SKU_22,WH_1,SUP_1,North,476,4,282,0,8.88,12.51,0,0,21,2025,1,21,1,4,20.74321
2025-01-22,SKU_22,WH_1,SUP_1,North,476,4,282,0,8.88,12.51,0,0,21,2025,1,22,2,4,20.722605
2025-01-23,SKU_22,WH_1,SUP_1,North,476,4,282,0,8.88,12.51,0,0,21,2025,1,23,3,4,20.710514
2025-01-24,SKU_22,WH_1,SUP_1,North,476,4,282,0,8.88,12.51,0,0,21,2025,1,24,4,4,20.807972
2025-01-25,SKU_22,WH_1,SUP_1,North,476,4,282,0,8.88,12.51,0,0,21,2025,1,25,5,4,20.832819
2025-01-26,SKU_22,WH_1,SUP_1,North,476,4,282,0,8.88,12.51,0,0,21,2025,1,26,6,4,20.855495
2025-01-27,SKU_22,WH_1,SUP_1,North,476,4,282,0,8.88,12.51,0,0,21,2025,1,27,0,5,20.380516
2025-01-28,SKU_22,WH_1,SUP_1,North,476,4,282,0,8.88,12.51,0,0,21,2025,1,28,1,5,20.40632
2025-01-29,SKU_22,WH_1,SUP_1,North,476,4,282,0,8.88,12.51,0,0,21,2025,1,29,2,5,20.398977
2024-12-31,SKU_21,WH_5,SUP_1,North,322,8,309,0,13.11,23.25,0,0,20,2024,12,31,1,1,19.798008
2025-01-01,SKU_21,WH_5,SUP_1,North,322,8,309,0,13.11,23.25,0,0,20,2025,1,1,2,1,19.990286
2025-01-02,SKU_21,WH_5,SUP_1,North,322,8,309,0,13.11,23.25,0,0,20,2025,1,2,3,1,19.969025
2025-01-03,SKU_21,WH_5,SUP_1,North,322,8,309,0,13.11,23.25,0,0,20,2025,1,3,4,1,20.136902
2025-01-04,SKU_21,WH_5,SUP_1,North,322,8,309,0,13.11,23.25,0,0,20,2025,1,4,5,1,20.205975
2025-01-05,SKU_21,WH_5,SUP_1,North,322,8,309,0,13.11,23.25,0,0,20,2025,1,5,6,1,20.208378
2025-01-06,SKU_21,WH_5,SUP_1,North,322,8,309,0,13.11,23.25,0,0,20,2025,1,6,0,2,20.068174
2025-01-07,SKU_21,WH_5,SUP_1,North,322,8,309,0,13.11,23.25,0,0,20,2025,1,7,1,2,19.988798
2025-01-08,SKU_21,WH_5,SUP_1,North,322,8,309,0,13.11,23.25,0,0,20,2025,1,8,2,2,20.076933
2025-01-09,SKU_21,WH_5,SUP_1,North,322,8,309,0,13.11,23.25,0,0,20,2025,1,9,3,2,20.057869
2025-01-10,SKU_21,WH_5,SUP_1,North,322,8,309,0,13.11,23.25,0,0,20,2025,1,10,4,2,20.037254
2025-01-11,SKU_21,WH_5,SUP_1,North,322,8,309,0,13.11,23.25,0,0,20,2025,1,11,5,2,20.026852
2025-01-12,SKU_21,WH_5,SUP_1,North,322,8,309,0,13.11,23.25,0,0,20,2025,1,12,6,2,19.980864
2025-01-13,SKU_21,WH_5,SUP_1,North,322,8,309,0,13.11,23.25,0,0,20,2025,1,13,0,3,19.981524
2025-01-14,SKU_21,WH_5,SUP_1,North,322,8,309,0,13.11,23.25,0,0,20,2025,1,14,1,3,19.96244
2025-01-15,SKU_21,WH_5,SUP_1,North,322,8,309,0,13.11,23.25,0,0,20,2025,1,15,2,3,19.979244
2025-01-16,SKU_21,WH_5,SUP_1,North,322,8,309,0,13.11,23.25,0,0,20,2025,1,16,3,3,19.965443
2025-01-17,SKU_21,WH_5,SUP_1,North,322,8,309,0,13.11,23.25,0,0,20,2025,1,17,4,3,20.007967
2025-01-18,SKU_21,WH_5,SUP_1,North,322,8,309,0,13.11,23.25,0,0,20,2025,1,18,5,3,20.137499
2025-01-19,SKU_21,WH_5,SUP_1,North,322,8,309,0,13.11,23.25,0,0,20,2025,1,19,6,3,20.139902
2025-01-20,SKU_21,WH_5,SUP_1,North,322,8,309,0,13.11,23.25,0,0,20,2025,1,20,0,4,19.967705
2025-01-21,SKU_21,WH_5,SUP_1,North,322,8,309,0,13.11,23.25,0,0,20,2025,1,21,1,4,19.999342
2025-01-22,SKU_21,WH_5,SUP_1,North,322,8,309,0,13.11,23.25,0,0,20,2025,1,22,2,4,19.996397
2025-01-23,SKU_21,WH_5,SUP_1,North,322,8,309,0,13.11,23.25,0,0,20,2025,1,23,3,4,19.984306
2025-01-24,SKU_21,WH_5,SUP_1,North,322,8,309,0,13.11,23.25,0,0,20,2025,1,24,4,4,19.991562
2025-01-25,SKU_21,WH_5,SUP_1,North,322,8,309,0,13.11,23.25,0,0,20,2025,1,25,5,4,20.016409
2025-01-26,SKU_21,WH_5,SUP_1,North,322,8,309,0,13.11,23.25,0,0,20,2025,1,26,6,4,20.041168
2025-01-27,SKU_21,WH_5,SUP_1,North,322,8,309,0,13.11,23.25,0,0,20,2025,1,27,0,5,19.534275
2025-01-28,SKU_21,WH_5,SUP_1,North,322,8,309,0,13.11,23.25,0,0,20,2025,1,28,1,5,19.59991
2025-01-29,SKU_21,WH_5,SUP_1,North,322,8,309,0,13.11,23.25,0,0,20,2025,1,29,2,5,19.543192
2024-12-31,SKU_21,WH_4,SUP_2,North,478,8,379,0,12.65,20.04,0,0,22,2024,12,31,1,1,22.415163
2025-01-01,SKU_21,WH_4,SUP_2,North,478,8,379,0,12.65,20.04,0,0,22,2025,1,1,2,1,22.382475
2025-01-02,SKU_21,WH_4,SUP_2,North,478,8,379,0,12.65,20.04,0,0,22,2025,1,2,3,1,22.36773
2025-01-03,SKU_21,WH_4,SUP_2,North,478,8,379,0,12.65,20.04,0,0,22,2025,1,3,4,1,22.519129
2025-01-04,SKU_21,WH_4,SUP_2,North,478,8,379,0,12.65,20.04,0,0,22,2025,1,4,5,1,22.583927
2025-01-05,SKU_21,WH_4,SUP_2,North,478,8,379,0,12.65,20.04,0,0,22,2025,1,5,6,1,22.578236
2025-01-06,SKU_21,WH_4,SUP_2,North,478,8,379,0,12.65,20.04,0,0,22,2025,1,6,0,2,22.581787
2025-01-07,SKU_21,WH_4,SUP_2,North,478,8,379,0,12.65,20.04,0,0,22,2025,1,7,1,2,22.57161
2025-01-08,SKU_21,WH_4,SUP_2,North,478,8,379,0,12.65,20.04,0,0,22,2025,1,8,2,2,22.657976
2025-01-09,SKU_21,WH_4,SUP_2,North,478,8,379,0,12.65,20.04,0,0,22,2025,1,9,3,2,22.643635
2025-01-10,SKU_21,WH_4,SUP_2,North,478,8,379,0,12.65,20.04,0,0,22,2025,1,10,4,2,22.664738
2025-01-11,SKU_21,WH_4,SUP_2,North,478,8,379,0,12.65,20.04,0,0,22,2025,1,11,5,2,22.654335
2025-01-12,SKU_21,WH_4,SUP_2,North,478,8,379,0,12.65,20.04,0,0,22,2025,1,12,6,2,22.622723
2025-01-13,SKU_21,WH_4,SUP_2,North,478,8,379,0,12.65,20.04,0,0,22,2025,1,13,0,3,22.544394
2025-01-14,SKU_21,WH_4,SUP_2,North,478,8,379,0,12.65,20.04,0,0,22,2025,1,14,1,3,22.578716
2025-01-15,SKU_21,WH_4,SUP_2,North,478,8,379,0,12.65,20.04,0,0,22,2025,1,15,2,3,22.556831
2025-01-16,SKU_21,WH_4,SUP_2,North,478,8,379,0,12.65,20.04,0,0,22,2025,1,16,3,3,22.54303
2025-01-17,SKU_21,WH_4,SUP_2,North,478,8,379,0,12.65,20.04,0,0,22,2025,1,17,4,3,22.50566
2025-01-18,SKU_21,WH_4,SUP_2,North,478,8,379,0,12.65,20.04,0,0,22,2025,1,18,5,3,22.619038
2025-01-19,SKU_21,WH_4,SUP_2,North,478,8,379,0,12.65,20.04,0,0,22,2025,1,19,6,3,22.624157
2025-01-20,SKU_21,WH_4,SUP_2,North,478,8,379,0,12.65,20.04,0,0,22,2025,1,20,0,4,22.052773
2025-01-21,SKU_21,WH_4,SUP_2,North,478,8,379,0,12.65,20.04,0,0,22,2025,1,21,1,4,22.071863
2025-01-22,SKU_21,WH_4,SUP_2,North,478,8,379,0,12.65,20.04,0,0,22,2025,1,22,2,4,22.05298
2025-01-23,SKU_21,WH_4,SUP_2,North,478,8,379,0,12.65,20.04,0,0,22,2025,1,23,3,4,22.060259
2025-01-24,SKU_21,WH_4,SUP_2,North,478,8,379,0,12.65,20.04,0,0,22,2025,1,24,4,4,22.050215
2025-01-25,SKU_21,WH_4,SUP_2,North,478,8,379,0,12.65,20.04,0,0,22,2025,1,25,5,4,22.08113
2025-01-26,SKU_21,WH_4,SUP_2,North,478,8,379,0,12.65,20.04,0,0,22,2025,1,26,6,4,22.09911
2025-01-27,SKU_21,WH_4,SUP_2,North,478,8,379,0,12.65,20.04,0,0,22,2025,1,27,0,5,21.934149
2025-01-28,SKU_21,WH_4,SUP_2,North,478,8,379,0,12.65,20.04,0,0,22,2025,1,28,1,5,21.980457
2025-01-29,SKU_21,WH_4,SUP_2,North,478,8,379,0,12.65,20.04,0,0,22,2025,1,29,2,5,21.926714
2024-12-31,SKU_21,WH_3,SUP_2,East,278,10,283,0,5.75,8.47,0,0,13,2024,12,31,1,1,12.210341
2025-01-01,SKU_21,WH_3,SUP_2,East,278,10,283,0,5.75,8.47,0,0,13,2025,1,1,2,1,13.04975
2025-01-02,SKU_21,WH_3,SUP_2,East,278,10,283,0,5.75,8.47,0,0,13,2025,1,2,3,1,12.775217
2025-01-03,SKU_21,WH_3,SUP_2,East,278,10,283,0,5.75,8.47,0,0,13,2025,1,3,4,1,12.8974905
2025-01-04,SKU_21,WH_3,SUP_2,East,278,10,283,0,5.75,8.47,0,0,13,2025,1,4,5,1,12.930937
2025-01-05,SKU_21,WH_3,SUP_2,East,278,10,283,0,5.75,8.47,0,0,13,2025,1,5,6,1,12.903724
2025-01-06,SKU_21,WH_3,SUP_2,East,278,10,283,0,5.75,8.47,0,0,13,2025,1,6,0,2,13.360369
2025-01-07,SKU_21,WH_3,SUP_2,East,278,10,283,0,5.75,8.47,0,0,13,2025,1,7,1,2,13.209631
2025-01-08,SKU_21,WH_3,SUP_2,East,278,10,283,0,5.75,8.47,0,0,13,2025,1,8,2,2,13.3126745
2025-01-09,SKU_21,WH_3,SUP_2,East,278,10,283,0,5.75,8.47,0,0,13,2025,1,9,3,2,13.311901
2025-01-10,SKU_21,WH_3,SUP_2,East,278,10,283,0,5.75,8.47,0,0,13,2025,1,10,4,2,13.296507
2025-01-11,SKU_21,WH_3,SUP_2,East,278,10,283,0,5.75,8.47,0,0,13,2025,1,11,5,2,13.232241
2025-01-12,SKU_21,WH_3,SUP_2,East,278,10,283,0,5.75,8.47,0,0,13,2025,1,12,6,2,13.165126
2025-01-13,SKU_21,WH_3,SUP_2,East,278,10,283,0,5.75,8.47,0,0,13,2025,1,13,0,3,13.152217
2025-01-14,SKU_21,WH_3,SUP_2,East,278,10,283,0,5.75,8.47,0,0,13,2025,1,14,1,3,13.169094
2025-01-15,SKU_21,WH_3,SUP_2,East,278,10,283,0,5.75,8.47,0,0,13,2025,1,15,2,3,13.194318
2025-01-16,SKU_21,WH_3,SUP_2,East,278,10,283,0,5.75,8.47,0,0,13,2025,1,16,3,3,13.221941
2025-01-17,SKU_21,WH_3,SUP_2,East,278,10,283,0,5.75,8.47,0,0,13,2025,1,17,4,3,13.280349
2025-01-18,SKU_21,WH_3,SUP_2,East,278,10,283,0,5.75,8.47,0,0,13,2025,1,18,5,3,13.36515
2025-01-19,SKU_21,WH_3,SUP_2,East,278,10,283,0,5.75,8.47,0,0,13,2025,1,19,6,3,13.364762
2025-01-20,SKU_21,WH_3,SUP_2,East,278,10,283,0,5.75,8.47,0,0,13,2025,1,20,0,4,13.227994
2025-01-21,SKU_21,WH_3,SUP_2,East,278,10,283,0,5.75,8.47,0,0,13,2025,1,21,1,4,13.131859
2025-01-22,SKU_21,WH_3,SUP_2,East,278,10,283,0,5.75,8.47,0,0,13,2025,1,22,2,4,13.150503
2025-01-23,SKU_21,WH_3,SUP_2,East,278,10,283,0,5.75,8.47,0,0,13,2025,1,23,3,4,13.183888
2025-01-24,SKU_21,WH_3,SUP_2,East,278,10,283,0,5.75,8.47,0,0,13,2025,1,24,4,4,13.115651
2025-01-25,SKU_21,WH_3,SUP_2,East,278,10,283,0,5.75,8.47,0,0,13,2025,1,25,5,4,13.104401
2025-01-26,SKU_21,WH_3,SUP_2,East,278,10,283,0,5.75,8.47,0,0,13,2025,1,26,6,4,13.102015
2025-01-27,SKU_21,WH_3,SUP_2,East,278,10,283,0,5.75,8.47,0,0,13,2025,1,27,0,5,13.150329
2025-01-28,SKU_21,WH_3,SUP_2,East,278,10,283,0,5.75,8.47,0,0,13,2025,1,28,1,5,13.097366
2025-01-29,SKU_21,WH_3,SUP_2,East,278,10,283,0,5.75,8.47,0,0,13,2025,1,29,2,5,13.320955
2024-12-31,SKU_21,WH_2,SUP_1,West,372,7,349,0,8.18,12.0,0,0,18,2024,12,31,1,1,17.794422
2025-01-01,SKU_21,WH_2,SUP_1,West,372,7,349,0,8.18,12.0,0,0,18,2025,1,1,2,1,18.003845
2025-01-02,SKU_21,WH_2,SUP_1,West,372,7,349,0,8.18,12.0,0,0,18,2025,1,2,3,1,18.008692
2025-01-03,SKU_21,WH_2,SUP_1,West,372,7,349,0,8.18,12.0,0,0,18,2025,1,3,4,1,18.148468
2025-01-04,SKU_21,WH_2,SUP_1,West,372,7,349,0,8.18,12.0,0,0,18,2025,1,4,5,1,18.278187
2025-01-05,SKU_21,WH_2,SUP_1,West,372,7,349,0,8.18,12.0,0,0,18,2025,1,5,6,1,18.21875
2025-01-06,SKU_21,WH_2,SUP_1,West,372,7,349,0,8.18,12.0,0,0,18,2025,1,6,0,2,18.127668
2025-01-07,SKU_21,WH_2,SUP_1,West,372,7,349,0,8.18,12.0,0,0,18,2025,1,7,1,2,18.038141
2025-01-08,SKU_21,WH_2,SUP_1,West,372,7,349,0,8.18,12.0,0,0,18,2025,1,8,2,2,18.12078
2025-01-09,SKU_21,WH_2,SUP_1,West,372,7,349,0,8.18,12.0,0,0,18,2025,1,9,3,2,18.128305
2025-01-10,SKU_21,WH_2,SUP_1,West,372,7,349,0,8.18,12.0,0,0,18,2025,1,10,4,2,18.121181
2025-01-11,SKU_21,WH_2,SUP_1,West,372,7,349,0,8.18,12.0,0,0,18,2025,1,11,5,2,18.13807
2025-01-12,SKU_21,WH_2,SUP_1,West,372,7,349,0,8.18,12.0,0,0,18,2025,1,12,6,2,18.03024
2025-01-13,SKU_21,WH_2,SUP_1,West,372,7,349,0,8.18,12.0,0,0,18,2025,1,13,0,3,18.105473
2025-01-14,SKU_21,WH_2,SUP_1,West,372,7,349,0,8.18,12.0,0,0,18,2025,1,14,1,3,18.060507
2025-01-15,SKU_21,WH_2,SUP_1,West,372,7,349,0,8.18,12.0,0,0,18,2025,1,15,2,3,18.048569
2025-01-16,SKU_21,WH_2,SUP_1,West,372,7,349,0,8.18,12.0,0,0,18,2025,1,16,3,3,18.060875
2025-01-17,SKU_21,WH_2,SUP_1,West,372,7,349,0,8.18,12.0,0,0,18,2025,1,17,4,3,18.108255
2025-01-18,SKU_21,WH_2,SUP_1,West,372,7,349,0,8.18,12.0,0,0,18,2025,1,18,5,3,18.255135
2025-01-19,SKU_21,WH_2,SUP_1,West,372,7,349,0,8.18,12.0,0,0,18,2025,1,19,6,3,18.206509
2025-01-20,SKU_21,WH_2,SUP_1,West,372,7,349,0,8.18,12.0,0,0,18,2025,1,20,0,4,17.95703
2025-01-21,SKU_21,WH_2,SUP_1,West,372,7,349,0,8.18,12.0,0,0,18,2025,1,21,1,4,17.946194
2025-01-22,SKU_21,WH_2,SUP_1,West,372,7,349,0,8.18,12.0,0,0,18,2025,1,22,2,4,17.920994
2025-01-23,SKU_21,WH_2,SUP_1,West,372,7,349,0,8.18,12.0,0,0,18,2025,1,23,3,4,17.93501
2025-01-24,SKU_21,WH_2,SUP_1,West,372,7,349,0,8.18,12.0,0,0,18,2025,1,24,4,4,17.925873
2025-01-25,SKU_21,WH_2,SUP_1,West,372,7,349,0,8.18,12.0,0,0,18,2025,1,25,5,4,17.996784
2025-01-26,SKU_21,WH_2,SUP_1,West,372,7,349,0,8.18,12.0,0,0,18,2025,1,26,6,4,17.977816
2025-01-27,SKU_21,WH_2,SUP_1,West,372,7,349,0,8.18,12.0,0,0,18,2025,1,27,0,5,17.697474
2025-01-28,SKU_21,WH_2,SUP_1,West,372,7,349,0,8.18,12.0,0,0,18,2025,1,28,1,5,17.723278
2025-01-29,SKU_21,WH_2,SUP_1,West,372,7,349,0,8.18,12.0,0,0,18,2025,1,29,2,5,17.881277
2024-12-31,SKU_21,WH_1,SUP_8,South,339,11,245,0,19.68,23.66,0,0,22,2024,12,31,1,1,22.75893
2025-01-01,SKU_21,WH_1,SUP_8,South,339,11,245,0,19.68,23.66,0,0,22,2025,1,1,2,1,22.32384
2025-01-02,SKU_21,WH_1,SUP_8,South,339,11,245,0,19.68,23.66,0,0,22,2025,1,2,3,1,22.363691
2025-01-03,SKU_21,WH_1,SUP_8,South,339,11,245,0,19.68,23.66,0,0,22,2025,1,3,4,1,22.566729
2025-01-04,SKU_21,WH_1,SUP_8,South,339,11,245,0,19.68,23.66,0,0,22,2025,1,4,5,1,22.789053
2025-01-05,SKU_21,WH_1,SUP_8,South,339,11,245,0,19.68,23.66,0,0,22,2025,1,5,6,1,22.770174
2025-01-06,SKU_21,WH_1,SUP_8,South,339,11,245,0,19.68,23.66,0,0,22,2025,1,6,0,2,22.486006
2025-01-07,SKU_21,WH_1,SUP_8,South,339,11,245,0,19.68,23.66,0,0,22,2025,1,7,1,2,22.395002
2025-01-08,SKU_21,WH_1,SUP_8,South,339,11,245,0,19.68,23.66,0,0,22,2025,1,8,2,2,22.482946
2025-01-09,SKU_21,WH_1,SUP_8,South,339,11,245,0,19.68,23.66,0,0,22,2025,1,9,3,2,22.493822
2025-01-10,SKU_21,WH_1,SUP_8,South,339,11,245,0,19.68,23.66,0,0,22,2025,1,10,4,2,22.486864
2025-01-11,SKU_21,WH_1,SUP_8,South,339,11,245,0,19.68,23.66,0,0,22,2025,1,11,5,2,22.432688
2025-01-12,SKU_21,WH_1,SUP_8,South,339,11,245,0,19.68,23.66,0,0,22,2025,1,12,6,2,22.375105
2025-01-13,SKU_21,WH_1,SUP_8,South,339,11,245,0,19.68,23.66,0,0,22,2025,1,13,0,3,22.44702
2025-01-14,SKU_21,WH_1,SUP_8,South,339,11,245,0,19.68,23.66,0,0,22,2025,1,14,1,3,22.453396
2025-01-15,SKU_21,WH_1,SUP_8,South,339,11,245,0,19.68,23.66,0,0,22,2025,1,15,2,3,22.448885
2025-01-16,SKU_21,WH_1,SUP_8,South,339,11,245,0,19.68,23.66,0,0,22,2025,1,16,3,3,22.43758
2025-01-17,SKU_21,WH_1,SUP_8,South,339,11,245,0,19.68,23.66,0,0,22,2025,1,17,4,3,22.468477
2025-01-18,SKU_21,WH_1,SUP_8,South,339,11,245,0,19.68,23.66,0,0,22,2025,1,18,5,3,22.68409
2025-01-19,SKU_21,WH_1,SUP_8,South,339,11,245,0,19.68,23.66,0,0,22,2025,1,19,6,3,22.687325
2025-01-20,SKU_21,WH_1,SUP_8,South,339,11,245,0,19.68,23.66,0,0,22,2025,1,20,0,4,22.135689
2025-01-21,SKU_21,WH_1,SUP_8,South,339,11,245,0,19.68,23.66,0,0,22,2025,1,21,1,4,22.158525
2025-01-22,SKU_21,WH_1,SUP_8,South,339,11,245,0,19.68,23.66,0,0,22,2025,1,22,2,4,22.116648
2025-01-23,SKU_21,WH_1,SUP_8,South,339,11,245,0,19.68,23.66,0,0,22,2025,1,23,3,4,22.125423
2025-01-24,SKU_21,WH_1,SUP_8,South,339,11,245,0,19.68,23.66,0,0,22,2025,1,24,4,4,22.062012
2025-01-25,SKU_21,WH_1,SUP_8,South,339,11,245,0,19.68,23.66,0,0,22,2025,1,25,5,4,22.15845
2025-01-26,SKU_21,WH_1,SUP_8,South,339,11,245,0,19.68,23.66,0,0,22,2025,1,26,6,4,22.209002
2025-01-27,SKU_21,WH_1,SUP_8,South,339,11,245,0,19.68,23.66,0,0,22,2025,1,27,0,5,21.899956
2025-01-28,SKU_21,WH_1,SUP_8,South,339,11,245,0,19.68,23.66,0,0,22,2025,1,28,1,5,21.986748
2025-01-29,SKU_21,WH_1,SUP_8,South,339,11,245,0,19.68,23.66,0,0,22,2025,1,29,2,5,21.935236
2024-12-31,SKU_20,WH_5,SUP_5,West,447,2,246,0,10.07,18.03,0,0,20,2024,12,31,1,1,19.64373
2025-01-01,SKU_20,WH_5,SUP_5,West,447,2,246,0,10.07,18.03,0,0,20,2025,1,1,2,1,20.03259
2025-01-02,SKU_20,WH_5,SUP_5,West,447,2,246,0,10.07,18.03,0,0,20,2025,1,2,3,1,20.024818
2025-01-03,SKU_20,WH_5,SUP_5,West,447,2,246,0,10.07,18.03,0,0,20,2025,1,3,4,1,20.19124
2025-01-04,SKU_20,WH_5,SUP_5,West,447,2,246,0,10.07,18.03,0,0,20,2025,1,4,5,1,20.179901
2025-01-05,SKU_20,WH_5,SUP_5,West,447,2,246,0,10.07,18.03,0,0,20,2025,1,5,6,1,20.15853
2025-01-06,SKU_20,WH_5,SUP_5,West,447,2,246,0,10.07,18.03,0,0,20,2025,1,6,0,2,20.103243
2025-01-07,SKU_20,WH_5,SUP_5,West,447,2,246,0,10.07,18.03,0,0,20,2025,1,7,1,2,20.051842
2025-01-08,SKU_20,WH_5,SUP_5,West,447,2,246,0,10.07,18.03,0,0,20,2025,1,8,2,2,20.178385
2025-01-09,SKU_20,WH_5,SUP_5,West,447,2,246,0,10.07,18.03,0,0,20,2025,1,9,3,2,20.139565
2025-01-10,SKU_20,WH_5,SUP_5,West,447,2,246,0,10.07,18.03,0,0,20,2025,1,10,4,2,20.151075
2025-01-11,SKU_20,WH_5,SUP_5,West,447,2,246,0,10.07,18.03,0,0,20,2025,1,11,5,2,20.163567
2025-01-12,SKU_20,WH_5,SUP_5,West,447,2,246,0,10.07,18.03,0,0,20,2025,1,12,6,2,20.121458
2025-01-13,SKU_20,WH_5,SUP_5,West,447,2,246,0,10.07,18.03,0,0,20,2025,1,13,0,3,20.098207
2025-01-14,SKU_20,WH_5,SUP_5,West,447,2,246,0,10.07,18.03,0,0,20,2025,1,14,1,3,20.128906
2025-01-15,SKU_20,WH_5,SUP_5,West,447,2,246,0,10.07,18.03,0,0,20,2025,1,15,2,3,20.165655
2025-01-16,SKU_20,WH_5,SUP_5,West,447,2,246,0,10.07,18.03,0,0,20,2025,1,16,3,3,20.151854
2025-01-17,SKU_20,WH_5,SUP_5,West,447,2,246,0,10.07,18.03,0,0,20,2025,1,17,4,3,20.117258
2025-01-18,SKU_20,WH_5,SUP_5,West,447,2,246,0,10.07,18.03,0,0,20,2025,1,18,5,3,20.26322
2025-01-19,SKU_20,WH_5,SUP_5,West,447,2,246,0,10.07,18.03,0,0,20,2025,1,19,6,3,20.245626
2025-01-20,SKU_20,WH_5,SUP_5,West,447,2,246,0,10.07,18.03,0,0,20,2025,1,20,0,4,20.112816
2025-01-21,SKU_20,WH_5,SUP_5,West,447,2,246,0,10.07,18.03,0,0,20,2025,1,21,1,4,20.103565
2025-01-22,SKU_20,WH_5,SUP_5,West,447,2,246,0,10.07,18.03,0,0,20,2025,1,22,2,4,20.127052
2025-01-23,SKU_20,WH_5,SUP_5,West,447,2,246,0,10.07,18.03,0,0,20,2025,1,23,3,4,20.187315
2025-01-24,SKU_20,WH_5,SUP_5,West,447,2,246,0,10.07,18.03,0,0,20,2025,1,24,4,4,20.02455
2025-01-25,SKU_20,WH_5,SUP_5,West,447,2,246,0,10.07,18.03,0,0,20,2025,1,25,5,4,20.07229
2025-01-26,SKU_20,WH_5,SUP_5,West,447,2,246,0,10.07,18.03,0,0,20,2025,1,26,6,4,20.088789
2025-01-27,SKU_20,WH_5,SUP_5,West,447,2,246,0,10.07,18.03,0,0,20,2025,1,27,0,5,19.635817
2025-01-28,SKU_20,WH_5,SUP_5,West,447,2,246,0,10.07,18.03,0,0,20,2025,1,28,1,5,19.655602
2025-01-29,SKU_20,WH_5,SUP_5,West,447,2,246,0,10.07,18.03,0,0,20,2025,1,29,2,5,19.675623
2024-12-31,SKU_20,WH_4,SUP_6,North,344,2,327,0,16.89,23.51,0,0,17,2024,12,31,1,1,17.074638
2025-01-01,SKU_20,WH_4,SUP_6,North,344,2,327,0,16.89,23.51,0,0,17,2025,1,1,2,1,17.074636
2025-01-02,SKU_20,WH_4,SUP_6,North,344,2,327,0,16.89,23.51,0,0,17,2025,1,2,3,1,17.094255
2025-01-03,SKU_20,WH_4,SUP_6,North,344,2,327,0,16.89,23.51,0,0,17,2025,1,3,4,1,17.268225
2025-01-04,SKU_20,WH_4,SUP_6,North,344,2,327,0,16.89,23.51,0,0,17,2025,1,4,5,1,17.33585
2025-01-05,SKU_20,WH_4,SUP_6,North,344,2,327,0,16.89,23.51,0,0,17,2025,1,5,6,1,17.2495
2025-01-06,SKU_20,WH_4,SUP_6,North,344,2,327,0,16.89,23.51,0,0,17,2025,1,6,0,2,17.086784
2025-01-07,SKU_20,WH_4,SUP_6,North,344,2,327,0,16.89,23.51,0,0,17,2025,1,7,1,2,17.045774
2025-01-08,SKU_20,WH_4,SUP_6,North,344,2,327,0,16.89,23.51,0,0,17,2025,1,8,2,2,17.189445
2025-01-09,SKU_20,WH_4,SUP_6,North,344,2,327,0,16.89,23.51,0,0,17,2025,1,9,3,2,17.141155
2025-01-10,SKU_20,WH_4,SUP_6,North,344,2,327,0,16.89,23.51,0,0,17,2025,1,10,4,2,17.200752
2025-01-11,SKU_20,WH_4,SUP_6,North,344,2,327,0,16.89,23.51,0,0,17,2025,1,11,5,2,17.19035
2025-01-12,SKU_20,WH_4,SUP_6,North,344,2,327,0,16.89,23.51,0,0,17,2025,1,12,6,2,17.053698
2025-01-13,SKU_20,WH_4,SUP_6,North,344,2,327,0,16.89,23.51,0,0,17,2025,1,13,0,3,16.964155
2025-01-14,SKU_20,WH_4,SUP_6,North,344,2,327,0,16.89,23.51,0,0,17,2025,1,14,1,3,16.996428
2025-01-15,SKU_20,WH_4,SUP_6,North,344,2,327,0,16.89,23.51,0,0,17,2025,1,15,2,3,17.061474
2025-01-16,SKU_20,WH_4,SUP_6,North,344,2,327,0,16.89,23.51,0,0,17,2025,1,16,3,3,17.077261
2025-01-17,SKU_20,WH_4,SUP_6,North,344,2,327,0,16.89,23.51,0,0,17,2025,1,17,4,3,17.078009
2025-01-18,SKU_20,WH_4,SUP_6,North,344,2,327,0,16.89,23.51,0,0,17,2025,1,18,5,3,17.202896
2025-01-19,SKU_20,WH_4,SUP_6,North,344,2,327,0,16.89,23.51,0,0,17,2025,1,19,6,3,17.12358
2025-01-20,SKU_20,WH_4,SUP_6,North,344,2,327,0,16.89,23.51,0,0,17,2025,1,20,0,4,16.853436
2025-01-21,SKU_20,WH_4,SUP_6,North,344,2,327,0,16.89,23.51,0,0,17,2025,1,21,1,4,16.968697
2025-01-22,SKU_20,WH_4,SUP_6,North,344,2,327,0,16.89,23.51,0,0,17,2025,1,22,2,4,17.013994
2025-01-23,SKU_20,WH_4,SUP_6,North,344,2,327,0,16.89,23.51,0,0,17,2025,1,23,3,4,17.086437
2025-01-24,SKU_20,WH_4,SUP_6,North,344,2,327,0,16.89,23.51,0,0,17,2025,1,24,4,4,16.92839
2025-01-25,SKU_20,WH_4,SUP_6,North,344,2,327,0,16.89,23.51,0,0,17,2025,1,25,5,4,16.953238
2025-01-26,SKU_20,WH_4,SUP_6,North,344,2,327,0,16.89,23.51,0,0,17,2025,1,26,6,4,16.888596
2025-01-27,SKU_20,WH_4,SUP_6,North,344,2,327,0,16.89,23.51,0,0,17,2025,1,27,0,5,16.709044
2025-01-28,SKU_20,WH_4,SUP_6,North,344,2,327,0,16.89,23.51,0,0,17,2025,1,28,1,5,16.745384
2025-01-29,SKU_20,WH_4,SUP_6,North,344,2,327,0,16.89,23.51,0,0,17,2025,1,29,2,5,16.803944
2024-12-31,SKU_20,WH_3,SUP_3,East,433,3,319,0,14.9,25.16,0,0,24,2024,12,31,1,1,23.589628
2025-01-01,SKU_20,WH_3,SUP_3,East,433,3,319,0,14.9,25.16,0,0,24,2025,1,1,2,1,23.463537
2025-01-02,SKU_20,WH_3,SUP_3,East,433,3,319,0,14.9,25.16,0,0,24,2025,1,2,3,1,23.472914
2025-01-03,SKU_20,WH_3,SUP_3,East,433,3,319,0,14.9,25.16,0,0,24,2025,1,3,4,1,23.646809
2025-01-04,SKU_20,WH_3,SUP_3,East,433,3,319,0,14.9,25.16,0,0,24,2025,1,4,5,1,23.741583
2025-01-05,SKU_20,WH_3,SUP_3,East,433,3,319,0,14.9,25.16,0,0,24,2025,1,5,6,1,23.74237
2025-01-06,SKU_20,WH_3,SUP_3,East,433,3,319,0,14.9,25.16,0,0,24,2025,1,6,0,2,23.703117
2025-01-07,SKU_20,WH_3,SUP_3,East,433,3,319,0,14.9,25.16,0,0,24,2025,1,7,1,2,23.676186
2025-01-08,SKU_20,WH_3,SUP_3,East,433,3,319,0,14.9,25.16,0,0,24,2025,1,8,2,2,23.797667
2025-01-09,SKU_20,WH_3,SUP_3,East,433,3,319,0,14.9,25.16,0,0,24,2025,1,9,3,2,23.758846
2025-01-10,SKU_20,WH_3,SUP_3,East,433,3,319,0,14.9,25.16,0,0,24,2025,1,10,4,2,23.772642
2025-01-11,SKU_20,WH_3,SUP_3,East,433,3,319,0,14.9,25.16,0,0,24,2025,1,11,5,2,23.785133
2025-01-12,SKU_20,WH_3,SUP_3,East,433,3,319,0,14.9,25.16,0,0,24,2025,1,12,6,2,23.729147
2025-01-13,SKU_20,WH_3,SUP_3,East,433,3,319,0,14.9,25.16,0,0,24,2025,1,13,0,3,23.740664
2025-01-14,SKU_20,WH_3,SUP_3,East,433,3,319,0,14.9,25.16,0,0,24,2025,1,14,1,3,23.784157
2025-01-15,SKU_20,WH_3,SUP_3,East,433,3,319,0,14.9,25.16,0,0,24,2025,1,15,2,3,23.815844
2025-01-16,SKU_20,WH_3,SUP_3,East,433,3,319,0,14.9,25.16,0,0,24,2025,1,16,3,3,23.802042
2025-01-17,SKU_20,WH_3,SUP_3,East,433,3,319,0,14.9,25.16,0,0,24,2025,1,17,4,3,23.764877
2025-01-18,SKU_20,WH_3,SUP_3,East,433,3,319,0,14.9,25.16,0,0,24,2025,1,18,5,3,23.917303
2025-01-19,SKU_20,WH_3,SUP_3,East,433,3,319,0,14.9,25.16,0,0,24,2025,1,19,6,3,23.925123
2025-01-20,SKU_20,WH_3,SUP_3,East,433,3,319,0,14.9,25.16,0,0,24,2025,1,20,0,4,23.64567
2025-01-21,SKU_20,WH_3,SUP_3,East,433,3,319,0,14.9,25.16,0,0,24,2025,1,21,1,4,23.672935
2025-01-22,SKU_20,WH_3,SUP_3,East,433,3,319,0,14.9,25.16,0,0,24,2025,1,22,2,4,23.750471
2025-01-23,SKU_20,WH_3,SUP_3,East,433,3,319,0,14.9,25.16,0,0,24,2025,1,23,3,4,23.720972
2025-01-24,SKU_20,WH_3,SUP_3,East,433,3,319,0,14.9,25.16,0,0,24,2025,1,24,4,4,23.68058
2025-01-25,SKU_20,WH_3,SUP_3,East,433,3,319,0,14.9,25.16,0,0,24,2025,1,25,5,4,23.728321
2025-01-26,SKU_20,WH_3,SUP_3,East,433,3,319,0,14.9,25.16,0,0,24,2025,1,26,6,4,23.768276
2025-01-27,SKU_20,WH_3,SUP_3,East,433,3,319,0,14.9,25.16,0,0,24,2025,1,27,0,5,23.602251
2025-01-28,SKU_20,WH_3,SUP_3,East,433,3,319,0,14.9,25.16,0,0,24,2025,1,28,1,5,23.666466
2025-01-29,SKU_20,WH_3,SUP_3,East,433,3,319,0,14.9,25.16,0,0,24,2025,1,29,2,5,23.698153
2024-12-31,SKU_20,WH_2,SUP_2,North,544,9,336,249,12.31,20.86,1,0,23,2024,12,31,1,1,23.209826
2025-01-01,SKU_20,WH_2,SUP_2,North,544,9,336,249,12.31,20.86,1,0,23,2025,1,1,2,1,23.207895
2025-01-02,SKU_20,WH_2,SUP_2,North,544,9,336,249,12.31,20.86,1,0,23,2025,1,2,3,1,23.354609
2025-01-03,SKU_20,WH_2,SUP_2,North,544,9,336,249,12.31,20.86,1,0,23,2025,1,3,4,1,23.425528
2025-01-04,SKU_20,WH_2,SUP_2,North,544,9,336,249,12.31,20.86,1,0,23,2025,1,4,5,1,23.467064
2025-01-05,SKU_20,WH_2,SUP_2,North,544,9,336,249,12.31,20.86,1,0,23,2025,1,5,6,1,23.540216
2025-01-06,SKU_20,WH_2,SUP_2,North,544,9,336,249,12.31,20.86,1,0,23,2025,1,6,0,2,23.665878
2025-01-07,SKU_20,WH_2,SUP_2,North,544,9,336,249,12.31,20.86,1,0,23,2025,1,7,1,2,23.663574
2025-01-08,SKU_20,WH_2,SUP_2,North,544,9,336,249,12.31,20.86,1,0,23,2025,1,8,2,2,23.59699
2025-01-09,SKU_20,WH_2,SUP_2,North,544,9,336,249,12.31,20.86,1,0,23,2025,1,9,3,2,23.574604
2025-01-10,SKU_20,WH_2,SUP_2,North,544,9,336,249,12.31,20.86,1,0,23,2025,1,10,4,2,23.581123
2025-01-11,SKU_20,WH_2,SUP_2,North,544,9,336,249,12.31,20.86,1,0,23,2025,1,11,5,2,23.542599
2025-01-12,SKU_20,WH_2,SUP_2,North,544,9,336,249,12.31,20.86,1,0,23,2025,1,12,6,2,23.519768
2025-01-13,SKU_20,WH_2,SUP_2,North,544,9,336,249,12.31,20.86,1,0,23,2025,1,13,0,3,23.362438
2025-01-14,SKU_20,WH_2,SUP_2,North,544,9,336,249,12.31,20.86,1,0,23,2025,1,14,1,3,23.491438
2025-01-15,SKU_20,WH_2,SUP_2,North,544,9,336,249,12.31,20.86,1,0,23,2025,1,15,2,3,23.783888
2025-01-16,SKU_20,WH_2,SUP_2,North,544,9,336,249,12.31,20.86,1,0,23,2025,1,16,3,3,23.805712
2025-01-17,SKU_20,WH_2,SUP_2,North,544,9,336,249,12.31,20.86,1,0,23,2025,1,17,4,3,23.96431
2025-01-18,SKU_20,WH_2,SUP_2,North,544,9,336,249,12.31,20.86,1,0,23,2025,1,18,5,3,23.948011
2025-01-19,SKU_20,WH_2,SUP_2,North,544,9,336,249,12.31,20.86,1,0,23,2025,1,19,6,3,23.957777
2025-01-20,SKU_20,WH_2,SUP_2,North,544,9,336,249,12.31,20.86,1,0,23,2025,1,20,0,4,23.687223
2025-01-21,SKU_20,WH_2,SUP_2,North,544,9,336,249,12.31,20.86,1,0,23,2025,1,21,1,4,23.708023
2025-01-22,SKU_20,WH_2,SUP_2,North,544,9,336,249,12.31,20.86,1,0,23,2025,1,22,2,4,23.759033
2025-01-23,SKU_20,WH_2,SUP_2,North,544,9,336,249,12.31,20.86,1,0,23,2025,1,23,3,4,23.758654
2025-01-24,SKU_20,WH_2,SUP_2,North,544,9,336,249,12.31,20.86,1,0,23,2025,1,24,4,4,23.745817
2025-01-25,SKU_20,WH_2,SUP_2,North,544,9,336,249,12.31,20.86,1,0,23,2025,1,25,5,4,23.737745
2025-01-26,SKU_20,WH_2,SUP_2,North,544,9,336,249,12.31,20.86,1,0,23,2025,1,26,6,4,23.730148
2025-01-27,SKU_20,WH_2,SUP_2,North,544,9,336,249,12.31,20.86,1,0,23,2025,1,27,0,5,23.420475
2025-01-28,SKU_20,WH_2,SUP_2,North,544,9,336,249,12.31,20.86,1,0,23,2025,1,28,1,5,23.41529
2025-01-29,SKU_20,WH_2,SUP_2,North,544,9,336,249,12.31,20.86,1,0,23,2025,1,29,2,5,23.43828
2024-12-31,SKU_20,WH_1,SUP_6,North,452,9,295,0,9.55,16.05,0,0,21,2024,12,31,1,1,21.072264
2025-01-01,SKU_20,WH_1,SUP_6,North,452,9,295,0,9.55,16.05,0,0,21,2025,1,1,2,1,20.807812
2025-01-02,SKU_20,WH_1,SUP_6,North,452,9,295,0,9.55,16.05,0,0,21,2025,1,2,3,1,20.81444
2025-01-03,SKU_20,WH_1,SUP_6,North,452,9,295,0,9.55,16.05,0,0,21,2025,1,3,4,1,20.9927
2025-01-04,SKU_20,WH_1,SUP_6,North,452,9,295,0,9.55,16.05,0,0,21,2025,1,4,5,1,21.045433
2025-01-05,SKU_20,WH_1,SUP_6,North,452,9,295,0,9.55,16.05,0,0,21,2025,1,5,6,1,21.047836
2025-01-06,SKU_20,WH_1,SUP_6,North,452,9,295,0,9.55,16.05,0,0,21,2025,1,6,0,2,21.037569
2025-01-07,SKU_20,WH_1,SUP_6,North,452,9,295,0,9.55,16.05,0,0,21,2025,1,7,1,2,20.935085
2025-01-08,SKU_20,WH_1,SUP_6,North,452,9,295,0,9.55,16.05,0,0,21,2025,1,8,2,2,21.043385
2025-01-09,SKU_20,WH_1,SUP_6,North,452,9,295,0,9.55,16.05,0,0,21,2025,1,9,3,2,20.978195
2025-01-10,SKU_20,WH_1,SUP_6,North,452,9,295,0,9.55,16.05,0,0,21,2025,1,10,4,2,21.001545
2025-01-11,SKU_20,WH_1,SUP_6,North,452,9,295,0,9.55,16.05,0,0,21,2025,1,11,5,2,20.986582
2025-01-12,SKU_20,WH_1,SUP_6,North,452,9,295,0,9.55,16.05,0,0,21,2025,1,12,6,2,20.94837
2025-01-13,SKU_20,WH_1,SUP_6,North,452,9,295,0,9.55,16.05,0,0,21,2025,1,13,0,3,21.017149
2025-01-14,SKU_20,WH_1,SUP_6,North,452,9,295,0,9.55,16.05,0,0,21,2025,1,14,1,3,21.033258
2025-01-15,SKU_20,WH_1,SUP_6,North,452,9,295,0,9.55,16.05,0,0,21,2025,1,15,2,3,21.062214
2025-01-16,SKU_20,WH_1,SUP_6,North,452,9,295,0,9.55,16.05,0,0,21,2025,1,16,3,3,21.048412
2025-01-17,SKU_20,WH_1,SUP_6,North,452,9,295,0,9.55,16.05,0,0,21,2025,1,17,4,3,21.013538
2025-01-18,SKU_20,WH_1,SUP_6,North,452,9,295,0,9.55,16.05,0,0,21,2025,1,18,5,3,21.14307
2025-01-19,SKU_20,WH_1,SUP_6,North,452,9,295,0,9.55,16.05,0,0,21,2025,1,19,6,3,21.172298
2025-01-20,SKU_20,WH_1,SUP_6,North,452,9,295,0,9.55,16.05,0,0,21,2025,1,20,0,4,20.869026
2025-01-21,SKU_20,WH_1,SUP_6,North,452,9,295,0,9.55,16.05,0,0,21,2025,1,21,1,4,20.937506
2025-01-22,SKU_20,WH_1,SUP_6,North,452,9,295,0,9.55,16.05,0,0,21,2025,1,22,2,4,20.9532
2025-01-23,SKU_20,WH_1,SUP_6,North,452,9,295,0,9.55,16.05,0,0,21,2025,1,23,3,4,20.941109
2025-01-24,SKU_20,WH_1,SUP_6,North,452,9,295,0,9.55,16.05,0,0,21,2025,1,24,4,4,20.8666
2025-01-25,SKU_20,WH_1,SUP_6,North,452,9,295,0,9.55,16.05,0,0,21,2025,1,25,5,4,20.891447
2025-01-26,SKU_20,WH_1,SUP_6,North,452,9,295,0,9.55,16.05,0,0,21,2025,1,26,6,4,20.954767
2025-01-27,SKU_20,WH_1,SUP_6,North,452,9,295,0,9.55,16.05,0,0,21,2025,1,27,0,5,20.56652
2025-01-28,SKU_20,WH_1,SUP_6,North,452,9,295,0,9.55,16.05,0,0,21,2025,1,28,1,5,20.55577
2025-01-29,SKU_20,WH_1,SUP_6,North,452,9,295,0,9.55,16.05,0,0,21,2025,1,29,2,5,20.584726
2024-12-31,SKU_19,WH_5,SUP_10,East,604,7,281,0,15.87,25.1,0,0,16,2024,12,31,1,1,16.367455
2025-01-01,SKU_19,WH_5,SUP_10,East,604,7,281,0,15.87,25.1,0,0,16,2025,1,1,2,1,16.118477
2025-01-02,SKU_19,WH_5,SUP_10,East,604,7,281,0,15.87,25.1,0,0,16,2025,1,2,3,1,16.120987
2025-01-03,SKU_19,WH_5,SUP_10,East,604,7,281,0,15.87,25.1,0,0,16,2025,1,3,4,1,16.171675
2025-01-04,SKU_19,WH_5,SUP_10,East,604,7,281,0,15.87,25.1,0,0,16,2025,1,4,5,1,16.273102
2025-01-05,SKU_19,WH_5,SUP_10,East,604,7,281,0,15.87,25.1,0,0,16,2025,1,5,6,1,16.321993
2025-01-06,SKU_19,WH_5,SUP_10,East,604,7,281,0,15.87,25.1,0,0,16,2025,1,6,0,2,16.266043
2025-01-07,SKU_19,WH_5,SUP_10,East,604,7,281,0,15.87,25.1,0,0,16,2025,1,7,1,2,16.264378
2025-01-08,SKU_19,WH_5,SUP_10,East,604,7,281,0,15.87,25.1,0,0,16,2025,1,8,2,2,16.415667
2025-01-09,SKU_19,WH_5,SUP_10,East,604,7,281,0,15.87,25.1,0,0,16,2025,1,9,3,2,16.41682
2025-01-10,SKU_19,WH_5,SUP_10,East,604,7,281,0,15.87,25.1,0,0,16,2025,1,10,4,2,16.449762
2025-01-11,SKU_19,WH_5,SUP_10,East,604,7,281,0,15.87,25.1,0,0,16,2025,1,11,5,2,16.464104
2025-01-12,SKU_19,WH_5,SUP_10,East,604,7,281,0,15.87,25.1,0,0,16,2025,1,12,6,2,16.381908
2025-01-13,SKU_19,WH_5,SUP_10,East,604,7,281,0,15.87,25.1,0,0,16,2025,1,13,0,3,16.267843
2025-01-14,SKU_19,WH_5,SUP_10,East,604,7,281,0,15.87,25.1,0,0,16,2025,1,14,1,3,16.317085
2025-01-15,SKU_19,WH_5,SUP_10,East,604,7,281,0,15.87,25.1,0,0,16,2025,1,15,2,3,16.313091
2025-01-16,SKU_19,WH_5,SUP_10,East,604,7,281,0,15.87,25.1,0,0,16,2025,1,16,3,3,16.319986
2025-01-17,SKU_19,WH_5,SUP_10,East,604,7,281,0,15.87,25.1,0,0,16,2025,1,17,4,3,16.278046
2025-01-18,SKU_19,WH_5,SUP_10,East,604,7,281,0,15.87,25.1,0,0,16,2025,1,18,5,3,16.423964
2025-01-19,SKU_19,WH_5,SUP_10,East,604,7,281,0,15.87,25.1,0,0,16,2025,1,19,6,3,16.349724
2025-01-20,SKU_19,WH_5,SUP_10,East,604,7,281,0,15.87,25.1,0,0,16,2025,1,20,0,4,16.07372
2025-01-21,SKU_19,WH_5,SUP_10,East,604,7,281,0,15.87,25.1,0,0,16,2025,1,21,1,4,16.102425
2025-01-22,SKU_19,WH_5,SUP_10,East,604,7,281,0,15.87,25.1,0,0,16,2025,1,22,2,4,16.085169
2025-01-23,SKU_19,WH_5,SUP_10,East,604,7,281,0,15.87,25.1,0,0,16,2025,1,23,3,4,16.09377
2025-01-24,SKU_19,WH_5,SUP_10,East,604,7,281,0,15.87,25.1,0,0,16,2025,1,24,4,4,16.070019
2025-01-25,SKU_19,WH_5,SUP_10,East,604,7,281,0,15.87,25.1,0,0,16,2025,1,25,5,4,16.128523
2025-01-26,SKU_19,WH_5,SUP_10,East,604,7,281,0,15.87,25.1,0,0,16,2025,1,26,6,4,16.079426
2025-01-27,SKU_19,WH_5,SUP_10,East,604,7,281,0,15.87,25.1,0,0,16,2025,1,27,0,5,15.92408
2025-01-28,SKU_19,WH_5,SUP_10,East,604,7,281,0,15.87,25.1,0,0,16,2025,1,28,1,5,16.000092
2025-01-29,SKU_19,WH_5,SUP_10,East,604,7,281,0,15.87,25.1,0,0,16,2025,1,29,2,5,15.996096
2024-12-31,SKU_19,WH_3,SUP_8,West,278,4,295,0,14.17,23.01,0,0,21,2024,12,31,1,1,21.167694
2025-01-01,SKU_19,WH_3,SUP_8,West,278,4,295,0,14.17,23.01,0,0,21,2025,1,1,2,1,20.528812
2025-01-02,SKU_19,WH_3,SUP_8,West,278,4,295,0,14.17,23.01,0,0,21,2025,1,2,3,1,20.567148
2025-01-03,SKU_19,WH_3,SUP_8,West,278,4,295,0,14.17,23.01,0,0,21,2025,1,3,4,1,20.783941
2025-01-04,SKU_19,WH_3,SUP_8,West,278,4,295,0,14.17,23.01,0,0,21,2025,1,4,5,1,21.01562
2025-01-05,SKU_19,WH_3,SUP_8,West,278,4,295,0,14.17,23.01,0,0,21,2025,1,5,6,1,21.022844
2025-01-06,SKU_19,WH_3,SUP_8,West,278,4,295,0,14.17,23.01,0,0,21,2025,1,6,0,2,20.808458
2025-01-07,SKU_19,WH_3,SUP_8,West,278,4,295,0,14.17,23.01,0,0,21,2025,1,7,1,2,20.878452
2025-01-08,SKU_19,WH_3,SUP_8,West,278,4,295,0,14.17,23.01,0,0,21,2025,1,8,2,2,21.194767
2025-01-09,SKU_19,WH_3,SUP_8,West,278,4,295,0,14.17,23.01,0,0,21,2025,1,9,3,2,21.165554
2025-01-10,SKU_19,WH_3,SUP_8,West,278,4,295,0,14.17,23.01,0,0,21,2025,1,10,4,2,21.117548
2025-01-11,SKU_19,WH_3,SUP_8,West,278,4,295,0,14.17,23.01,0,0,21,2025,1,11,5,2,21.13004
2025-01-12,SKU_19,WH_3,SUP_8,West,278,4,295,0,14.17,23.01,0,0,21,2025,1,12,6,2,21.11533
2025-01-13,SKU_19,WH_3,SUP_8,West,278,4,295,0,14.17,23.01,0,0,21,2025,1,13,0,3,21.04258
2025-01-14,SKU_19,WH_3,SUP_8,West,278,4,295,0,14.17,23.01,0,0,21,2025,1,14,1,3,21.177422
2025-01-15,SKU_19,WH_3,SUP_8,West,278,4,295,0,14.17,23.01,0,0,21,2025,1,15,2,3,21.21473
2025-01-16,SKU_19,WH_3,SUP_8,West,278,4,295,0,14.17,23.01,0,0,21,2025,1,16,3,3,21.205103
2025-01-17,SKU_19,WH_3,SUP_8,West,278,4,295,0,14.17,23.01,0,0,21,2025,1,17,4,3,21.191845
2025-01-18,SKU_19,WH_3,SUP_8,West,278,4,295,0,14.17,23.01,0,0,21,2025,1,18,5,3,21.342295
2025-01-19,SKU_19,WH_3,SUP_8,West,278,4,295,0,14.17,23.01,0,0,21,2025,1,19,6,3,21.356552
2025-01-20,SKU_19,WH_3,SUP_8,West,278,4,295,0,14.17,23.01,0,0,21,2025,1,20,0,4,20.86902
2025-01-21,SKU_19,WH_3,SUP_8,West,278,4,295,0,14.17,23.01,0,0,21,2025,1,21,1,4,20.934301
2025-01-22,SKU_19,WH_3,SUP_8,West,278,4,295,0,14.17,23.01,0,0,21,2025,1,22,2,4,20.958542
2025-01-23,SKU_19,WH_3,SUP_8,West,278,4,295,0,14.17,23.01,0,0,21,2025,1,23,3,4,20.929329
2025-01-24,SKU_19,WH_3,SUP_8,West,278,4,295,0,14.17,23.01,0,0,21,2025,1,24,4,4,20.940807
2025-01-25,SKU_19,WH_3,SUP_8,West,278,4,295,0,14.17,23.01,0,0,21,2025,1,25,5,4,20.997456
2025-01-26,SKU_19,WH_3,SUP_8,West,278,4,295,0,14.17,23.01,0,0,21,2025,1,26,6,4,21.041348
2025-01-27,SKU_19,WH_3,SUP_8,West,278,4,295,0,14.17,23.01,0,0,21,2025,1,27,0,5,20.60192
2025-01-28,SKU_19,WH_3,SUP_8,West,278,4,295,0,14.17,23.01,0,0,21,2025,1,28,1,5,20.70415
2025-01-29,SKU_19,WH_3,SUP_8,West,278,4,295,0,14.17,23.01,0,0,21,2025,1,29,2,5,20.73497
2024-12-31,SKU_13,WH_2,SUP_4,West,559,11,350,0,17.04,21.69,0,0,14,2024,12,31,1,1,13.515479
2025-01-01,SKU_13,WH_2,SUP_4,West,559,11,350,0,17.04,21.69,0,0,14,2025,1,1,2,1,13.955497
2025-01-02,SKU_13,WH_2,SUP_4,West,559,11,350,0,17.04,21.69,0,0,14,2025,1,2,3,1,13.935277
2025-01-03,SKU_13,WH_2,SUP_4,West,559,11,350,0,17.04,21.69,0,0,14,2025,1,3,4,1,13.830247
2025-01-04,SKU_13,WH_2,SUP_4,West,559,11,350,0,17.04,21.69,0,0,14,2025,1,4,5,1,13.88658
2025-01-05,SKU_13,WH_2,SUP_4,West,559,11,350,0,17.04,21.69,0,0,14,2025,1,5,6,1,13.852058
2025-01-06,SKU_13,WH_2,SUP_4,West,559,11,350,0,17.04,21.69,0,0,14,2025,1,6,0,2,13.634734
2025-01-07,SKU_13,WH_2,SUP_4,West,559,11,350,0,17.04,21.69,0,0,14,2025,1,7,1,2,13.827189
2025-01-08,SKU_13,WH_2,SUP_4,West,559,11,350,0,17.04,21.69,0,0,14,2025,1,8,2,2,13.920691
2025-01-09,SKU_13,WH_2,SUP_4,West,559,11,350,0,17.04,21.69,0,0,14,2025,1,9,3,2,13.994728
2025-01-10,SKU_13,WH_2,SUP_4,West,559,11,350,0,17.04,21.69,0,0,14,2025,1,10,4,2,14.052572
2025-01-11,SKU_13,WH_2,SUP_4,West,559,11,350,0,17.04,21.69,0,0,14,2025,1,11,5,2,14.061229
2025-01-12,SKU_13,WH_2,SUP_4,West,559,11,350,0,17.04,21.69,0,0,14,2025,1,12,6,2,14.018753
2025-01-13,SKU_13,WH_2,SUP_4,West,559,11,350,0,17.04,21.69,0,0,14,2025,1,13,0,3,13.825852
2025-01-14,SKU_13,WH_2,SUP_4,West,559,11,350,0,17.04,21.69,0,0,14,2025,1,14,1,3,14.042809
2025-01-15,SKU_13,WH_2,SUP_4,West,559,11,350,0,17.04,21.69,0,0,14,2025,1,15,2,3,14.050193
2025-01-16,SKU_13,WH_2,SUP_4,West,559,11,350,0,17.04,21.69,0,0,14,2025,1,16,3,3,14.074209
2025-01-17,SKU_13,WH_2,SUP_4,West,559,11,350,0,17.04,21.69,0,0,14,2025,1,17,4,3,14.119872
2025-01-18,SKU_13,WH_2,SUP_4,West,559,11,350,0,17.04,21.69,0,0,14,2025,1,18,5,3,14.266489
2025-01-19,SKU_13,WH_2,SUP_4,West,559,11,350,0,17.04,21.69,0,0,14,2025,1,19,6,3,14.231967
2025-01-20,SKU_13,WH_2,SUP_4,West,559,11,350,0,17.04,21.69,0,0,14,2025,1,20,0,4,13.909914
2025-01-21,SKU_13,WH_2,SUP_4,West,559,11,350,0,17.04,21.69,0,0,14,2025,1,21,1,4,14.088103
2025-01-22,SKU_13,WH_2,SUP_4,West,559,11,350,0,17.04,21.69,0,0,14,2025,1,22,2,4,14.080246
2025-01-23,SKU_13,WH_2,SUP_4,West,559,11,350,0,17.04,21.69,0,0,14,2025,1,23,3,4,14.105973
2025-01-24,SKU_13,WH_2,SUP_4,West,559,11,350,0,17.04,21.69,0,0,14,2025,1,24,4,4,14.133936
2025-01-25,SKU_13,WH_2,SUP_4,West,559,11,350,0,17.04,21.69,0,0,14,2025,1,25,5,4,14.19041
2025-01-26,SKU_13,WH_2,SUP_4,West,559,11,350,0,17.04,21.69,0,0,14,2025,1,26,6,4,14.167169
2025-01-27,SKU_13,WH_2,SUP_4,West,559,11,350,0,17.04,21.69,0,0,14,2025,1,27,0,5,14.080421
2025-01-28,SKU_13,WH_2,SUP_4,West,559,11,350,0,17.04,21.69,0,0,14,2025,1,28,1,5,14.305921
2025-01-29,SKU_13,WH_2,SUP_4,West,559,11,350,0,17.04,21.69,0,0,14,2025,1,29,2,5,14.311568
2024-12-31,SKU_13,WH_1,SUP_9,South,442,9,246,0,19.52,24.09,0,0,25,2024,12,31,1,1,24.832455
2025-01-01,SKU_13,WH_1,SUP_9,South,442,9,246,0,19.52,24.09,0,0,25,2025,1,1,2,1,24.402367
2025-01-02,SKU_13,WH_1,SUP_9,South,442,9,246,0,19.52,24.09,0,0,25,2025,1,2,3,1,24.397648
2025-01-03,SKU_13,WH_1,SUP_9,South,442,9,246,0,19.52,24.09,0,0,25,2025,1,3,4,1,24.584707
2025-01-04,SKU_13,WH_1,SUP_9,South,442,9,246,0,19.52,24.09,0,0,25,2025,1,4,5,1,24.614214
2025-01-05,SKU_13,WH_1,SUP_9,South,442,9,246,0,19.52,24.09,0,0,25,2025,1,5,6,1,24.562078
2025-01-06,SKU_13,WH_1,SUP_9,South,442,9,246,0,19.52,24.09,0,0,25,2025,1,6,0,2,24.697218
2025-01-07,SKU_13,WH_1,SUP_9,South,442,9,246,0,19.52,24.09,0,0,25,2025,1,7,1,2,24.623024
2025-01-08,SKU_13,WH_1,SUP_9,South,442,9,246,0,19.52,24.09,0,0,25,2025,1,8,2,2,24.67638
2025-01-09,SKU_13,WH_1,SUP_9,South,442,9,246,0,19.52,24.09,0,0,25,2025,1,9,3,2,24.711838
2025-01-10,SKU_13,WH_1,SUP_9,South,442,9,246,0,19.52,24.09,0,0,25,2025,1,10,4,2,24.735464
2025-01-11,SKU_13,WH_1,SUP_9,South,442,9,246,0,19.52,24.09,0,0,25,2025,1,11,5,2,24.723642
2025-01-12,SKU_13,WH_1,SUP_9,South,442,9,246,0,19.52,24.09,0,0,25,2025,1,12,6,2,24.65077
2025-01-13,SKU_13,WH_1,SUP_9,South,442,9,246,0,19.52,24.09,0,0,25,2025,1,13,0,3,24.83354
2025-01-14,SKU_13,WH_1,SUP_9,South,442,9,246,0,19.52,24.09,0,0,25,2025,1,14,1,3,24.875633
2025-01-15,SKU_13,WH_1,SUP_9,South,442,9,246,0,19.52,24.09,0,0,25,2025,1,15,2,3,24.830048
2025-01-16,SKU_13,WH_1,SUP_9,South,442,9,246,0,19.52,24.09,0,0,25,2025,1,16,3,3,24.819727
2025-01-17,SKU_13,WH_1,SUP_9,South,442,9,246,0,19.52,24.09,0,0,25,2025,1,17,4,3,24.882221
2025-01-18,SKU_13,WH_1,SUP_9,South,442,9,246,0,19.52,24.09,0,0,25,2025,1,18,5,3,24.959139
2025-01-19,SKU_13,WH_1,SUP_9,South,442,9,246,0,19.52,24.09,0,0,25,2025,1,19,6,3,25.040522
2025-01-20,SKU_13,WH_1,SUP_9,South,442,9,246,0,19.52,24.09,0,0,25,2025,1,20,0,4,25.003994
2025-01-21,SKU_13,WH_1,SUP_9,South,442,9,246,0,19.52,24.09,0,0,25,2025,1,21,1,4,25.011114
2025-01-22,SKU_13,WH_1,SUP_9,South,442,9,246,0,19.52,24.09,0,0,25,2025,1,22,2,4,24.952303
2025-01-23,SKU_13,WH_1,SUP_9,South,442,9,246,0,19.52,24.09,0,0,25,2025,1,23,3,4,24.966045
2025-01-24,SKU_13,WH_1,SUP_9,South,442,9,246,0,19.52,24.09,0,0,25,2025,1,24,4,4,24.89216
2025-01-25,SKU_13,WH_1,SUP_9,South,442,9,246,0,19.52,24.09,0,0,25,2025,1,25,5,4,24.915588
2025-01-26,SKU_13,WH_1,SUP_9,South,442,9,246,0,19.52,24.09,0,0,25,2025,1,26,6,4,24.944132
2025-01-27,SKU_13,WH_1,SUP_9,South,442,9,246,0,19.52,24.09,0,0,25,2025,1,27,0,5,25.01662
2025-01-28,SKU_13,WH_1,SUP_9,South,442,9,246,0,19.52,24.09,0,0,25,2025,1,28,1,5,25.053982
2025-01-29,SKU_13,WH_1,SUP_9,South,442,9,246,0,19.52,24.09,0,0,25,2025,1,29,2,5,24.985289
2024-12-31,SKU_12,WH_5,SUP_8,West,371,6,349,0,10.21,15.8,0,0,18,2024,12,31,1,1,17.184765
2025-01-01,SKU_12,WH_5,SUP_8,West,371,6,349,0,10.21,15.8,0,0,18,2025,1,1,2,1,17.644215
2025-01-02,SKU_12,WH_5,SUP_8,West,371,6,349,0,10.21,15.8,0,0,18,2025,1,2,3,1,17.638979
2025-01-03,SKU_12,WH_5,SUP_8,West,371,6,349,0,10.21,15.8,0,0,18,2025,1,3,4,1,17.778755
2025-01-04,SKU_12,WH_5,SUP_8,West,371,6,349,0,10.21,15.8,0,0,18,2025,1,4,5,1,17.905193
2025-01-05,SKU_12,WH_5,SUP_8,West,371,6,349,0,10.21,15.8,0,0,18,2025,1,5,6,1,17.845757
2025-01-06,SKU_12,WH_5,SUP_8,West,371,6,349,0,10.21,15.8,0,0,18,2025,1,6,0,2,17.92856
2025-01-07,SKU_12,WH_5,SUP_8,West,371,6,349,0,10.21,15.8,0,0,18,2025,1,7,1,2,17.806673
2025-01-08,SKU_12,WH_5,SUP_8,West,371,6,349,0,10.21,15.8,0,0,18,2025,1,8,2,2,17.889313
2025-01-09,SKU_12,WH_5,SUP_8,West,371,6,349,0,10.21,15.8,0,0,18,2025,1,9,3,2,17.896837
2025-01-10,SKU_12,WH_5,SUP_8,West,371,6,349,0,10.21,15.8,0,0,18,2025,1,10,4,2,17.858614
2025-01-11,SKU_12,WH_5,SUP_8,West,371,6,349,0,10.21,15.8,0,0,18,2025,1,11,5,2,17.866545
2025-01-12,SKU_12,WH_5,SUP_8,West,371,6,349,0,10.21,15.8,0,0,18,2025,1,12,6,2,17.776682
2025-01-13,SKU_12,WH_5,SUP_8,West,371,6,349,0,10.21,15.8,0,0,18,2025,1,13,0,3,18.059223
2025-01-14,SKU_12,WH_5,SUP_8,West,371,6,349,0,10.21,15.8,0,0,18,2025,1,14,1,3,17.996292
2025-01-15,SKU_12,WH_5,SUP_8,West,371,6,349,0,10.21,15.8,0,0,18,2025,1,15,2,3,17.961552
2025-01-16,SKU_12,WH_5,SUP_8,West,371,6,349,0,10.21,15.8,0,0,18,2025,1,16,3,3,17.955488
2025-01-17,SKU_12,WH_5,SUP_8,West,371,6,349,0,10.21,15.8,0,0,18,2025,1,17,4,3,17.916826
2025-01-18,SKU_12,WH_5,SUP_8,West,371,6,349,0,10.21,15.8,0,0,18,2025,1,18,5,3,18.062632
2025-01-19,SKU_12,WH_5,SUP_8,West,371,6,349,0,10.21,15.8,0,0,18,2025,1,19,6,3,17.998043
2025-01-20,SKU_12,WH_5,SUP_8,West,371,6,349,0,10.21,15.8,0,0,18,2025,1,20,0,4,17.868708
2025-01-21,SKU_12,WH_5,SUP_8,West,371,6,349,0,10.21,15.8,0,0,18,2025,1,21,1,4,17.785213
2025-01-22,SKU_12,WH_5,SUP_8,West,371,6,349,0,10.21,15.8,0,0,18,2025,1,22,2,4,17.760014
2025-01-23,SKU_12,WH_5,SUP_8,West,371,6,349,0,10.21,15.8,0,0,18,2025,1,23,3,4,17.77403
2025-01-24,SKU_12,WH_5,SUP_8,West,371,6,349,0,10.21,15.8,0,0,18,2025,1,24,4,4,17.763035
2025-01-25,SKU_12,WH_5,SUP_8,West,371,6,349,0,10.21,15.8,0,0,18,2025,1,25,5,4,17.816843
2025-01-26,SKU_12,WH_5,SUP_8,West,371,6,349,0,10.21,15.8,0,0,18,2025,1,26,6,4,17.78694
2025-01-27,SKU_12,WH_5,SUP_8,West,371,6,349,0,10.21,15.8,0,0,18,2025,1,27,0,5,17.544798
2025-01-28,SKU_12,WH_5,SUP_8,West,371,6,349,0,10.21,15.8,0,0,18,2025,1,28,1,5,17.61846
2025-01-29,SKU_12,WH_5,SUP_8,West,371,6,349,0,10.21,15.8,0,0,18,2025,1,29,2,5,17.601503
2024-12-31,SKU_6,WH_2,SUP_3,South,452,14,217,0,19.03,32.58,0,0,22,2024,12,31,1,1,21.572332
2025-01-01,SKU_6,WH_2,SUP_3,South,452,14,217,0,19.03,32.58,0,0,22,2025,1,1,2,1,22.15563
2025-01-02,SKU_6,WH_2,SUP_3,South,452,14,217,0,19.03,32.58,0,0,22,2025,1,2,3,1,22.378101
2025-01-03,SKU_6,WH_2,SUP_3,South,452,14,217,0,19.03,32.58,0,0,22,2025,1,3,4,1,22.562006
2025-01-04,SKU_6,WH_2,SUP_3,South,452,14,217,0,19.03,32.58,0,0,22,2025,1,4,5,1,22.441607
2025-01-05,SKU_6,WH_2,SUP_3,South,452,14,217,0,19.03,32.58,0,0,22,2025,1,5,6,1,22.442394
2025-01-06,SKU_6,WH_2,SUP_3,South,452,14,217,0,19.03,32.58,0,0,22,2025,1,6,0,2,22.081547
2025-01-07,SKU_6,WH_2,SUP_3,South,452,14,217,0,19.03,32.58,0,0,22,2025,1,7,1,2,22.284052
2025-01-08,SKU_6,WH_2,SUP_3,South,452,14,217,0,19.03,32.58,0,0,22,2025,1,8,2,2,22.355173
2025-01-09,SKU_6,WH_2,SUP_3,South,452,14,217,0,19.03,32.58,0,0,22,2025,1,9,3,2,22.462542
2025-01-10,SKU_6,WH_2,SUP_3,South,452,14,217,0,19.03,32.58,0,0,22,2025,1,10,4,2,22.495071
2025-01-11,SKU_6,WH_2,SUP_3,South,452,14,217,0,19.03,32.58,0,0,22,2025,1,11,5,2,22.548473
2025-01-12,SKU_6,WH_2,SUP_3,South,452,14,217,0,19.03,32.58,0,0,22,2025,1,12,6,2,22.454662
2025-01-13,SKU_6,WH_2,SUP_3,South,452,14,217,0,19.03,32.58,0,0,22,2025,1,13,0,3,22.079739
2025-01-14,SKU_6,WH_2,SUP_3,South,452,14,217,0,19.03,32.58,0,0,22,2025,1,14,1,3,22.267572
2025-01-15,SKU_6,WH_2,SUP_3,South,452,14,217,0,19.03,32.58,0,0,22,2025,1,15,2,3,22.226955
2025-01-16,SKU_6,WH_2,SUP_3,South,452,14,217,0,19.03,32.58,0,0,22,2025,1,16,3,3,22.364582
2025-01-17,SKU_6,WH_2,SUP_3,South,452,14,217,0,19.03,32.58,0,0,22,2025,1,17,4,3,22.39288
2025-01-18,SKU_6,WH_2,SUP_3,South,452,14,217,0,19.03,32.58,0,0,22,2025,1,18,5,3,22.508503
2025-01-19,SKU_6,WH_2,SUP_3,South,452,14,217,0,19.03,32.58,0,0,22,2025,1,19,6,3,22.516323
2025-01-20,SKU_6,WH_2,SUP_3,South,452,14,217,0,19.03,32.58,0,0,22,2025,1,20,0,4,21.83021
2025-01-21,SKU_6,WH_2,SUP_3,South,452,14,217,0,19.03,32.58,0,0,22,2025,1,21,1,4,21.959745
2025-01-22,SKU_6,WH_2,SUP_3,South,452,14,217,0,19.03,32.58,0,0,22,2025,1,22,2,4,21.927128
2025-01-23,SKU_6,WH_2,SUP_3,South,452,14,217,0,19.03,32.58,0,0,22,2025,1,23,3,4,21.949442
2025-01-24,SKU_6,WH_2,SUP_3,South,452,14,217,0,19.03,32.58,0,0,22,2025,1,24,4,4,21.919645
2025-01-25,SKU_6,WH_2,SUP_3,South,452,14,217,0,19.03,32.58,0,0,22,2025,1,25,5,4,21.967451
2025-01-26,SKU_6,WH_2,SUP_3,South,452,14,217,0,19.03,32.58,0,0,22,2025,1,26,6,4,22.001554
2025-01-27,SKU_6,WH_2,SUP_3,South,452,14,217,0,19.03,32.58,0,0,22,2025,1,27,0,5,21.593237
2025-01-28,SKU_6,WH_2,SUP_3,South,452,14,217,0,19.03,32.58,0,0,22,2025,1,28,1,5,21.771023
2025-01-29,SKU_6,WH_2,SUP_3,South,452,14,217,0,19.03,32.58,0,0,22,2025,1,29,2,5,21.64778
2024-12-31,SKU_6,WH_1,SUP_9,South,464,9,350,0,5.15,8.99,0,0,21,2024,12,31,1,1,20.472517
2025-01-01,SKU_6,WH_1,SUP_9,South,464,9,350,0,5.15,8.99,0,0,21,2025,1,1,2,1,20.457035
2025-01-02,SKU_6,WH_1,SUP_9,South,464,9,350,0,5.15,8.99,0,0,21,2025,1,2,3,1,20.26792
2025-01-03,SKU_6,WH_1,SUP_9,South,464,9,350,0,5.15,8.99,0,0,21,2025,1,3,4,1,20.453009
2025-01-04,SKU_6,WH_1,SUP_9,South,464,9,350,0,5.15,8.99,0,0,21,2025,1,4,5,1,20.437323
2025-01-05,SKU_6,WH_1,SUP_9,South,464,9,350,0,5.15,8.99,0,0,21,2025,1,5,6,1,20.436888
2025-01-06,SKU_6,WH_1,SUP_9,South,464,9,350,0,5.15,8.99,0,0,21,2025,1,6,0,2,20.78239
2025-01-07,SKU_6,WH_1,SUP_9,South,464,9,350,0,5.15,8.99,0,0,21,2025,1,7,1,2,20.715528
2025-01-08,SKU_6,WH_1,SUP_9,South,464,9,350,0,5.15,8.99,0,0,21,2025,1,8,2,2,20.774076
2025-01-09,SKU_6,WH_1,SUP_9,South,464,9,350,0,5.15,8.99,0,0,21,2025,1,9,3,2,20.765947
2025-01-10,SKU_6,WH_1,SUP_9,South,464,9,350,0,5.15,8.99,0,0,21,2025,1,10,4,2,20.830236
2025-01-11,SKU_6,WH_1,SUP_9,South,464,9,350,0,5.15,8.99,0,0,21,2025,1,11,5,2,20.878288
2025-01-12,SKU_6,WH_1,SUP_9,South,464,9,350,0,5.15,8.99,0,0,21,2025,1,12,6,2,20.8699
2025-01-13,SKU_6,WH_1,SUP_9,South,464,9,350,0,5.15,8.99,0,0,21,2025,1,13,0,3,21.10454
2025-01-14,SKU_6,WH_1,SUP_9,South,464,9,350,0,5.15,8.99,0,0,21,2025,1,14,1,3,21.09267
2025-01-15,SKU_6,WH_1,SUP_9,South,464,9,350,0,5.15,8.99,0,0,21,2025,1,15,2,3,21.03943
2025-01-16,SKU_6,WH_1,SUP_9,South,464,9,350,0,5.15,8.99,0,0,21,2025,1,16,3,3,21.031872
2025-01-17,SKU_6,WH_1,SUP_9,South,464,9,350,0,5.15,8.99,0,0,21,2025,1,17,4,3,21.073677
2025-01-18,SKU_6,WH_1,SUP_9,South,464,9,350,0,5.15,8.99,0,0,21,2025,1,18,5,3,21.152863
2025-01-19,SKU_6,WH_1,SUP_9,South,464,9,350,0,5.15,8.99,0,0,21,2025,1,19,6,3,21.310553
2025-01-20,SKU_6,WH_1,SUP_9,South,464,9,350,0,5.15,8.99,0,0,21,2025,1,20,0,4,20.964275
2025-01-21,SKU_6,WH_1,SUP_9,South,464,9,350,0,5.15,8.99,0,0,21,2025,1,21,1,4,21.000587
2025-01-22,SKU_6,WH_1,SUP_9,South,464,9,350,0,5.15,8.99,0,0,21,2025,1,22,2,4,20.964458
2025-01-23,SKU_6,WH_1,SUP_9,South,464,9,350,0,5.15,8.99,0,0,21,2025,1,23,3,4,20.9782
2025-01-24,SKU_6,WH_1,SUP_9,South,464,9,350,0,5.15,8.99,0,0,21,2025,1,24,4,4,20.990948
2025-01-25,SKU_6,WH_1,SUP_9,South,464,9,350,0,5.15,8.99,0,0,21,2025,1,25,5,4,21.024624
2025-01-26,SKU_6,WH_1,SUP_9,South,464,9,350,0,5.15,8.99,0,0,21,2025,1,26,6,4,21.08061
2025-01-27,SKU_6,WH_1,SUP_9,South,464,9,350,0,5.15,8.99,0,0,21,2025,1,27,0,5,20.658525
2025-01-28,SKU_6,WH_1,SUP_9,South,464,9,350,0,5.15,8.99,0,0,21,2025,1,28,1,5,20.641306
2025-01-29,SKU_6,WH_1,SUP_9,South,464,9,350,0,5.15,8.99,0,0,21,2025,1,29,2,5,20.570513
2024-12-31,SKU_5,WH_5,SUP_1,South,311,10,234,0,11.6,20.23,0,0,25,2024,12,31,1,1,24.503683
2025-01-01,SKU_5,WH_5,SUP_1,South,311,10,234,0,11.6,20.23,0,0,25,2025,1,1,2,1,24.55423
2025-01-02,SKU_5,WH_5,SUP_1,South,311,10,234,0,11.6,20.23,0,0,25,2025,1,2,3,1,24.493536
2025-01-03,SKU_5,WH_5,SUP_1,South,311,10,234,0,11.6,20.23,0,0,25,2025,1,3,4,1,24.658875
2025-01-04,SKU_5,WH_5,SUP_1,South,311,10,234,0,11.6,20.23,0,0,25,2025,1,4,5,1,24.763187
2025-01-05,SKU_5,WH_5,SUP_1,South,311,10,234,0,11.6,20.23,0,0,25,2025,1,5,6,1,24.739351
2025-01-06,SKU_5,WH_5,SUP_1,South,311,10,234,0,11.6,20.23,0,0,25,2025,1,6,0,2,24.493004
2025-01-07,SKU_5,WH_5,SUP_1,South,311,10,234,0,11.6,20.23,0,0,25,2025,1,7,1,2,24.545689
2025-01-08,SKU_5,WH_5,SUP_1,South,311,10,234,0,11.6,20.23,0,0,25,2025,1,8,2,2,24.622059
2025-01-09,SKU_5,WH_5,SUP_1,South,311,10,234,0,11.6,20.23,0,0,25,2025,1,9,3,2,24.609968
2025-01-10,SKU_5,WH_5,SUP_1,South,311,10,234,0,11.6,20.23,0,0,25,2025,1,10,4,2,24.588087
2025-01-11,SKU_5,WH_5,SUP_1,South,311,10,234,0,11.6,20.23,0,0,25,2025,1,11,5,2,24.627779
2025-01-12,SKU_5,WH_5,SUP_1,South,311,10,234,0,11.6,20.23,0,0,25,2025,1,12,6,2,24.583206
2025-01-13,SKU_5,WH_5,SUP_1,South,311,10,234,0,11.6,20.23,0,0,25,2025,1,13,0,3,24.613098
2025-01-14,SKU_5,WH_5,SUP_1,South,311,10,234,0,11.6,20.23,0,0,25,2025,1,14,1,3,24.762844
2025-01-15,SKU_5,WH_5,SUP_1,South,311,10,234,0,11.6,20.23,0,0,25,2025,1,15,2,3,24.74676
2025-01-16,SKU_5,WH_5,SUP_1,South,311,10,234,0,11.6,20.23,0,0,25,2025,1,16,3,3,24.732958
2025-01-17,SKU_5,WH_5,SUP_1,South,311,10,234,0,11.6,20.23,0,0,25,2025,1,17,4,3,24.744469
2025-01-18,SKU_5,WH_5,SUP_1,South,311,10,234,0,11.6,20.23,0,0,25,2025,1,18,5,3,24.919607
2025-01-19,SKU_5,WH_5,SUP_1,South,311,10,234,0,11.6,20.23,0,0,25,2025,1,19,6,3,24.905682
2025-01-20,SKU_5,WH_5,SUP_1,South,311,10,234,0,11.6,20.23,0,0,25,2025,1,20,0,4,24.559778
2025-01-21,SKU_5,WH_5,SUP_1,South,311,10,234,0,11.6,20.23,0,0,25,2025,1,21,1,4,24.664028
2025-01-22,SKU_5,WH_5,SUP_1,South,311,10,234,0,11.6,20.23,0,0,25,2025,1,22,2,4,24.622026
2025-01-23,SKU_5,WH_5,SUP_1,South,311,10,234,0,11.6,20.23,0,0,25,2025,1,23,3,4,24.577911
2025-01-24,SKU_5,WH_5,SUP_1,South,311,10,234,0,11.6,20.23,0,0,25,2025,1,24,4,4,24.570595
2025-01-25,SKU_5,WH_5,SUP_1,South,311,10,234,0,11.6,20.23,0,0,25,2025,1,25,5,4,24.645536
2025-01-26,SKU_5,WH_5,SUP_1,South,311,10,234,0,11.6,20.23,0,0,25,2025,1,26,6,4,24.63927
2025-01-27,SKU_5,WH_5,SUP_1,South,311,10,234,0,11.6,20.23,0,0,25,2025,1,27,0,5,24.637304
2025-01-28,SKU_5,WH_5,SUP_1,South,311,10,234,0,11.6,20.23,0,0,25,2025,1,28,1,5,24.76931
2025-01-29,SKU_5,WH_5,SUP_1,South,311,10,234,0,11.6,20.23,0,0,25,2025,1,29,2,5,24.730011
2024-12-31,SKU_5,WH_4,SUP_1,East,331,14,334,0,5.3,9.07,1,0,19,2024,12,31,1,1,18.081844
2025-01-01,SKU_5,WH_4,SUP_1,East,331,14,334,0,5.3,9.07,1,0,19,2025,1,1,2,1,18.56441
2025-01-02,SKU_5,WH_4,SUP_1,East,331,14,334,0,5.3,9.07,1,0,19,2025,1,2,3,1,18.366411
2025-01-03,SKU_5,WH_4,SUP_1,East,331,14,334,0,5.3,9.07,1,0,19,2025,1,3,4,1,18.804735
2025-01-04,SKU_5,WH_4,SUP_1,East,331,14,334,0,5.3,9.07,1,0,19,2025,1,4,5,1,18.9645
2025-01-05,SKU_5,WH_4,SUP_1,East,331,14,334,0,5.3,9.07,1,0,19,2025,1,5,6,1,19.145714
2025-01-06,SKU_5,WH_4,SUP_1,East,331,14,334,0,5.3,9.07,1,0,19,2025,1,6,0,2,18.1014
2025-01-07,SKU_5,WH_4,SUP_1,East,331,14,334,0,5.3,9.07,1,0,19,2025,1,7,1,2,18.687777
2025-01-08,SKU_5,WH_4,SUP_1,East,331,14,334,0,5.3,9.07,1,0,19,2025,1,8,2,2,18.831429
2025-01-09,SKU_5,WH_4,SUP_1,East,331,14,334,0,5.3,9.07,1,0,19,2025,1,9,3,2,18.914036
2025-01-10,SKU_5,WH_4,SUP_1,East,331,14,334,0,5.3,9.07,1,0,19,2025,1,10,4,2,18.950203
2025-01-11,SKU_5,WH_4,SUP_1,East,331,14,334,0,5.3,9.07,1,0,19,2025,1,11,5,2,18.942148
2025-01-12,SKU_5,WH_4,SUP_1,East,331,14,334,0,5.3,9.07,1,0,19,2025,1,12,6,2,18.965498
2025-01-13,SKU_5,WH_4,SUP_1,East,331,14,334,0,5.3,9.07,1,0,19,2025,1,13,0,3,18.08773
2025-01-14,SKU_5,WH_4,SUP_1,East,331,14,334,0,5.3,9.07,1,0,19,2025,1,14,1,3,18.487717
2025-01-15,SKU_5,WH_4,SUP_1,East,331,14,334,0,5.3,9.07,1,0,19,2025,1,15,2,3,19.018847
2025-01-16,SKU_5,WH_4,SUP_1,East,331,14,334,0,5.3,9.07,1,0,19,2025,1,16,3,3,19.125938
2025-01-17,SKU_5,WH_4,SUP_1,East,331,14,334,0,5.3,9.07,1,0,19,2025,1,17,4,3,19.238916
2025-01-18,SKU_5,WH_4,SUP_1,East,331,14,334,0,5.3,9.07,1,0,19,2025,1,18,5,3,19.26933
2025-01-19,SKU_5,WH_4,SUP_1,East,331,14,334,0,5.3,9.07,1,0,19,2025,1,19,6,3,19.347921
2025-01-20,SKU_5,WH_4,SUP_1,East,331,14,334,0,5.3,9.07,1,0,19,2025,1,20,0,4,18.525652
2025-01-21,SKU_5,WH_4,SUP_1,East,331,14,334,0,5.3,9.07,1,0,19,2025,1,21,1,4,18.6903
2025-01-22,SKU_5,WH_4,SUP_1,East,331,14,334,0,5.3,9.07,1,0,19,2025,1,22,2,4,18.982872
2025-01-23,SKU_5,WH_4,SUP_1,East,331,14,334,0,5.3,9.07,1,0,19,2025,1,23,3,4,19.064999
2025-01-24,SKU_5,WH_4,SUP_1,East,331,14,334,0,5.3,9.07,1,0,19,2025,1,24,4,4,19.05651
2025-01-25,SKU_5,WH_4,SUP_1,East,331,14,334,0,5.3,9.07,1,0,19,2025,1,25,5,4,19.090797
2025-01-26,SKU_5,WH_4,SUP_1,East,331,14,334,0,5.3,9.07,1,0,19,2025,1,26,6,4,19.164127
2025-01-27,SKU_5,WH_4,SUP_1,East,331,14,334,0,5.3,9.07,1,0,19,2025,1,27,0,5,17.988092
2025-01-28,SKU_5,WH_4,SUP_1,East,331,14,334,0,5.3,9.07,1,0,19,2025,1,28,1,5,18.17089
2025-01-29,SKU_5,WH_4,SUP_1,East,331,14,334,0,5.3,9.07,1,0,19,2025,1,29,2,5,18.437914
2024-12-31,SKU_5,WH_3,SUP_1,North,321,11,297,0,9.77,17.46,0,0,25,2024,12,31,1,1,24.266602
2025-01-01,SKU_5,WH_3,SUP_1,North,321,11,297,0,9.77,17.46,0,0,25,2025,1,1,2,1,24.48437
2025-01-02,SKU_5,WH_3,SUP_1,North,321,11,297,0,9.77,17.46,0,0,25,2025,1,2,3,1,24.382198
2025-01-03,SKU_5,WH_3,SUP_1,North,321,11,297,0,9.77,17.46,0,0,25,2025,1,3,4,1,24.56046
2025-01-04,SKU_5,WH_3,SUP_1,North,321,11,297,0,9.77,17.46,0,0,25,2025,1,4,5,1,24.642279
2025-01-05,SKU_5,WH_3,SUP_1,North,321,11,297,0,9.77,17.46,0,0,25,2025,1,5,6,1,24.629673
2025-01-06,SKU_5,WH_3,SUP_1,North,321,11,297,0,9.77,17.46,0,0,25,2025,1,6,0,2,24.412884
2025-01-07,SKU_5,WH_3,SUP_1,North,321,11,297,0,9.77,17.46,0,0,25,2025,1,7,1,2,24.455456
2025-01-08,SKU_5,WH_3,SUP_1,North,321,11,297,0,9.77,17.46,0,0,25,2025,1,8,2,2,24.54359
2025-01-09,SKU_5,WH_3,SUP_1,North,321,11,297,0,9.77,17.46,0,0,25,2025,1,9,3,2,24.5315
2025-01-10,SKU_5,WH_3,SUP_1,North,321,11,297,0,9.77,17.46,0,0,25,2025,1,10,4,2,24.59566
2025-01-11,SKU_5,WH_3,SUP_1,North,321,11,297,0,9.77,17.46,0,0,25,2025,1,11,5,2,24.602465
2025-01-12,SKU_5,WH_3,SUP_1,North,321,11,297,0,9.77,17.46,0,0,25,2025,1,12,6,2,24.559435
2025-01-13,SKU_5,WH_3,SUP_1,North,321,11,297,0,9.77,17.46,0,0,25,2025,1,13,0,3,24.515455
2025-01-14,SKU_5,WH_3,SUP_1,North,321,11,297,0,9.77,17.46,0,0,25,2025,1,14,1,3,24.656507
2025-01-15,SKU_5,WH_3,SUP_1,North,321,11,297,0,9.77,17.46,0,0,25,2025,1,15,2,3,24.666824
2025-01-16,SKU_5,WH_3,SUP_1,North,321,11,297,0,9.77,17.46,0,0,25,2025,1,16,3,3,24.653023
2025-01-17,SKU_5,WH_3,SUP_1,North,321,11,297,0,9.77,17.46,0,0,25,2025,1,17,4,3,24.64287
2025-01-18,SKU_5,WH_3,SUP_1,North,321,11,297,0,9.77,17.46,0,0,25,2025,1,18,5,3,24.78961
2025-01-19,SKU_5,WH_3,SUP_1,North,321,11,297,0,9.77,17.46,0,0,25,2025,1,19,6,3,24.81374
2025-01-20,SKU_5,WH_3,SUP_1,North,321,11,297,0,9.77,17.46,0,0,25,2025,1,20,0,4,24.403902
2025-01-21,SKU_5,WH_3,SUP_1,North,321,11,297,0,9.77,17.46,0,0,25,2025,1,21,1,4,24.4991
2025-01-22,SKU_5,WH_3,SUP_1,North,321,11,297,0,9.77,17.46,0,0,25,2025,1,22,2,4,24.502836
2025-01-23,SKU_5,WH_3,SUP_1,North,321,11,297,0,9.77,17.46,0,0,25,2025,1,23,3,4,24.458721
2025-01-24,SKU_5,WH_3,SUP_1,North,321,11,297,0,9.77,17.46,0,0,25,2025,1,24,4,4,24.462793
2025-01-25,SKU_5,WH_3,SUP_1,North,321,11,297,0,9.77,17.46,0,0,25,2025,1,25,5,4,24.504848
2025-01-26,SKU_5,WH_3,SUP_1,North,321,11,297,0,9.77,17.46,0,0,25,2025,1,26,6,4,24.5794
2025-01-27,SKU_5,WH_3,SUP_1,North,321,11,297,0,9.77,17.46,0,0,25,2025,1,27,0,5,24.53037
2025-01-28,SKU_5,WH_3,SUP_1,North,321,11,297,0,9.77,17.46,0,0,25,2025,1,28,1,5,24.643782
2025-01-29,SKU_5,WH_3,SUP_1,North,321,11,297,0,9.77,17.46,0,0,25,2025,1,29,2,5,24.654099
2024-12-31,SKU_5,WH_2,SUP_8,East,293,2,260,0,16.35,22.62,0,0,19,2024,12,31,1,1,18.635077
2025-01-01,SKU_5,WH_2,SUP_8,East,293,2,260,0,16.35,22.62,0,0,19,2025,1,1,2,1,18.397945
2025-01-02,SKU_5,WH_2,SUP_8,East,293,2,260,0,16.35,22.62,0,0,19,2025,1,2,3,1,18.602684
2025-01-03,SKU_5,WH_2,SUP_8,East,293,2,260,0,16.35,22.62,0,0,19,2025,1,3,4,1,18.831158
2025-01-04,SKU_5,WH_2,SUP_8,East,293,2,260,0,16.35,22.62,0,0,19,2025,1,4,5,1,18.877874
2025-01-05,SKU_5,WH_2,SUP_8,East,293,2,260,0,16.35,22.62,0,0,19,2025,1,5,6,1,18.801836
2025-01-06,SKU_5,WH_2,SUP_8,East,293,2,260,0,16.35,22.62,0,0,19,2025,1,6,0,2,18.693941
2025-01-07,SKU_5,WH_2,SUP_8,East,293,2,260,0,16.35,22.62,0,0,19,2025,1,7,1,2,18.6782
2025-01-08,SKU_5,WH_2,SUP_8,East,293,2,260,0,16.35,22.62,0,0,19,2025,1,8,2,2,18.83574
2025-01-09,SKU_5,WH_2,SUP_8,East,293,2,260,0,16.35,22.62,0,0,19,2025,1,9,3,2,18.864416
2025-01-10,SKU_5,WH_2,SUP_8,East,293,2,260,0,16.35,22.62,0,0,19,2025,1,10,4,2,18.9056
2025-01-11,SKU_5,WH_2,SUP_8,East,293,2,260,0,16.35,22.62,0,0,19,2025,1,11,5,2,18.91809
2025-01-12,SKU_5,WH_2,SUP_8,East,293,2,260,0,16.35,22.62,0,0,19,2025,1,12,6,2,18.822994
2025-01-13,SKU_5,WH_2,SUP_8,East,293,2,260,0,16.35,22.62,0,0,19,2025,1,13,0,3,18.872864
2025-01-14,SKU_5,WH_2,SUP_8,East,293,2,260,0,16.35,22.62,0,0,19,2025,1,14,1,3,18.948185
2025-01-15,SKU_5,WH_2,SUP_8,East,293,2,260,0,16.35,22.62,0,0,19,2025,1,15,2,3,19.01414
2025-01-16,SKU_5,WH_2,SUP_8,East,293,2,260,0,16.35,22.62,0,0,19,2025,1,16,3,3,19.00625
2025-01-17,SKU_5,WH_2,SUP_8,East,293,2,260,0,16.35,22.62,0,0,19,2025,1,17,4,3,18.989185
2025-01-18,SKU_5,WH_2,SUP_8,East,293,2,260,0,16.35,22.62,0,0,19,2025,1,18,5,3,19.137123
2025-01-19,SKU_5,WH_2,SUP_8,East,293,2,260,0,16.35,22.62,0,0,19,2025,1,19,6,3,19.075003
2025-01-20,SKU_5,WH_2,SUP_8,East,293,2,260,0,16.35,22.62,0,0,19,2025,1,20,0,4,18.713755
2025-01-21,SKU_5,WH_2,SUP_8,East,293,2,260,0,16.35,22.62,0,0,19,2025,1,21,1,4,18.736591
2025-01-22,SKU_5,WH_2,SUP_8,East,293,2,260,0,16.35,22.62,0,0,19,2025,1,22,2,4,18.782797
2025-01-23,SKU_5,WH_2,SUP_8,East,293,2,260,0,16.35,22.62,0,0,19,2025,1,23,3,4,18.832294
2025-01-24,SKU_5,WH_2,SUP_8,East,293,2,260,0,16.35,22.62,0,0,19,2025,1,24,4,4,18.712696
2025-01-25,SKU_5,WH_2,SUP_8,East,293,2,260,0,16.35,22.62,0,0,19,2025,1,25,5,4,18.760437
2025-01-26,SKU_5,WH_2,SUP_8,East,293,2,260,0,16.35,22.62,0,0,19,2025,1,26,6,4,18.7177
2025-01-27,SKU_5,WH_2,SUP_8,East,293,2,260,0,16.35,22.62,0,0,19,2025,1,27,0,5,18.145329
2025-01-28,SKU_5,WH_2,SUP_8,East,293,2,260,0,16.35,22.62,0,0,19,2025,1,28,1,5,18.236876
2025-01-29,SKU_5,WH_2,SUP_8,East,293,2,260,0,16.35,22.62,0,0,19,2025,1,29,2,5,18.296343
2024-12-31,SKU_5,WH_1,SUP_7,East,565,4,338,0,8.69,11.62,0,0,20,2024,12,31,1,1,19.622053
2025-01-01,SKU_5,WH_1,SUP_7,East,565,4,338,0,8.69,11.62,0,0,20,2025,1,1,2,1,19.651814
2025-01-02,SKU_5,WH_1,SUP_7,East,565,4,338,0,8.69,11.62,0,0,20,2025,1,2,3,1,19.650928
2025-01-03,SKU_5,WH_1,SUP_7,East,565,4,338,0,8.69,11.62,0,0,20,2025,1,3,4,1,19.649828
2025-01-04,SKU_5,WH_1,SUP_7,East,565,4,338,0,8.69,11.62,0,0,20,2025,1,4,5,1,19.750145
2025-01-05,SKU_5,WH_1,SUP_7,East,565,4,338,0,8.69,11.62,0,0,20,2025,1,5,6,1,19.73312
2025-01-06,SKU_5,WH_1,SUP_7,East,565,4,338,0,8.69,11.62,0,0,20,2025,1,6,0,2,19.684002
2025-01-07,SKU_5,WH_1,SUP_7,East,565,4,338,0,8.69,11.62,0,0,20,2025,1,7,1,2,19.65934
2025-01-08,SKU_5,WH_1,SUP_7,East,565,4,338,0,8.69,11.62,0,0,20,2025,1,8,2,2,19.749083
2025-01-09,SKU_5,WH_1,SUP_7,East,565,4,338,0,8.69,11.62,0,0,20,2025,1,9,3,2,19.749184
2025-01-10,SKU_5,WH_1,SUP_7,East,565,4,338,0,8.69,11.62,0,0,20,2025,1,10,4,2,19.782055
2025-01-11,SKU_5,WH_1,SUP_7,East,565,4,338,0,8.69,11.62,0,0,20,2025,1,11,5,2,19.817186
2025-01-12,SKU_5,WH_1,SUP_7,East,565,4,338,0,8.69,11.62,0,0,20,2025,1,12,6,2,19.785397
2025-01-13,SKU_5,WH_1,SUP_7,East,565,4,338,0,8.69,11.62,0,0,20,2025,1,13,0,3,19.906366
2025-01-14,SKU_5,WH_1,SUP_7,East,565,4,338,0,8.69,11.62,0,0,20,2025,1,14,1,3,19.893396
2025-01-15,SKU_5,WH_1,SUP_7,East,565,4,338,0,8.69,11.62,0,0,20,2025,1,15,2,3,19.891071
2025-01-16,SKU_5,WH_1,SUP_7,East,565,4,338,0,8.69,11.62,0,0,20,2025,1,16,3,3,19.88898
2025-01-17,SKU_5,WH_1,SUP_7,East,565,4,338,0,8.69,11.62,0,0,20,2025,1,17,4,3,19.864798
2025-01-18,SKU_5,WH_1,SUP_7,East,565,4,338,0,8.69,11.62,0,0,20,2025,1,18,5,3,20.062334
2025-01-19,SKU_5,WH_1,SUP_7,East,565,4,338,0,8.69,11.62,0,0,20,2025,1,19,6,3,20.055973
2025-01-20,SKU_5,WH_1,SUP_7,East,565,4,338,0,8.69,11.62,0,0,20,2025,1,20,0,4,19.841661
2025-01-21,SKU_5,WH_1,SUP_7,East,565,4,338,0,8.69,11.62,0,0,20,2025,1,21,1,4,19.808966
2025-01-22,SKU_5,WH_1,SUP_7,East,565,4,338,0,8.69,11.62,0,0,20,2025,1,22,2,4,19.793379
2025-01-23,SKU_5,WH_1,SUP_7,East,565,4,338,0,8.69,11.62,0,0,20,2025,1,23,3,4,19.760975
2025-01-24,SKU_5,WH_1,SUP_7,East,565,4,338,0,8.69,11.62,0,0,20,2025,1,24,4,4,19.75038
2025-01-25,SKU_5,WH_1,SUP_7,East,565,4,338,0,8.69,11.62,0,0,20,2025,1,25,5,4,19.831388
2025-01-26,SKU_5,WH_1,SUP_7,East,565,4,338,0,8.69,11.62,0,0,20,2025,1,26,6,4,19.842337
2025-01-27,SKU_5,WH_1,SUP_7,East,565,4,338,0,8.69,11.62,0,0,20,2025,1,27,0,5,19.361658
2025-01-28,SKU_5,WH_1,SUP_7,East,565,4,338,0,8.69,11.62,0,0,20,2025,1,28,1,5,19.400314
2025-01-29,SKU_5,WH_1,SUP_7,East,565,4,338,0,8.69,11.62,0,0,20,2025,1,29,2,5,19.408443
2024-12-31,SKU_4,WH_5,SUP_5,North,638,8,363,0,14.67,24.22,0,0,23,2024,12,31,1,1,22.873043
2025-01-01,SKU_4,WH_5,SUP_5,North,638,8,363,0,14.67,24.22,0,0,23,2025,1,1,2,1,23.048862
2025-01-02,SKU_4,WH_5,SUP_5,North,638,8,363,0,14.67,24.22,0,0,23,2025,1,2,3,1,23.058529
2025-01-03,SKU_4,WH_5,SUP_5,North,638,8,363,0,14.67,24.22,0,0,23,2025,1,3,4,1,23.091606
2025-01-04,SKU_4,WH_5,SUP_5,North,638,8,363,0,14.67,24.22,0,0,23,2025,1,4,5,1,23.099255
2025-01-05,SKU_4,WH_5,SUP_5,North,638,8,363,0,14.67,24.22,0,0,23,2025,1,5,6,1,23.091948
2025-01-06,SKU_4,WH_5,SUP_5,North,638,8,363,0,14.67,24.22,0,0,23,2025,1,6,0,2,23.031452
2025-01-07,SKU_4,WH_5,SUP_5,North,638,8,363,0,14.67,24.22,0,0,23,2025,1,7,1,2,23.043594
2025-01-08,SKU_4,WH_5,SUP_5,North,638,8,363,0,14.67,24.22,0,0,23,2025,1,8,2,2,23.14122
2025-01-09,SKU_4,WH_5,SUP_5,North,638,8,363,0,14.67,24.22,0,0,23,2025,1,9,3,2,23.164953
2025-01-10,SKU_4,WH_5,SUP_5,North,638,8,363,0,14.67,24.22,0,0,23,2025,1,10,4,2,23.1793
2025-01-11,SKU_4,WH_5,SUP_5,North,638,8,363,0,14.67,24.22,0,0,23,2025,1,11,5,2,23.168898
2025-01-12,SKU_4,WH_5,SUP_5,North,638,8,363,0,14.67,24.22,0,0,23,2025,1,12,6,2,23.153637
2025-01-13,SKU_4,WH_5,SUP_5,North,638,8,363,0,14.67,24.22,0,0,23,2025,1,13,0,3,23.195795
2025-01-14,SKU_4,WH_5,SUP_5,North,638,8,363,0,14.67,24.22,0,0,23,2025,1,14,1,3,23.265327
2025-01-15,SKU_4,WH_5,SUP_5,North,638,8,363,0,14.67,24.22,0,0,23,2025,1,15,2,3,23.272974
2025-01-16,SKU_4,WH_5,SUP_5,North,638,8,363,0,14.67,24.22,0,0,23,2025,1,16,3,3,23.250032
2025-01-17,SKU_4,WH_5,SUP_5,North,638,8,363,0,14.67,24.22,0,0,23,2025,1,17,4,3,23.198914
2025-01-18,SKU_4,WH_5,SUP_5,North,638,8,363,0,14.67,24.22,0,0,23,2025,1,18,5,3,23.314987
2025-01-19,SKU_4,WH_5,SUP_5,North,638,8,363,0,14.67,24.22,0,0,23,2025,1,19,6,3,23.30768
2025-01-20,SKU_4,WH_5,SUP_5,North,638,8,363,0,14.67,24.22,0,0,23,2025,1,20,0,4,23.194984
2025-01-21,SKU_4,WH_5,SUP_5,North,638,8,363,0,14.67,24.22,0,0,23,2025,1,21,1,4,23.242428
2025-01-22,SKU_4,WH_5,SUP_5,North,638,8,363,0,14.67,24.22,0,0,23,2025,1,22,2,4,23.233768
2025-01-23,SKU_4,WH_5,SUP_5,North,638,8,363,0,14.67,24.22,0,0,23,2025,1,23,3,4,23.233389
2025-01-24,SKU_4,WH_5,SUP_5,North,638,8,363,0,14.67,24.22,0,0,23,2025,1,24,4,4,23.161612
2025-01-25,SKU_4,WH_5,SUP_5,North,638,8,363,0,14.67,24.22,0,0,23,2025,1,25,5,4,23.192526
2025-01-26,SKU_4,WH_5,SUP_5,North,638,8,363,0,14.67,24.22,0,0,23,2025,1,26,6,4,23.193851
2025-01-27,SKU_4,WH_5,SUP_5,North,638,8,363,0,14.67,24.22,0,0,23,2025,1,27,0,5,22.816847
2025-01-28,SKU_4,WH_5,SUP_5,North,638,8,363,0,14.67,24.22,0,0,23,2025,1,28,1,5,22.968222
2025-01-29,SKU_4,WH_5,SUP_5,North,638,8,363,0,14.67,24.22,0,0,23,2025,1,29,2,5,22.985424
2024-12-31,SKU_4,WH_4,SUP_1,East,412,12,233,0,10.59,17.18,0,0,23,2024,12,31,1,1,22.567947
2025-01-01,SKU_4,WH_4,SUP_1,East,412,12,233,0,10.59,17.18,0,0,23,2025,1,1,2,1,22.68344
2025-01-02,SKU_4,WH_4,SUP_1,East,412,12,233,0,10.59,17.18,0,0,23,2025,1,2,3,1,22.683552
2025-01-03,SKU_4,WH_4,SUP_1,East,412,12,233,0,10.59,17.18,0,0,23,2025,1,3,4,1,22.852919
2025-01-04,SKU_4,WH_4,SUP_1,East,412,12,233,0,10.59,17.18,0,0,23,2025,1,4,5,1,22.891546
2025-01-05,SKU_4,WH_4,SUP_1,East,412,12,233,0,10.59,17.18,0,0,23,2025,1,5,6,1,22.89395
2025-01-06,SKU_4,WH_4,SUP_1,East,412,12,233,0,10.59,17.18,0,0,23,2025,1,6,0,2,22.75074
2025-01-07,SKU_4,WH_4,SUP_1,East,412,12,233,0,10.59,17.18,0,0,23,2025,1,7,1,2,22.712658
2025-01-08,SKU_4,WH_4,SUP_1,East,412,12,233,0,10.59,17.18,0,0,23,2025,1,8,2,2,22.80123
2025-01-09,SKU_4,WH_4,SUP_1,East,412,12,233,0,10.59,17.18,0,0,23,2025,1,9,3,2,22.789139
2025-01-10,SKU_4,WH_4,SUP_1,East,412,12,233,0,10.59,17.18,0,0,23,2025,1,10,4,2,22.844404
2025-01-11,SKU_4,WH_4,SUP_1,East,412,12,233,0,10.59,17.18,0,0,23,2025,1,11,5,2,22.84665
2025-01-12,SKU_4,WH_4,SUP_1,East,412,12,233,0,10.59,17.18,0,0,23,2025,1,12,6,2,22.828316
2025-01-13,SKU_4,WH_4,SUP_1,East,412,12,233,0,10.59,17.18,0,0,23,2025,1,13,0,3,22.844576
2025-01-14,SKU_4,WH_4,SUP_1,East,412,12,233,0,10.59,17.18,0,0,23,2025,1,14,1,3,22.906456
2025-01-15,SKU_4,WH_4,SUP_1,East,412,12,233,0,10.59,17.18,0,0,23,2025,1,15,2,3,22.902723
2025-01-16,SKU_4,WH_4,SUP_1,East,412,12,233,0,10.59,17.18,0,0,23,2025,1,16,3,3,22.765617
2025-01-17,SKU_4,WH_4,SUP_1,East,412,12,233,0,10.59,17.18,0,0,23,2025,1,17,4,3,22.746613
2025-01-18,SKU_4,WH_4,SUP_1,East,412,12,233,0,10.59,17.18,0,0,23,2025,1,18,5,3,22.888708
2025-01-19,SKU_4,WH_4,SUP_1,East,412,12,233,0,10.59,17.18,0,0,23,2025,1,19,6,3,22.917936
2025-01-20,SKU_4,WH_4,SUP_1,East,412,12,233,0,10.59,17.18,0,0,23,2025,1,20,0,4,22.685778
2025-01-21,SKU_4,WH_4,SUP_1,East,412,12,233,0,10.59,17.18,0,0,23,2025,1,21,1,4,22.698387
2025-01-22,SKU_4,WH_4,SUP_1,East,412,12,233,0,10.59,17.18,0,0,23,2025,1,22,2,4,22.694574
2025-01-23,SKU_4,WH_4,SUP_1,East,412,12,233,0,10.59,17.18,0,0,23,2025,1,23,3,4,22.682484
2025-01-24,SKU_4,WH_4,SUP_1,East,412,12,233,0,10.59,17.18,0,0,23,2025,1,24,4,4,22.66642
2025-01-25,SKU_4,WH_4,SUP_1,East,412,12,233,0,10.59,17.18,0,0,23,2025,1,25,5,4,22.708475
2025-01-26,SKU_4,WH_4,SUP_1,East,412,12,233,0,10.59,17.18,0,0,23,2025,1,26,6,4,22.749424
2025-01-27,SKU_4,WH_4,SUP_1,East,412,12,233,0,10.59,17.18,0,0,23,2025,1,27,0,5,22.512373
2025-01-28,SKU_4,WH_4,SUP_1,East,412,12,233,0,10.59,17.18,0,0,23,2025,1,28,1,5,22.568306
2025-01-29,SKU_4,WH_4,SUP_1,East,412,12,233,0,10.59,17.18,0,0,23,2025,1,29,2,5,22.482912
2024-12-31,SKU_4,WH_3,SUP_6,North,596,7,279,0,11.33,16.47,0,0,18,2024,12,31,1,1,17.78153
2025-01-01,SKU_4,WH_3,SUP_6,North,596,7,279,0,11.33,16.47,0,0,18,2025,1,1,2,1,18.076735
2025-01-02,SKU_4,WH_3,SUP_6,North,596,7,279,0,11.33,16.47,0,0,18,2025,1,2,3,1,18.093647
2025-01-03,SKU_4,WH_3,SUP_6,North,596,7,279,0,11.33,16.47,0,0,18,2025,1,3,4,1,18.149668
2025-01-04,SKU_4,WH_3,SUP_6,North,596,7,279,0,11.33,16.47,0,0,18,2025,1,4,5,1,18.232563
2025-01-05,SKU_4,WH_3,SUP_6,North,596,7,279,0,11.33,16.47,0,0,18,2025,1,5,6,1,18.181221
2025-01-06,SKU_4,WH_3,SUP_6,North,596,7,279,0,11.33,16.47,0,0,18,2025,1,6,0,2,18.255901
2025-01-07,SKU_4,WH_3,SUP_6,North,596,7,279,0,11.33,16.47,0,0,18,2025,1,7,1,2,18.228218
2025-01-08,SKU_4,WH_3,SUP_6,North,596,7,279,0,11.33,16.47,0,0,18,2025,1,8,2,2,18.30743
2025-01-09,SKU_4,WH_3,SUP_6,North,596,7,279,0,11.33,16.47,0,0,18,2025,1,9,3,2,18.299816
2025-01-10,SKU_4,WH_3,SUP_6,North,596,7,279,0,11.33,16.47,0,0,18,2025,1,10,4,2,18.332489
2025-01-11,SKU_4,WH_3,SUP_6,North,596,7,279,0,11.33,16.47,0,0,18,2025,1,11,5,2,18.317526
2025-01-12,SKU_4,WH_3,SUP_6,North,596,7,279,0,11.33,16.47,0,0,18,2025,1,12,6,2,18.258228
2025-01-13,SKU_4,WH_3,SUP_6,North,596,7,279,0,11.33,16.47,0,0,18,2025,1,13,0,3,18.377617
2025-01-14,SKU_4,WH_3,SUP_6,North,596,7,279,0,11.33,16.47,0,0,18,2025,1,14,1,3,18.371723
2025-01-15,SKU_4,WH_3,SUP_6,North,596,7,279,0,11.33,16.47,0,0,18,2025,1,15,2,3,18.36773
2025-01-16,SKU_4,WH_3,SUP_6,North,596,7,279,0,11.33,16.47,0,0,18,2025,1,16,3,3,18.402643
2025-01-17,SKU_4,WH_3,SUP_6,North,596,7,279,0,11.33,16.47,0,0,18,2025,1,17,4,3,18.37846
2025-01-18,SKU_4,WH_3,SUP_6,North,596,7,279,0,11.33,16.47,0,0,18,2025,1,18,5,3,18.494534
2025-01-19,SKU_4,WH_3,SUP_6,North,596,7,279,0,11.33,16.47,0,0,18,2025,1,19,6,3,18.44697
2025-01-20,SKU_4,WH_3,SUP_6,North,596,7,279,0,11.33,16.47,0,0,18,2025,1,20,0,4,18.241177
2025-01-21,SKU_4,WH_3,SUP_6,North,596,7,279,0,11.33,16.47,0,0,18,2025,1,21,1,4,18.308262
2025-01-22,SKU_4,WH_3,SUP_6,North,596,7,279,0,11.33,16.47,0,0,18,2025,1,22,2,4,18.27555
2025-01-23,SKU_4,WH_3,SUP_6,North,596,7,279,0,11.33,16.47,0,0,18,2025,1,23,3,4,18.30128
2025-01-24,SKU_4,WH_3,SUP_6,North,596,7,279,0,11.33,16.47,0,0,18,2025,1,24,4,4,18.256613
2025-01-25,SKU_4,WH_3,SUP_6,North,596,7,279,0,11.33,16.47,0,0,18,2025,1,25,5,4,18.28146
2025-01-26,SKU_4,WH_3,SUP_6,North,596,7,279,0,11.33,16.47,0,0,18,2025,1,26,6,4,18.23913
2025-01-27,SKU_4,WH_3,SUP_6,North,596,7,279,0,11.33,16.47,0,0,18,2025,1,27,0,5,18.118355
2025-01-28,SKU_4,WH_3,SUP_6,North,596,7,279,0,11.33,16.47,0,0,18,2025,1,28,1,5,18.216635
2025-01-29,SKU_4,WH_3,SUP_6,North,596,7,279,0,11.33,16.47,0,0,18,2025,1,29,2,5,18.195913
2024-12-31,SKU_4,WH_2,SUP_9,North,606,13,317,0,19.25,31.31,0,0,23,2024,12,31,1,1,22.700018
2025-01-01,SKU_4,WH_2,SUP_9,North,606,13,317,0,19.25,31.31,0,0,23,2025,1,1,2,1,23.30434
2025-01-02,SKU_4,WH_2,SUP_9,North,606,13,317,0,19.25,31.31,0,0,23,2025,1,2,3,1,23.367647
2025-01-03,SKU_4,WH_2,SUP_9,North,606,13,317,0,19.25,31.31,0,0,23,2025,1,3,4,1,23.371197
2025-01-04,SKU_4,WH_2,SUP_9,North,606,13,317,0,19.25,31.31,0,0,23,2025,1,4,5,1,23.361458
2025-01-05,SKU_4,WH_2,SUP_9,North,606,13,317,0,19.25,31.31,0,0,23,2025,1,5,6,1,23.362246
2025-01-06,SKU_4,WH_2,SUP_9,North,606,13,317,0,19.25,31.31,0,0,23,2025,1,6,0,2,23.407318
2025-01-07,SKU_4,WH_2,SUP_9,North,606,13,317,0,19.25,31.31,0,0,23,2025,1,7,1,2,23.427328
2025-01-08,SKU_4,WH_2,SUP_9,North,606,13,317,0,19.25,31.31,0,0,23,2025,1,8,2,2,23.372602
2025-01-09,SKU_4,WH_2,SUP_9,North,606,13,317,0,19.25,31.31,0,0,23,2025,1,9,3,2,23.381302
2025-01-10,SKU_4,WH_2,SUP_9,North,606,13,317,0,19.25,31.31,0,0,23,2025,1,10,4,2,23.386337
2025-01-11,SKU_4,WH_2,SUP_9,North,606,13,317,0,19.25,31.31,0,0,23,2025,1,11,5,2,23.446804
2025-01-12,SKU_4,WH_2,SUP_9,North,606,13,317,0,19.25,31.31,0,0,23,2025,1,12,6,2,23.381935
2025-01-13,SKU_4,WH_2,SUP_9,North,606,13,317,0,19.25,31.31,0,0,23,2025,1,13,0,3,23.378654
2025-01-14,SKU_4,WH_2,SUP_9,North,606,13,317,0,19.25,31.31,0,0,23,2025,1,14,1,3,23.347116
2025-01-15,SKU_4,WH_2,SUP_9,North,606,13,317,0,19.25,31.31,0,0,23,2025,1,15,2,3,23.17679
2025-01-16,SKU_4,WH_2,SUP_9,North,606,13,317,0,19.25,31.31,0,0,23,2025,1,16,3,3,23.194897
2025-01-17,SKU_4,WH_2,SUP_9,North,606,13,317,0,19.25,31.31,0,0,23,2025,1,17,4,3,23.150026
2025-01-18,SKU_4,WH_2,SUP_9,North,606,13,317,0,19.25,31.31,0,0,23,2025,1,18,5,3,23.242079
2025-01-19,SKU_4,WH_2,SUP_9,North,606,13,317,0,19.25,31.31,0,0,23,2025,1,19,6,3,23.35755
2025-01-20,SKU_4,WH_2,SUP_9,North,606,13,317,0,19.25,31.31,0,0,23,2025,1,20,0,4,23.246105
2025-01-21,SKU_4,WH_2,SUP_9,North,606,13,317,0,19.25,31.31,0,0,23,2025,1,21,1,4,23.268147
2025-01-22,SKU_4,WH_2,SUP_9,North,606,13,317,0,19.25,31.31,0,0,23,2025,1,22,2,4,23.092009
2025-01-23,SKU_4,WH_2,SUP_9,North,606,13,317,0,19.25,31.31,0,0,23,2025,1,23,3,4,23.11773
2025-01-24,SKU_4,WH_2,SUP_9,North,606,13,317,0,19.25,31.31,0,0,23,2025,1,24,4,4,23.077366
2025-01-25,SKU_4,WH_2,SUP_9,North,606,13,317,0,19.25,31.31,0,0,23,2025,1,25,5,4,23.161766
2025-01-26,SKU_4,WH_2,SUP_9,North,606,13,317,0,19.25,31.31,0,0,23,2025,1,26,6,4,23.22001
2025-01-27,SKU_4,WH_2,SUP_9,North,606,13,317,0,19.25,31.31,0,0,23,2025,1,27,0,5,22.704514
2025-01-28,SKU_4,WH_2,SUP_9,North,606,13,317,0,19.25,31.31,0,0,23,2025,1,28,1,5,22.855911
2025-01-29,SKU_4,WH_2,SUP_9,North,606,13,317,0,19.25,31.31,0,0,23,2025,1,29,2,5,22.740643
2024-12-31,SKU_4,WH_1,SUP_10,North,417,11,298,0,12.74,15.44,0,0,22,2024,12,31,1,1,21.812706
2025-01-01,SKU_4,WH_1,SUP_10,North,417,11,298,0,12.74,15.44,0,0,22,2025,1,1,2,1,21.989563
2025-01-02,SKU_4,WH_1,SUP_10,North,417,11,298,0,12.74,15.44,0,0,22,2025,1,2,3,1,21.979593
2025-01-03,SKU_4,WH_1,SUP_10,North,417,11,298,0,12.74,15.44,0,0,22,2025,1,3,4,1,22.160961
2025-01-04,SKU_4,WH_1,SUP_10,North,417,11,298,0,12.74,15.44,0,0,22,2025,1,4,5,1,22.211882
2025-01-05,SKU_4,WH_1,SUP_10,North,417,11,298,0,12.74,15.44,0,0,22,2025,1,5,6,1,22.214285
2025-01-06,SKU_4,WH_1,SUP_10,North,417,11,298,0,12.74,15.44,0,0,22,2025,1,6,0,2,22.133522
2025-01-07,SKU_4,WH_1,SUP_10,North,417,11,298,0,12.74,15.44,0,0,22,2025,1,7,1,2,22.060835
2025-01-08,SKU_4,WH_1,SUP_10,North,417,11,298,0,12.74,15.44,0,0,22,2025,1,8,2,2,22.140102
2025-01-09,SKU_4,WH_1,SUP_10,North,417,11,298,0,12.74,15.44,0,0,22,2025,1,9,3,2,22.128012
2025-01-10,SKU_4,WH_1,SUP_10,North,417,11,298,0,12.74,15.44,0,0,22,2025,1,10,4,2,22.164179
2025-01-11,SKU_4,WH_1,SUP_10,North,417,11,298,0,12.74,15.44,0,0,22,2025,1,11,5,2,22.166424
2025-01-12,SKU_4,WH_1,SUP_10,North,417,11,298,0,12.74,15.44,0,0,22,2025,1,12,6,2,22.14809
2025-01-13,SKU_4,WH_1,SUP_10,North,417,11,298,0,12.74,15.44,0,0,22,2025,1,13,0,3,22.2428
2025-01-14,SKU_4,WH_1,SUP_10,North,417,11,298,0,12.74,15.44,0,0,22,2025,1,14,1,3,22.263525
2025-01-15,SKU_4,WH_1,SUP_10,North,417,11,298,0,12.74,15.44,0,0,22,2025,1,15,2,3,22.250488
2025-01-16,SKU_4,WH_1,SUP_10,North,417,11,298,0,12.74,15.44,0,0,22,2025,1,16,3,3,22.215836
2025-01-17,SKU_4,WH_1,SUP_10,North,417,11,298,0,12.74,15.44,0,0,22,2025,1,17,4,3,22.184069
2025-01-18,SKU_4,WH_1,SUP_10,North,417,11,298,0,12.74,15.44,0,0,22,2025,1,18,5,3,22.335676
2025-01-19,SKU_4,WH_1,SUP_10,North,417,11,298,0,12.74,15.44,0,0,22,2025,1,19,6,3,22.364904
2025-01-20,SKU_4,WH_1,SUP_10,North,417,11,298,0,12.74,15.44,0,0,22,2025,1,20,0,4,22.036844
2025-01-21,SKU_4,WH_1,SUP_10,North,417,11,298,0,12.74,15.44,0,0,22,2025,1,21,1,4,22.014357
2025-01-22,SKU_4,WH_1,SUP_10,North,417,11,298,0,12.74,15.44,0,0,22,2025,1,22,2,4,21.965921
2025-01-23,SKU_4,WH_1,SUP_10,North,417,11,298,0,12.74,15.44,0,0,22,2025,1,23,3,4,21.95383
2025-01-24,SKU_4,WH_1,SUP_10,North,417,11,298,0,12.74,15.44,0,0,22,2025,1,24,4,4,21.920925
2025-01-25,SKU_4,WH_1,SUP_10,North,417,11,298,0,12.74,15.44,0,0,22,2025,1,25,5,4,21.96298
2025-01-26,SKU_4,WH_1,SUP_10,North,417,11,298,0,12.74,15.44,0,0,22,2025,1,26,6,4,22.014565
2025-01-27,SKU_4,WH_1,SUP_10,North,417,11,298,0,12.74,15.44,0,0,22,2025,1,27,0,5,21.859972
2025-01-28,SKU_4,WH_1,SUP_10,North,417,11,298,0,12.74,15.44,0,0,22,2025,1,28,1,5,21.6713
2025-01-29,SKU_4,WH_1,SUP_10,North,417,11,298,0,12.74,15.44,0,0,22,2025,1,29,2,5,21.658264
2024-12-31,SKU_3,WH_5,SUP_3,South,427,7,253,0,16.03,21.85,0,0,27,2024,12,31,1,1,27.002329
2025-01-01,SKU_3,WH_5,SUP_3,South,427,7,253,0,16.03,21.85,0,0,27,2025,1,1,2,1,26.487793
2025-01-02,SKU_3,WH_5,SUP_3,South,427,7,253,0,16.03,21.85,0,0,27,2025,1,2,3,1,26.577854
2025-01-03,SKU_3,WH_5,SUP_3,South,427,7,253,0,16.03,21.85,0,0,27,2025,1,3,4,1,26.71095
2025-01-04,SKU_3,WH_5,SUP_3,South,427,7,253,0,16.03,21.85,0,0,27,2025,1,4,5,1,26.936192
2025-01-05,SKU_3,WH_5,SUP_3,South,427,7,253,0,16.03,21.85,0,0,27,2025,1,5,6,1,26.924524
2025-01-06,SKU_3,WH_5,SUP_3,South,427,7,253,0,16.03,21.85,0,0,27,2025,1,6,0,2,26.815754
2025-01-07,SKU_3,WH_5,SUP_3,South,427,7,253,0,16.03,21.85,0,0,27,2025,1,7,1,2,26.773106
2025-01-08,SKU_3,WH_5,SUP_3,South,427,7,253,0,16.03,21.85,0,0,27,2025,1,8,2,2,26.857784
2025-01-09,SKU_3,WH_5,SUP_3,South,427,7,253,0,16.03,21.85,0,0,27,2025,1,9,3,2,26.844301
2025-01-10,SKU_3,WH_5,SUP_3,South,427,7,253,0,16.03,21.85,0,0,27,2025,1,10,4,2,26.888288
2025-01-11,SKU_3,WH_5,SUP_3,South,427,7,253,0,16.03,21.85,0,0,27,2025,1,11,5,2,26.90078
2025-01-12,SKU_3,WH_5,SUP_3,South,427,7,253,0,16.03,21.85,0,0,27,2025,1,12,6,2,26.852217
2025-01-13,SKU_3,WH_5,SUP_3,South,427,7,253,0,16.03,21.85,0,0,27,2025,1,13,0,3,26.922075
2025-01-14,SKU_3,WH_5,SUP_3,South,427,7,253,0,16.03,21.85,0,0,27,2025,1,14,1,3,26.9527
2025-01-15,SKU_3,WH_5,SUP_3,South,427,7,253,0,16.03,21.85,0,0,27,2025,1,15,2,3,26.938437
2025-01-16,SKU_3,WH_5,SUP_3,South,427,7,253,0,16.03,21.85,0,0,27,2025,1,16,3,3,26.928116
2025-01-17,SKU_3,WH_5,SUP_3,South,427,7,253,0,16.03,21.85,0,0,27,2025,1,17,4,3,26.914524
2025-01-18,SKU_3,WH_5,SUP_3,South,427,7,253,0,16.03,21.85,0,0,27,2025,1,18,5,3,27.062462
2025-01-19,SKU_3,WH_5,SUP_3,South,427,7,253,0,16.03,21.85,0,0,27,2025,1,19,6,3,27.047009
2025-01-20,SKU_3,WH_5,SUP_3,South,427,7,253,0,16.03,21.85,0,0,27,2025,1,20,0,4,26.951748
2025-01-21,SKU_3,WH_5,SUP_3,South,427,7,253,0,16.03,21.85,0,0,27,2025,1,21,1,4,26.954124
2025-01-22,SKU_3,WH_5,SUP_3,South,427,7,253,0,16.03,21.85,0,0,27,2025,1,22,2,4,26.979029
2025-01-23,SKU_3,WH_5,SUP_3,South,427,7,253,0,16.03,21.85,0,0,27,2025,1,23,3,4,26.970419
2025-01-24,SKU_3,WH_5,SUP_3,South,427,7,253,0,16.03,21.85,0,0,27,2025,1,24,4,4,26.937721
2025-01-25,SKU_3,WH_5,SUP_3,South,427,7,253,0,16.03,21.85,0,0,27,2025,1,25,5,4,26.985462
2025-01-26,SKU_3,WH_5,SUP_3,South,427,7,253,0,16.03,21.85,0,0,27,2025,1,26,6,4,26.991455
2025-01-27,SKU_3,WH_5,SUP_3,South,427,7,253,0,16.03,21.85,0,0,27,2025,1,27,0,5,27.068892
2025-01-28,SKU_3,WH_5,SUP_3,South,427,7,253,0,16.03,21.85,0,0,27,2025,1,28,1,5,27.118578
2025-01-29,SKU_3,WH_5,SUP_3,South,427,7,253,0,16.03,21.85,0,0,27,2025,1,29,2,5,27.104315
2024-12-31,SKU_3,WH_4,SUP_4,East,580,10,355,0,13.16,22.11,0,0,20,2024,12,31,1,1,20.19799
2025-01-01,SKU_3,WH_4,SUP_4,East,580,10,355,0,13.16,22.11,0,0,20,2025,1,1,2,1,19.665276
2025-01-02,SKU_3,WH_4,SUP_4,East,580,10,355,0,13.16,22.11,0,0,20,2025,1,2,3,1,19.648655
2025-01-03,SKU_3,WH_4,SUP_4,East,580,10,355,0,13.16,22.11,0,0,20,2025,1,3,4,1,19.73296
2025-01-04,SKU_3,WH_4,SUP_4,East,580,10,355,0,13.16,22.11,0,0,20,2025,1,4,5,1,19.866402
2025-01-05,SKU_3,WH_4,SUP_4,East,580,10,355,0,13.16,22.11,0,0,20,2025,1,5,6,1,19.868805
2025-01-06,SKU_3,WH_4,SUP_4,East,580,10,355,0,13.16,22.11,0,0,20,2025,1,6,0,2,19.866446
2025-01-07,SKU_3,WH_4,SUP_4,East,580,10,355,0,13.16,22.11,0,0,20,2025,1,7,1,2,20.09508
2025-01-08,SKU_3,WH_4,SUP_4,East,580,10,355,0,13.16,22.11,0,0,20,2025,1,8,2,2,20.192707
2025-01-09,SKU_3,WH_4,SUP_4,East,580,10,355,0,13.16,22.11,0,0,20,2025,1,9,3,2,20.197048
2025-01-10,SKU_3,WH_4,SUP_4,East,580,10,355,0,13.16,22.11,0,0,20,2025,1,10,4,2,20.218151
2025-01-11,SKU_3,WH_4,SUP_4,East,580,10,355,0,13.16,22.11,0,0,20,2025,1,11,5,2,20.230644
2025-01-12,SKU_3,WH_4,SUP_4,East,580,10,355,0,13.16,22.11,0,0,20,2025,1,12,6,2,20.225094
2025-01-13,SKU_3,WH_4,SUP_4,East,580,10,355,0,13.16,22.11,0,0,20,2025,1,13,0,3,20.289968
2025-01-14,SKU_3,WH_4,SUP_4,East,580,10,355,0,13.16,22.11,0,0,20,2025,1,14,1,3,20.313765
2025-01-15,SKU_3,WH_4,SUP_4,East,580,10,355,0,13.16,22.11,0,0,20,2025,1,15,2,3,20.321411
2025-01-16,SKU_3,WH_4,SUP_4,East,580,10,355,0,13.16,22.11,0,0,20,2025,1,16,3,3,20.31932
2025-01-17,SKU_3,WH_4,SUP_4,East,580,10,355,0,13.16,22.11,0,0,20,2025,1,17,4,3,20.304287
2025-01-18,SKU_3,WH_4,SUP_4,East,580,10,355,0,13.16,22.11,0,0,20,2025,1,18,5,3,20.43153
2025-01-19,SKU_3,WH_4,SUP_4,East,580,10,355,0,13.16,22.11,0,0,20,2025,1,19,6,3,20.433933
2025-01-20,SKU_3,WH_4,SUP_4,East,580,10,355,0,13.16,22.11,0,0,20,2025,1,20,0,4,20.145708
2025-01-21,SKU_3,WH_4,SUP_4,East,580,10,355,0,13.16,22.11,0,0,20,2025,1,21,1,4,20.135027
2025-01-22,SKU_3,WH_4,SUP_4,East,580,10,355,0,13.16,22.11,0,0,20,2025,1,22,2,4,20.143986
2025-01-23,SKU_3,WH_4,SUP_4,East,580,10,355,0,13.16,22.11,0,0,20,2025,1,23,3,4,20.143604
2025-01-24,SKU_3,WH_4,SUP_4,East,580,10,355,0,13.16,22.11,0,0,20,2025,1,24,4,4,20.11074
2025-01-25,SKU_3,WH_4,SUP_4,East,580,10,355,0,13.16,22.11,0,0,20,2025,1,25,5,4,20.171051
2025-01-26,SKU_3,WH_4,SUP_4,East,580,10,355,0,13.16,22.11,0,0,20,2025,1,26,6,4,20.312824
2025-01-27,SKU_3,WH_4,SUP_4,East,580,10,355,0,13.16,22.11,0,0,20,2025,1,27,0,5,19.8501
2025-01-28,SKU_3,WH_4,SUP_4,East,580,10,355,0,13.16,22.11,0,0,20,2025,1,28,1,5,19.873415
2025-01-29,SKU_3,WH_4,SUP_4,East,580,10,355,0,13.16,22.11,0,0,20,2025,1,29,2,5,19.90609
2024-12-31,SKU_3,WH_3,SUP_8,East,275,9,249,0,6.21,9.91,0,0,21,2024,12,31,1,1,20.836823
2025-01-01,SKU_3,WH_3,SUP_8,East,275,9,249,0,6.21,9.91,0,0,21,2025,1,1,2,1,20.833778
2025-01-02,SKU_3,WH_3,SUP_8,East,275,9,249,0,6.21,9.91,0,0,21,2025,1,2,3,1,20.491219
2025-01-03,SKU_3,WH_3,SUP_8,East,275,9,249,0,6.21,9.91,0,0,21,2025,1,3,4,1,20.657814
2025-01-04,SKU_3,WH_3,SUP_8,East,275,9,249,0,6.21,9.91,0,0,21,2025,1,4,5,1,20.725018
2025-01-05,SKU_3,WH_3,SUP_8,East,275,9,249,0,6.21,9.91,0,0,21,2025,1,5,6,1,20.750072
2025-01-06,SKU_3,WH_3,SUP_8,East,275,9,249,0,6.21,9.91,0,0,21,2025,1,6,0,2,21.19963
2025-01-07,SKU_3,WH_3,SUP_8,East,275,9,249,0,6.21,9.91,0,0,21,2025,1,7,1,2,21.06644
2025-01-08,SKU_3,WH_3,SUP_8,East,275,9,249,0,6.21,9.91,0,0,21,2025,1,8,2,2,21.154575
2025-01-09,SKU_3,WH_3,SUP_8,East,275,9,249,0,6.21,9.91,0,0,21,2025,1,9,3,2,21.15987
2025-01-10,SKU_3,WH_3,SUP_8,East,275,9,249,0,6.21,9.91,0,0,21,2025,1,10,4,2,21.110384
2025-01-11,SKU_3,WH_3,SUP_8,East,275,9,249,0,6.21,9.91,0,0,21,2025,1,11,5,2,21.108395
2025-01-12,SKU_3,WH_3,SUP_8,East,275,9,249,0,6.21,9.91,0,0,21,2025,1,12,6,2,21.121202
2025-01-13,SKU_3,WH_3,SUP_8,East,275,9,249,0,6.21,9.91,0,0,21,2025,1,13,0,3,21.296381
2025-01-14,SKU_3,WH_3,SUP_8,East,275,9,249,0,6.21,9.91,0,0,21,2025,1,14,1,3,21.294945
2025-01-15,SKU_3,WH_3,SUP_8,East,275,9,249,0,6.21,9.91,0,0,21,2025,1,15,2,3,21.305262
2025-01-16,SKU_3,WH_3,SUP_8,East,275,9,249,0,6.21,9.91,0,0,21,2025,1,16,3,3,21.330143
2025-01-17,SKU_3,WH_3,SUP_8,East,275,9,249,0,6.21,9.91,0,0,21,2025,1,17,4,3,21.284199
2025-01-18,SKU_3,WH_3,SUP_8,East,275,9,249,0,6.21,9.91,0,0,21,2025,1,18,5,3,21.427084
2025-01-19,SKU_3,WH_3,SUP_8,East,275,9,249,0,6.21,9.91,0,0,21,2025,1,19,6,3,21.470034
2025-01-20,SKU_3,WH_3,SUP_8,East,275,9,249,0,6.21,9.91,0,0,21,2025,1,20,0,4,21.202103
2025-01-21,SKU_3,WH_3,SUP_8,East,275,9,249,0,6.21,9.91,0,0,21,2025,1,21,1,4,21.078161
2025-01-22,SKU_3,WH_3,SUP_8,East,275,9,249,0,6.21,9.91,0,0,21,2025,1,22,2,4,21.081898
2025-01-23,SKU_3,WH_3,SUP_8,East,275,9,249,0,6.21,9.91,0,0,21,2025,1,23,3,4,21.087193
2025-01-24,SKU_3,WH_3,SUP_8,East,275,9,249,0,6.21,9.91,0,0,21,2025,1,24,4,4,20.944012
2025-01-25,SKU_3,WH_3,SUP_8,East,275,9,249,0,6.21,9.91,0,0,21,2025,1,25,5,4,20.985872
2025-01-26,SKU_3,WH_3,SUP_8,East,275,9,249,0,6.21,9.91,0,0,21,2025,1,26,6,4,21.193956
2025-01-27,SKU_3,WH_3,SUP_8,East,275,9,249,0,6.21,9.91,0,0,21,2025,1,27,0,5,20.922617
2025-01-28,SKU_3,WH_3,SUP_8,East,275,9,249,0,6.21,9.91,0,0,21,2025,1,28,1,5,20.85045
2025-01-29,SKU_3,WH_3,SUP_8,East,275,9,249,0,6.21,9.91,0,0,21,2025,1,29,2,5,20.828554
2024-12-31,SKU_3,WH_2,SUP_6,North,419,13,270,0,13.3,23.47,0,0,13,2024,12,31,1,1,12.627975
2025-01-01,SKU_3,WH_2,SUP_6,North,419,13,270,0,13.3,23.47,0,0,13,2025,1,1,2,1,12.858224
2025-01-02,SKU_3,WH_2,SUP_6,North,419,13,270,0,13.3,23.47,0,0,13,2025,1,2,3,1,12.762854
2025-01-03,SKU_3,WH_2,SUP_6,North,419,13,270,0,13.3,23.47,0,0,13,2025,1,3,4,1,12.853315
2025-01-04,SKU_3,WH_2,SUP_6,North,419,13,270,0,13.3,23.47,0,0,13,2025,1,4,5,1,12.95712
2025-01-05,SKU_3,WH_2,SUP_6,North,419,13,270,0,13.3,23.47,0,0,13,2025,1,5,6,1,12.930695
2025-01-06,SKU_3,WH_2,SUP_6,North,419,13,270,0,13.3,23.47,0,0,13,2025,1,6,0,2,12.78908
2025-01-07,SKU_3,WH_2,SUP_6,North,419,13,270,0,13.3,23.47,0,0,13,2025,1,7,1,2,12.672432
2025-01-08,SKU_3,WH_2,SUP_6,North,419,13,270,0,13.3,23.47,0,0,13,2025,1,8,2,2,12.747781
2025-01-09,SKU_3,WH_2,SUP_6,North,419,13,270,0,13.3,23.47,0,0,13,2025,1,9,3,2,12.720637
2025-01-10,SKU_3,WH_2,SUP_6,North,419,13,270,0,13.3,23.47,0,0,13,2025,1,10,4,2,12.796216
2025-01-11,SKU_3,WH_2,SUP_6,North,419,13,270,0,13.3,23.47,0,0,13,2025,1,11,5,2,12.877157
2025-01-12,SKU_3,WH_2,SUP_6,North,419,13,270,0,13.3,23.47,0,0,13,2025,1,12,6,2,12.829995
2025-01-13,SKU_3,WH_2,SUP_6,North,419,13,270,0,13.3,23.47,0,0,13,2025,1,13,0,3,12.706912
2025-01-14,SKU_3,WH_2,SUP_6,North,419,13,270,0,13.3,23.47,0,0,13,2025,1,14,1,3,12.699264
2025-01-15,SKU_3,WH_2,SUP_6,North,419,13,270,0,13.3,23.47,0,0,13,2025,1,15,2,3,12.695268
2025-01-16,SKU_3,WH_2,SUP_6,North,419,13,270,0,13.3,23.47,0,0,13,2025,1,16,3,3,12.707573
2025-01-17,SKU_3,WH_2,SUP_6,North,419,13,270,0,13.3,23.47,0,0,13,2025,1,17,4,3,12.730742
2025-01-18,SKU_3,WH_2,SUP_6,North,419,13,270,0,13.3,23.47,0,0,13,2025,1,18,5,3,12.935814
2025-01-19,SKU_3,WH_2,SUP_6,North,419,13,270,0,13.3,23.47,0,0,13,2025,1,19,6,3,12.916422
2025-01-20,SKU_3,WH_2,SUP_6,North,419,13,270,0,13.3,23.47,0,0,13,2025,1,20,0,4,12.843097
2025-01-21,SKU_3,WH_2,SUP_6,North,419,13,270,0,13.3,23.47,0,0,13,2025,1,21,1,4,12.834186
2025-01-22,SKU_3,WH_2,SUP_6,North,419,13,270,0,13.3,23.47,0,0,13,2025,1,22,2,4,12.816929
2025-01-23,SKU_3,WH_2,SUP_6,North,419,13,270,0,13.3,23.47,0,0,13,2025,1,23,3,4,12.830945
2025-01-24,SKU_3,WH_2,SUP_6,North,419,13,270,0,13.3,23.47,0,0,13,2025,1,24,4,4,12.863959
2025-01-25,SKU_3,WH_2,SUP_6,North,419,13,270,0,13.3,23.47,0,0,13,2025,1,25,5,4,12.968832
2025-01-26,SKU_3,WH_2,SUP_6,North,419,13,270,0,13.3,23.47,0,0,13,2025,1,26,6,4,12.984355
2025-01-27,SKU_3,WH_2,SUP_6,North,419,13,270,0,13.3,23.47,0,0,13,2025,1,27,0,5,12.896372
2025-01-28,SKU_3,WH_2,SUP_6,North,419,13,270,0,13.3,23.47,0,0,13,2025,1,28,1,5,12.853272
2025-01-29,SKU_3,WH_2,SUP_6,North,419,13,270,0,13.3,23.47,0,0,13,2025,1,29,2,5,12.803966
2024-12-31,SKU_3,WH_1,SUP_8,East,367,14,240,0,7.72,13.54,0,0,22,2024,12,31,1,1,21.864983
2025-01-01,SKU_3,WH_1,SUP_8,East,367,14,240,0,7.72,13.54,0,0,22,2025,1,1,2,1,21.751171
2025-01-02,SKU_3,WH_1,SUP_8,East,367,14,240,0,7.72,13.54,0,0,22,2025,1,2,3,1,21.748213
2025-01-03,SKU_3,WH_1,SUP_8,East,367,14,240,0,7.72,13.54,0,0,22,2025,1,3,4,1,21.770618
2025-01-04,SKU_3,WH_1,SUP_8,East,367,14,240,0,7.72,13.54,0,0,22,2025,1,4,5,1,21.775656
2025-01-05,SKU_3,WH_1,SUP_8,East,367,14,240,0,7.72,13.54,0,0,22,2025,1,5,6,1,21.778059
2025-01-06,SKU_3,WH_1,SUP_8,East,367,14,240,0,7.72,13.54,0,0,22,2025,1,6,0,2,21.920605
2025-01-07,SKU_3,WH_1,SUP_8,East,367,14,240,0,7.72,13.54,0,0,22,2025,1,7,1,2,21.87862
2025-01-08,SKU_3,WH_1,SUP_8,East,367,14,240,0,7.72,13.54,0,0,22,2025,1,8,2,2,21.870047
2025-01-09,SKU_3,WH_1,SUP_8,East,367,14,240,0,7.72,13.54,0,0,22,2025,1,9,3,2,21.857956
2025-01-10,SKU_3,WH_1,SUP_8,East,367,14,240,0,7.72,13.54,0,0,22,2025,1,10,4,2,21.830303
2025-01-11,SKU_3,WH_1,SUP_8,East,367,14,240,0,7.72,13.54,0,0,22,2025,1,11,5,2,21.818823
2025-01-12,SKU_3,WH_1,SUP_8,East,367,14,240,0,7.72,13.54,0,0,22,2025,1,12,6,2,21.80049
2025-01-13,SKU_3,WH_1,SUP_8,East,367,14,240,0,7.72,13.54,0,0,22,2025,1,13,0,3,22.043531
2025-01-14,SKU_3,WH_1,SUP_8,East,367,14,240,0,7.72,13.54,0,0,22,2025,1,14,1,3,22.089142
2025-01-15,SKU_3,WH_1,SUP_8,East,367,14,240,0,7.72,13.54,0,0,22,2025,1,15,2,3,21.988264
2025-01-16,SKU_3,WH_1,SUP_8,East,367,14,240,0,7.72,13.54,0,0,22,2025,1,16,3,3,21.956093
2025-01-17,SKU_3,WH_1,SUP_8,East,367,14,240,0,7.72,13.54,0,0,22,2025,1,17,4,3,21.860506
2025-01-18,SKU_3,WH_1,SUP_8,East,367,14,240,0,7.72,13.54,0,0,22,2025,1,18,5,3,22.017817
2025-01-19,SKU_3,WH_1,SUP_8,East,367,14,240,0,7.72,13.54,0,0,22,2025,1,19,6,3,22.038115
2025-01-20,SKU_3,WH_1,SUP_8,East,367,14,240,0,7.72,13.54,0,0,22,2025,1,20,0,4,21.849854
2025-01-21,SKU_3,WH_1,SUP_8,East,367,14,240,0,7.72,13.54,0,0,22,2025,1,21,1,4,21.833431
2025-01-22,SKU_3,WH_1,SUP_8,East,367,14,240,0,7.72,13.54,0,0,22,2025,1,22,2,4,21.719292
2025-01-23,SKU_3,WH_1,SUP_8,East,367,14,240,0,7.72,13.54,0,0,22,2025,1,23,3,4,21.67609
2025-01-24,SKU_3,WH_1,SUP_8,East,367,14,240,0,7.72,13.54,0,0,22,2025,1,24,4,4,21.517834
2025-01-25,SKU_3,WH_1,SUP_8,East,367,14,240,0,7.72,13.54,0,0,22,2025,1,25,5,4,21.568638
2025-01-26,SKU_3,WH_1,SUP_8,East,367,14,240,0,7.72,13.54,0,0,22,2025,1,26,6,4,21.748774
2025-01-27,SKU_3,WH_1,SUP_8,East,367,14,240,0,7.72,13.54,0,0,22,2025,1,27,0,5,21.674706
2025-01-28,SKU_3,WH_1,SUP_8,East,367,14,240,0,7.72,13.54,0,0,22,2025,1,28,1,5,21.714588
2025-01-29,SKU_3,WH_1,SUP_8,East,367,14,240,0,7.72,13.54,0,0,22,2025,1,29,2,5,21.513548
2024-12-31,SKU_2,WH_5,SUP_2,East,490,14,267,0,15.0,26.38,0,0,29,2024,12,31,1,1,28.780174
2025-01-01,SKU_2,WH_5,SUP_2,East,490,14,267,0,15.0,26.38,0,0,29,2025,1,1,2,1,28.78117
2025-01-02,SKU_2,WH_5,SUP_2,East,490,14,267,0,15.0,26.38,0,0,29,2025,1,2,3,1,28.674635
2025-01-03,SKU_2,WH_5,SUP_2,East,490,14,267,0,15.0,26.38,0,0,29,2025,1,3,4,1,28.74257
2025-01-04,SKU_2,WH_5,SUP_2,East,490,14,267,0,15.0,26.38,0,0,29,2025,1,4,5,1,28.748188
2025-01-05,SKU_2,WH_5,SUP_2,East,490,14,267,0,15.0,26.38,0,0,29,2025,1,5,6,1,28.844667
2025-01-06,SKU_2,WH_5,SUP_2,East,490,14,267,0,15.0,26.38,0,0,29,2025,1,6,0,2,28.802689
2025-01-07,SKU_2,WH_5,SUP_2,East,490,14,267,0,15.0,26.38,0,0,29,2025,1,7,1,2,28.851376
2025-01-08,SKU_2,WH_5,SUP_2,East,490,14,267,0,15.0,26.38,0,0,29,2025,1,8,2,2,28.951202
2025-01-09,SKU_2,WH_5,SUP_2,East,490,14,267,0,15.0,26.38,0,0,29,2025,1,9,3,2,28.873041
2025-01-10,SKU_2,WH_5,SUP_2,East,490,14,267,0,15.0,26.38,0,0,29,2025,1,10,4,2,28.884787
2025-01-11,SKU_2,WH_5,SUP_2,East,490,14,267,0,15.0,26.38,0,0,29,2025,1,11,5,2,28.871698
2025-01-12,SKU_2,WH_5,SUP_2,East,490,14,267,0,15.0,26.38,0,0,29,2025,1,12,6,2,28.949644
2025-01-13,SKU_2,WH_5,SUP_2,East,490,14,267,0,15.0,26.38,0,0,29,2025,1,13,0,3,28.903336
2025-01-14,SKU_2,WH_5,SUP_2,East,490,14,267,0,15.0,26.38,0,0,29,2025,1,14,1,3,29.042318
2025-01-15,SKU_2,WH_5,SUP_2,East,490,14,267,0,15.0,26.38,0,0,29,2025,1,15,2,3,29.043203
2025-01-16,SKU_2,WH_5,SUP_2,East,490,14,267,0,15.0,26.38,0,0,29,2025,1,16,3,3,28.929855
2025-01-17,SKU_2,WH_5,SUP_2,East,490,14,267,0,15.0,26.38,0,0,29,2025,1,17,4,3,28.8905
2025-01-18,SKU_2,WH_5,SUP_2,East,490,14,267,0,15.0,26.38,0,0,29,2025,1,18,5,3,29.04809
2025-01-19,SKU_2,WH_5,SUP_2,East,490,14,267,0,15.0,26.38,0,0,29,2025,1,19,6,3,29.079243
2025-01-20,SKU_2,WH_5,SUP_2,East,490,14,267,0,15.0,26.38,0,0,29,2025,1,20,0,4,28.748886
2025-01-21,SKU_2,WH_5,SUP_2,East,490,14,267,0,15.0,26.38,0,0,29,2025,1,21,1,4,28.843386
2025-01-22,SKU_2,WH_5,SUP_2,East,490,14,267,0,15.0,26.38,0,0,29,2025,1,22,2,4,28.8108
2025-01-23,SKU_2,WH_5,SUP_2,East,490,14,267,0,15.0,26.38,0,0,29,2025,1,23,3,4,28.70183
2025-01-24,SKU_2,WH_5,SUP_2,East,490,14,267,0,15.0,26.38,0,0,29,2025,1,24,4,4,28.683626
2025-01-25,SKU_2,WH_5,SUP_2,East,490,14,267,0,15.0,26.38,0,0,29,2025,1,25,5,4,28.731432
2025-01-26,SKU_2,WH_5,SUP_2,East,490,14,267,0,15.0,26.38,0,0,29,2025,1,26,6,4,28.75495
2025-01-27,SKU_2,WH_5,SUP_2,East,490,14,267,0,15.0,26.38,0,0,29,2025,1,27,0,5,28.799137
2025-01-28,SKU_2,WH_5,SUP_2,East,490,14,267,0,15.0,26.38,0,0,29,2025,1,28,1,5,28.977062
2025-01-29,SKU_2,WH_5,SUP_2,East,490,14,267,0,15.0,26.38,0,0,29,2025,1,29,2,5,28.924955
2024-12-31,SKU_2,WH_4,SUP_5,North,389,6,290,0,7.06,10.96,0,0,14,2024,12,31,1,1,13.499561
2025-01-01,SKU_2,WH_4,SUP_5,North,389,6,290,0,7.06,10.96,0,0,14,2025,1,1,2,1,14.204827
2025-01-02,SKU_2,WH_4,SUP_5,North,389,6,290,0,7.06,10.96,0,0,14,2025,1,2,3,1,13.943986
2025-01-03,SKU_2,WH_4,SUP_5,North,389,6,290,0,7.06,10.96,0,0,14,2025,1,3,4,1,14.066259
2025-01-04,SKU_2,WH_4,SUP_5,North,389,6,290,0,7.06,10.96,0,0,14,2025,1,4,5,1,14.169293
2025-01-05,SKU_2,WH_4,SUP_5,North,389,6,290,0,7.06,10.96,0,0,14,2025,1,5,6,1,14.142868
2025-01-06,SKU_2,WH_4,SUP_5,North,389,6,290,0,7.06,10.96,0,0,14,2025,1,6,0,2,14.092821
2025-01-07,SKU_2,WH_4,SUP_5,North,389,6,290,0,7.06,10.96,0,0,14,2025,1,7,1,2,14.015556
2025-01-08,SKU_2,WH_4,SUP_5,North,389,6,290,0,7.06,10.96,0,0,14,2025,1,8,2,2,14.093004
2025-01-09,SKU_2,WH_4,SUP_5,North,389,6,290,0,7.06,10.96,0,0,14,2025,1,9,3,2,13.99667
2025-01-10,SKU_2,WH_4,SUP_5,North,389,6,290,0,7.06,10.96,0,0,14,2025,1,10,4,2,13.977766
2025-01-11,SKU_2,WH_4,SUP_5,North,389,6,290,0,7.06,10.96,0,0,14,2025,1,11,5,2,13.973609
2025-01-12,SKU_2,WH_4,SUP_5,North,389,6,290,0,7.06,10.96,0,0,14,2025,1,12,6,2,13.926447
2025-01-13,SKU_2,WH_4,SUP_5,North,389,6,290,0,7.06,10.96,0,0,14,2025,1,13,0,3,14.081261
2025-01-14,SKU_2,WH_4,SUP_5,North,389,6,290,0,7.06,10.96,0,0,14,2025,1,14,1,3,14.067791
2025-01-15,SKU_2,WH_4,SUP_5,North,389,6,290,0,7.06,10.96,0,0,14,2025,1,15,2,3,14.052934
2025-01-16,SKU_2,WH_4,SUP_5,North,389,6,290,0,7.06,10.96,0,0,14,2025,1,16,3,3,14.004199
2025-01-17,SKU_2,WH_4,SUP_5,North,389,6,290,0,7.06,10.96,0,0,14,2025,1,17,4,3,13.991751
2025-01-18,SKU_2,WH_4,SUP_5,North,389,6,290,0,7.06,10.96,0,0,14,2025,1,18,5,3,14.132315
2025-01-19,SKU_2,WH_4,SUP_5,North,389,6,290,0,7.06,10.96,0,0,14,2025,1,19,6,3,14.1167
2025-01-20,SKU_2,WH_4,SUP_5,North,389,6,290,0,7.06,10.96,0,0,14,2025,1,20,0,4,13.996924
2025-01-21,SKU_2,WH_4,SUP_5,North,389,6,290,0,7.06,10.96,0,0,14,2025,1,21,1,4,13.938786
2025-01-22,SKU_2,WH_4,SUP_5,North,389,6,290,0,7.06,10.96,0,0,14,2025,1,22,2,4,13.910667
2025-01-23,SKU_2,WH_4,SUP_5,North,389,6,290,0,7.06,10.96,0,0,14,2025,1,23,3,4,13.863644
2025-01-24,SKU_2,WH_4,SUP_5,North,389,6,290,0,7.06,10.96,0,0,14,2025,1,24,4,4,13.8399315
2025-01-25,SKU_2,WH_4,SUP_5,North,389,6,290,0,7.06,10.96,0,0,14,2025,1,25,5,4,13.883729
2025-01-26,SKU_2,WH_4,SUP_5,North,389,6,290,0,7.06,10.96,0,0,14,2025,1,26,6,4,13.902208
2025-01-27,SKU_2,WH_4,SUP_5,North,389,6,290,0,7.06,10.96,0,0,14,2025,1,27,0,5,13.99536
2025-01-28,SKU_2,WH_4,SUP_5,North,389,6,290,0,7.06,10.96,0,0,14,2025,1,28,1,5,13.987787
2025-01-29,SKU_2,WH_4,SUP_5,North,389,6,290,0,7.06,10.96,0,0,14,2025,1,29,2,5,13.920888
2024-12-31,SKU_2,WH_3,SUP_9,East,299,10,319,0,5.02,7.82,0,0,21,2024,12,31,1,1,20.267778
2025-01-01,SKU_2,WH_3,SUP_9,East,299,10,319,0,5.02,7.82,0,0,21,2025,1,1,2,1,20.620651
2025-01-02,SKU_2,WH_3,SUP_9,East,299,10,319,0,5.02,7.82,0,0,21,2025,1,2,3,1,20.122625
2025-01-03,SKU_2,WH_3,SUP_9,East,299,10,319,0,5.02,7.82,0,0,21,2025,1,3,4,1,20.303993
2025-01-04,SKU_2,WH_3,SUP_9,East,299,10,319,0,5.02,7.82,0,0,21,2025,1,4,5,1,20.446686
2025-01-05,SKU_2,WH_3,SUP_9,East,299,10,319,0,5.02,7.82,0,0,21,2025,1,5,6,1,20.74589
2025-01-06,SKU_2,WH_3,SUP_9,East,299,10,319,0,5.02,7.82,0,0,21,2025,1,6,0,2,21.023663
2025-01-07,SKU_2,WH_3,SUP_9,East,299,10,319,0,5.02,7.82,0,0,21,2025,1,7,1,2,21.031261
2025-01-08,SKU_2,WH_3,SUP_9,East,299,10,319,0,5.02,7.82,0,0,21,2025,1,8,2,2,21.030264
2025-01-09,SKU_2,WH_3,SUP_9,East,299,10,319,0,5.02,7.82,0,0,21,2025,1,9,3,2,20.966223
2025-01-10,SKU_2,WH_3,SUP_9,East,299,10,319,0,5.02,7.82,0,0,21,2025,1,10,4,2,20.807735
2025-01-11,SKU_2,WH_3,SUP_9,East,299,10,319,0,5.02,7.82,0,0,21,2025,1,11,5,2,20.838936
2025-01-12,SKU_2,WH_3,SUP_9,East,299,10,319,0,5.02,7.82,0,0,21,2025,1,12,6,2,20.93047
2025-01-13,SKU_2,WH_3,SUP_9,East,299,10,319,0,5.02,7.82,0,0,21,2025,1,13,0,3,20.802593
2025-01-14,SKU_2,WH_3,SUP_9,East,299,10,319,0,5.02,7.82,0,0,21,2025,1,14,1,3,20.882984
2025-01-15,SKU_2,WH_3,SUP_9,East,299,10,319,0,5.02,7.82,0,0,21,2025,1,15,2,3,20.874092
2025-01-16,SKU_2,WH_3,SUP_9,East,299,10,319,0,5.02,7.82,0,0,21,2025,1,16,3,3,20.879358
2025-01-17,SKU_2,WH_3,SUP_9,East,299,10,319,0,5.02,7.82,0,0,21,2025,1,17,4,3,20.860546
2025-01-18,SKU_2,WH_3,SUP_9,East,299,10,319,0,5.02,7.82,0,0,21,2025,1,18,5,3,21.206453
2025-01-19,SKU_2,WH_3,SUP_9,East,299,10,319,0,5.02,7.82,0,0,21,2025,1,19,6,3,21.378756
2025-01-20,SKU_2,WH_3,SUP_9,East,299,10,319,0,5.02,7.82,0,0,21,2025,1,20,0,4,20.713297
2025-01-21,SKU_2,WH_3,SUP_9,East,299,10,319,0,5.02,7.82,0,0,21,2025,1,21,1,4,20.650879
2025-01-22,SKU_2,WH_3,SUP_9,East,299,10,319,0,5.02,7.82,0,0,21,2025,1,22,2,4,20.681805
2025-01-23,SKU_2,WH_3,SUP_9,East,299,10,319,0,5.02,7.82,0,0,21,2025,1,23,3,4,20.722757
2025-01-24,SKU_2,WH_3,SUP_9,East,299,10,319,0,5.02,7.82,0,0,21,2025,1,24,4,4,20.69573
2025-01-25,SKU_2,WH_3,SUP_9,East,299,10,319,0,5.02,7.82,0,0,21,2025,1,25,5,4,20.791153
2025-01-26,SKU_2,WH_3,SUP_9,East,299,10,319,0,5.02,7.82,0,0,21,2025,1,26,6,4,21.096216
2025-01-27,SKU_2,WH_3,SUP_9,East,299,10,319,0,5.02,7.82,0,0,21,2025,1,27,0,5,20.370687
2025-01-28,SKU_2,WH_3,SUP_9,East,299,10,319,0,5.02,7.82,0,0,21,2025,1,28,1,5,20.40841
2025-01-29,SKU_2,WH_3,SUP_9,East,299,10,319,0,5.02,7.82,0,0,21,2025,1,29,2,5,20.395378
2024-12-31,SKU_2,WH_2,SUP_10,East,497,8,377,0,16.77,22.06,0,0,17,2024,12,31,1,1,17.19625
2025-01-01,SKU_2,WH_2,SUP_10,East,497,8,377,0,16.77,22.06,0,0,17,2025,1,1,2,1,17.292854
2025-01-02,SKU_2,WH_2,SUP_10,East,497,8,377,0,16.77,22.06,0,0,17,2025,1,2,3,1,17.310596
2025-01-03,SKU_2,WH_2,SUP_10,East,497,8,377,0,16.77,22.06,0,0,17,2025,1,3,4,1,17.39426
2025-01-04,SKU_2,WH_2,SUP_10,East,497,8,377,0,16.77,22.06,0,0,17,2025,1,4,5,1,17.542168
2025-01-05,SKU_2,WH_2,SUP_10,East,497,8,377,0,16.77,22.06,0,0,17,2025,1,5,6,1,17.513968
2025-01-06,SKU_2,WH_2,SUP_10,East,497,8,377,0,16.77,22.06,0,0,17,2025,1,6,0,2,17.411062
2025-01-07,SKU_2,WH_2,SUP_10,East,497,8,377,0,16.77,22.06,0,0,17,2025,1,7,1,2,17.45706
2025-01-08,SKU_2,WH_2,SUP_10,East,497,8,377,0,16.77,22.06,0,0,17,2025,1,8,2,2,17.56844
2025-01-09,SKU_2,WH_2,SUP_10,East,497,8,377,0,16.77,22.06,0,0,17,2025,1,9,3,2,17.568987
2025-01-10,SKU_2,WH_2,SUP_10,East,497,8,377,0,16.77,22.06,0,0,17,2025,1,10,4,2,17.611286
2025-01-11,SKU_2,WH_2,SUP_10,East,497,8,377,0,16.77,22.06,0,0,17,2025,1,11,5,2,17.665428
2025-01-12,SKU_2,WH_2,SUP_10,East,497,8,377,0,16.77,22.06,0,0,17,2025,1,12,6,2,17.60613
2025-01-13,SKU_2,WH_2,SUP_10,East,497,8,377,0,16.77,22.06,0,0,17,2025,1,13,0,3,17.627356
2025-01-14,SKU_2,WH_2,SUP_10,East,497,8,377,0,16.77,22.06,0,0,17,2025,1,14,1,3,17.689953
2025-01-15,SKU_2,WH_2,SUP_10,East,497,8,377,0,16.77,22.06,0,0,17,2025,1,15,2,3,17.677393
2025-01-16,SKU_2,WH_2,SUP_10,East,497,8,377,0,16.77,22.06,0,0,17,2025,1,16,3,3,17.593634
2025-01-17,SKU_2,WH_2,SUP_10,East,497,8,377,0,16.77,22.06,0,0,17,2025,1,17,4,3,17.551497
2025-01-18,SKU_2,WH_2,SUP_10,East,497,8,377,0,16.77,22.06,0,0,17,2025,1,18,5,3,17.686337
2025-01-19,SKU_2,WH_2,SUP_10,East,497,8,377,0,16.77,22.06,0,0,17,2025,1,19,6,3,17.642027
2025-01-20,SKU_2,WH_2,SUP_10,East,497,8,377,0,16.77,22.06,0,0,17,2025,1,20,0,4,17.312176
2025-01-21,SKU_2,WH_2,SUP_10,East,497,8,377,0,16.77,22.06,0,0,17,2025,1,21,1,4,17.381231
2025-01-22,SKU_2,WH_2,SUP_10,East,497,8,377,0,16.77,22.06,0,0,17,2025,1,22,2,4,17.410397
2025-01-23,SKU_2,WH_2,SUP_10,East,497,8,377,0,16.77,22.06,0,0,17,2025,1,23,3,4,17.352839
2025-01-24,SKU_2,WH_2,SUP_10,East,497,8,377,0,16.77,22.06,0,0,17,2025,1,24,4,4,17.329407
2025-01-25,SKU_2,WH_2,SUP_10,East,497,8,377,0,16.77,22.06,0,0,17,2025,1,25,5,4,17.377138
2025-01-26,SKU_2,WH_2,SUP_10,East,497,8,377,0,16.77,22.06,0,0,17,2025,1,26,6,4,17.326775
2025-01-27,SKU_2,WH_2,SUP_10,East,497,8,377,0,16.77,22.06,0,0,17,2025,1,27,0,5,17.20147
2025-01-28,SKU_2,WH_2,SUP_10,East,497,8,377,0,16.77,22.06,0,0,17,2025,1,28,1,5,17.297743
2025-01-29,SKU_2,WH_2,SUP_10,East,497,8,377,0,16.77,22.06,0,0,17,2025,1,29,2,5,17.348034
2024-12-31,SKU_2,WH_1,SUP_7,North,271,13,228,0,19.76,35.1,0,0,25,2024,12,31,1,1,24.353802
2025-01-01,SKU_2,WH_1,SUP_7,North,271,13,228,0,19.76,35.1,0,0,25,2025,1,1,2,1,24.57382
2025-01-02,SKU_2,WH_1,SUP_7,North,271,13,228,0,19.76,35.1,0,0,25,2025,1,2,3,1,24.754978
2025-01-03,SKU_2,WH_1,SUP_7,North,271,13,228,0,19.76,35.1,0,0,25,2025,1,3,4,1,25.293373
2025-01-04,SKU_2,WH_1,SUP_7,North,271,13,228,0,19.76,35.1,0,0,25,2025,1,4,5,1,25.519152
2025-01-05,SKU_2,WH_1,SUP_7,North,271,13,228,0,19.76,35.1,0,0,25,2025,1,5,6,1,25.503479
2025-01-06,SKU_2,WH_1,SUP_7,North,271,13,228,0,19.76,35.1,0,0,25,2025,1,6,0,2,25.284275
2025-01-07,SKU_2,WH_1,SUP_7,North,271,13,228,0,19.76,35.1,0,0,25,2025,1,7,1,2,25.318079
2025-01-08,SKU_2,WH_1,SUP_7,North,271,13,228,0,19.76,35.1,0,0,25,2025,1,8,2,2,25.291836
2025-01-09,SKU_2,WH_1,SUP_7,North,271,13,228,0,19.76,35.1,0,0,25,2025,1,9,3,2,25.33197
2025-01-10,SKU_2,WH_1,SUP_7,North,271,13,228,0,19.76,35.1,0,0,25,2025,1,10,4,2,25.447884
2025-01-11,SKU_2,WH_1,SUP_7,North,271,13,228,0,19.76,35.1,0,0,25,2025,1,11,5,2,25.199766
2025-01-12,SKU_2,WH_1,SUP_7,North,271,13,228,0,19.76,35.1,0,0,25,2025,1,12,6,2,25.08112
2025-01-13,SKU_2,WH_1,SUP_7,North,271,13,228,0,19.76,35.1,0,0,25,2025,1,13,0,3,24.921413
2025-01-14,SKU_2,WH_1,SUP_7,North,271,13,228,0,19.76,35.1,0,0,25,2025,1,14,1,3,25.058372
2025-01-15,SKU_2,WH_1,SUP_7,North,271,13,228,0,19.76,35.1,0,0,25,2025,1,15,2,3,24.926878
2025-01-16,SKU_2,WH_1,SUP_7,North,271,13,228,0,19.76,35.1,0,0,25,2025,1,16,3,3,25.079523
2025-01-17,SKU_2,WH_1,SUP_7,North,271,13,228,0,19.76,35.1,0,0,25,2025,1,17,4,3,25.221867
2025-01-18,SKU_2,WH_1,SUP_7,North,271,13,228,0,19.76,35.1,0,0,25,2025,1,18,5,3,25.314236
2025-01-19,SKU_2,WH_1,SUP_7,North,271,13,228,0,19.76,35.1,0,0,25,2025,1,19,6,3,25.294203
2025-01-20,SKU_2,WH_1,SUP_7,North,271,13,228,0,19.76,35.1,0,0,25,2025,1,20,0,4,25.183046
2025-01-21,SKU_2,WH_1,SUP_7,North,271,13,228,0,19.76,35.1,0,0,25,2025,1,21,1,4,25.194874
2025-01-22,SKU_2,WH_1,SUP_7,North,271,13,228,0,19.76,35.1,0,0,25,2025,1,22,2,4,24.92039
2025-01-23,SKU_2,WH_1,SUP_7,North,271,13,228,0,19.76,35.1,0,0,25,2025,1,23,3,4,24.91552
2025-01-24,SKU_2,WH_1,SUP_7,North,271,13,228,0,19.76,35.1,0,0,25,2025,1,24,4,4,24.779146
2025-01-25,SKU_2,WH_1,SUP_7,North,271,13,228,0,19.76,35.1,0,0,25,2025,1,25,5,4,24.81295
2025-01-26,SKU_2,WH_1,SUP_7,North,271,13,228,0,19.76,35.1,0,0,25,2025,1,26,6,4,24.8192
2025-01-27,SKU_2,WH_1,SUP_7,North,271,13,228,0,19.76,35.1,0,0,25,2025,1,27,0,5,24.751001
2025-01-28,SKU_2,WH_1,SUP_7,North,271,13,228,0,19.76,35.1,0,0,25,2025,1,28,1,5,24.828411
2025-01-29,SKU_2,WH_1,SUP_7,North,271,13,228,0,19.76,35.1,0,0,25,2025,1,29,2,5,24.678408
2024-12-31,SKU_1,WH_5,SUP_5,East,570,4,366,0,19.41,23.81,0,0,29,2024,12,31,1,1,28.545847
2025-01-01,SKU_1,WH_5,SUP_5,East,570,4,366,0,19.41,23.81,0,0,29,2025,1,1,2,1,29.12535
2025-01-02,SKU_1,WH_5,SUP_5,East,570,4,366,0,19.41,23.81,0,0,29,2025,1,2,3,1,29.146408
2025-01-03,SKU_1,WH_5,SUP_5,East,570,4,366,0,19.41,23.81,0,0,29,2025,1,3,4,1,29.203651
2025-01-04,SKU_1,WH_5,SUP_5,East,570,4,366,0,19.41,23.81,0,0,29,2025,1,4,5,1,29.230415
2025-01-05,SKU_1,WH_5,SUP_5,East,570,4,366,0,19.41,23.81,0,0,29,2025,1,5,6,1,29.240028
2025-01-06,SKU_1,WH_5,SUP_5,East,570,4,366,0,19.41,23.81,0,0,29,2025,1,6,0,2,29.245838
2025-01-07,SKU_1,WH_5,SUP_5,East,570,4,366,0,19.41,23.81,0,0,29,2025,1,7,1,2,29.242447
2025-01-08,SKU_1,WH_5,SUP_5,East,570,4,366,0,19.41,23.81,0,0,29,2025,1,8,2,2,29.368387
2025-01-09,SKU_1,WH_5,SUP_5,East,570,4,366,0,19.41,23.81,0,0,29,2025,1,9,3,2,29.406431
2025-01-10,SKU_1,WH_5,SUP_5,East,570,4,366,0,19.41,23.81,0,0,29,2025,1,10,4,2,29.448927
2025-01-11,SKU_1,WH_5,SUP_5,East,570,4,366,0,19.41,23.81,0,0,29,2025,1,11,5,2,29.511694
2025-01-12,SKU_1,WH_5,SUP_5,East,570,4,366,0,19.41,23.81,0,0,29,2025,1,12,6,2,29.513357
2025-01-13,SKU_1,WH_5,SUP_5,East,570,4,366,0,19.41,23.81,0,0,29,2025,1,13,0,3,29.540258
2025-01-14,SKU_1,WH_5,SUP_5,East,570,4,366,0,19.41,23.81,0,0,29,2025,1,14,1,3,29.619465
2025-01-15,SKU_1,WH_5,SUP_5,East,570,4,366,0,19.41,23.81,0,0,29,2025,1,15,2,3,29.661795
2025-01-16,SKU_1,WH_5,SUP_5,East,570,4,366,0,19.41,23.81,0,0,29,2025,1,16,3,3,29.659704
2025-01-17,SKU_1,WH_5,SUP_5,East,570,4,366,0,19.41,23.81,0,0,29,2025,1,17,4,3,29.57363
2025-01-18,SKU_1,WH_5,SUP_5,East,570,4,366,0,19.41,23.81,0,0,29,2025,1,18,5,3,29.728605
2025-01-19,SKU_1,WH_5,SUP_5,East,570,4,366,0,19.41,23.81,0,0,29,2025,1,19,6,3,29.690996
2025-01-20,SKU_1,WH_5,SUP_5,East,570,4,366,0,19.41,23.81,0,0,29,2025,1,20,0,4,29.203901
2025-01-21,SKU_1,WH_5,SUP_5,East,570,4,366,0,19.41,23.81,0,0,29,2025,1,21,1,4,29.202549
2025-01-22,SKU_1,WH_5,SUP_5,East,570,4,366,0,19.41,23.81,0,0,29,2025,1,22,2,4,29.228575
2025-01-23,SKU_1,WH_5,SUP_5,East,570,4,366,0,19.41,23.81,0,0,29,2025,1,23,3,4,29.228197
2025-01-24,SKU_1,WH_5,SUP_5,East,570,4,366,0,19.41,23.81,0,0,29,2025,1,24,4,4,29.16871
2025-01-25,SKU_1,WH_5,SUP_5,East,570,4,366,0,19.41,23.81,0,0,29,2025,1,25,5,4,29.225069
2025-01-26,SKU_1,WH_5,SUP_5,East,570,4,366,0,19.41,23.81,0,0,29,2025,1,26,6,4,29.242987
2025-01-27,SKU_1,WH_5,SUP_5,East,570,4,366,0,19.41,23.81,0,0,29,2025,1,27,0,5,29.222357
2025-01-28,SKU_1,WH_5,SUP_5,East,570,4,366,0,19.41,23.81,0,0,29,2025,1,28,1,5,29.25742
2025-01-29,SKU_1,WH_5,SUP_5,East,570,4,366,0,19.41,23.81,0,0,29,2025,1,29,2,5,29.324778
2024-12-31,SKU_1,WH_4,SUP_2,East,441,9,333,0,6.93,10.7,0,0,10,2024,12,31,1,1,10.0352745
2025-01-01,SKU_1,WH_4,SUP_2,East,441,9,333,0,6.93,10.7,0,0,10,2025,1,1,2,1,10.228553
2025-01-02,SKU_1,WH_4,SUP_2,East,441,9,333,0,6.93,10.7,0,0,10,2025,1,2,3,1,10.229271
2025-01-03,SKU_1,WH_4,SUP_2,East,441,9,333,0,6.93,10.7,0,0,10,2025,1,3,4,1,10.338945
2025-01-04,SKU_1,WH_4,SUP_2,East,441,9,333,0,6.93,10.7,0,0,10,2025,1,4,5,1,10.485466
2025-01-05,SKU_1,WH_4,SUP_2,East,441,9,333,0,6.93,10.7,0,0,10,2025,1,5,6,1,10.415081
2025-01-06,SKU_1,WH_4,SUP_2,East,441,9,333,0,6.93,10.7,0,0,10,2025,1,6,0,2,10.430826
2025-01-07,SKU_1,WH_4,SUP_2,East,441,9,333,0,6.93,10.7,0,0,10,2025,1,7,1,2,10.273001
2025-01-08,SKU_1,WH_4,SUP_2,East,441,9,333,0,6.93,10.7,0,0,10,2025,1,8,2,2,10.343285
2025-01-09,SKU_1,WH_4,SUP_2,East,441,9,333,0,6.93,10.7,0,0,10,2025,1,9,3,2,10.3302355
2025-01-10,SKU_1,WH_4,SUP_2,East,441,9,333,0,6.93,10.7,0,0,10,2025,1,10,4,2,10.381093
2025-01-11,SKU_1,WH_4,SUP_2,East,441,9,333,0,6.93,10.7,0,0,10,2025,1,11,5,2,10.399829
2025-01-12,SKU_1,WH_4,SUP_2,East,441,9,333,0,6.93,10.7,0,0,10,2025,1,12,6,2,10.308707
2025-01-13,SKU_1,WH_4,SUP_2,East,441,9,333,0,6.93,10.7,0,0,10,2025,1,13,0,3,10.489051
2025-01-14,SKU_1,WH_4,SUP_2,East,441,9,333,0,6.93,10.7,0,0,10,2025,1,14,1,3,10.546798
2025-01-15,SKU_1,WH_4,SUP_2,East,441,9,333,0,6.93,10.7,0,0,10,2025,1,15,2,3,10.522504
2025-01-16,SKU_1,WH_4,SUP_2,East,441,9,333,0,6.93,10.7,0,0,10,2025,1,16,3,3,10.534809
2025-01-17,SKU_1,WH_4,SUP_2,East,441,9,333,0,6.93,10.7,0,0,10,2025,1,17,4,3,10.444195
2025-01-18,SKU_1,WH_4,SUP_2,East,441,9,333,0,6.93,10.7,0,0,10,2025,1,18,5,3,10.591408
2025-01-19,SKU_1,WH_4,SUP_2,East,441,9,333,0,6.93,10.7,0,0,10,2025,1,19,6,3,10.547848
2025-01-20,SKU_1,WH_4,SUP_2,East,441,9,333,0,6.93,10.7,0,0,10,2025,1,20,0,4,10.576463
2025-01-21,SKU_1,WH_4,SUP_2,East,441,9,333,0,6.93,10.7,0,0,10,2025,1,21,1,4,10.507469
2025-01-22,SKU_1,WH_4,SUP_2,East,441,9,333,0,6.93,10.7,0,0,10,2025,1,22,2,4,10.472503
2025-01-23,SKU_1,WH_4,SUP_2,East,441,9,333,0,6.93,10.7,0,0,10,2025,1,23,3,4,10.503152
2025-01-24,SKU_1,WH_4,SUP_2,East,441,9,333,0,6.93,10.7,0,0,10,2025,1,24,4,4,10.458679
2025-01-25,SKU_1,WH_4,SUP_2,East,441,9,333,0,6.93,10.7,0,0,10,2025,1,25,5,4,10.521266
2025-01-26,SKU_1,WH_4,SUP_2,East,441,9,333,0,6.93,10.7,0,0,10,2025,1,26,6,4,10.524999
2025-01-27,SKU_1,WH_4,SUP_2,East,441,9,333,0,6.93,10.7,0,0,10,2025,1,27,0,5,10.690181
2025-01-28,SKU_1,WH_4,SUP_2,East,441,9,333,0,6.93,10.7,0,0,10,2025,1,28,1,5,10.664359
2025-01-29,SKU_1,WH_4,SUP_2,East,441,9,333,0,6.93,10.7,0,0,10,2025,1,29,2,5,10.598767
2024-12-31,SKU_1,WH_3,SUP_9,North,435,6,314,0,6.06,8.41,0,0,19,2024,12,31,1,1,18.042316
2025-01-01,SKU_1,WH_3,SUP_9,North,435,6,314,0,6.06,8.41,0,0,19,2025,1,1,2,1,18.674368
2025-01-02,SKU_1,WH_3,SUP_9,North,435,6,314,0,6.06,8.41,0,0,19,2025,1,2,3,1,18.484322
2025-01-03,SKU_1,WH_3,SUP_9,North,435,6,314,0,6.06,8.41,0,0,19,2025,1,3,4,1,18.66569
2025-01-04,SKU_1,WH_3,SUP_9,North,435,6,314,0,6.06,8.41,0,0,19,2025,1,4,5,1,18.75834
2025-01-05,SKU_1,WH_3,SUP_9,North,435,6,314,0,6.06,8.41,0,0,19,2025,1,5,6,1,18.731127
2025-01-06,SKU_1,WH_3,SUP_9,North,435,6,314,0,6.06,8.41,0,0,19,2025,1,6,0,2,18.885208
2025-01-07,SKU_1,WH_3,SUP_9,North,435,6,314,0,6.06,8.41,0,0,19,2025,1,7,1,2,18.808561
2025-01-08,SKU_1,WH_3,SUP_9,North,435,6,314,0,6.06,8.41,0,0,19,2025,1,8,2,2,18.932137
2025-01-09,SKU_1,WH_3,SUP_9,North,435,6,314,0,6.06,8.41,0,0,19,2025,1,9,3,2,18.942661
2025-01-10,SKU_1,WH_3,SUP_9,North,435,6,314,0,6.06,8.41,0,0,19,2025,1,10,4,2,18.94536
2025-01-11,SKU_1,WH_3,SUP_9,North,435,6,314,0,6.06,8.41,0,0,19,2025,1,11,5,2,18.93778
2025-01-12,SKU_1,WH_3,SUP_9,North,435,6,314,0,6.06,8.41,0,0,19,2025,1,12,6,2,18.88983
2025-01-13,SKU_1,WH_3,SUP_9,North,435,6,314,0,6.06,8.41,0,0,19,2025,1,13,0,3,18.99779
2025-01-14,SKU_1,WH_3,SUP_9,North,435,6,314,0,6.06,8.41,0,0,19,2025,1,14,1,3,18.997038
2025-01-15,SKU_1,WH_3,SUP_9,North,435,6,314,0,6.06,8.41,0,0,19,2025,1,15,2,3,19.028309
2025-01-16,SKU_1,WH_3,SUP_9,North,435,6,314,0,6.06,8.41,0,0,19,2025,1,16,3,3,19.046858
2025-01-17,SKU_1,WH_3,SUP_9,North,435,6,314,0,6.06,8.41,0,0,19,2025,1,17,4,3,19.011576
2025-01-18,SKU_1,WH_3,SUP_9,North,435,6,314,0,6.06,8.41,0,0,19,2025,1,18,5,3,19.318703
2025-01-19,SKU_1,WH_3,SUP_9,North,435,6,314,0,6.06,8.41,0,0,19,2025,1,19,6,3,19.234497
2025-01-20,SKU_1,WH_3,SUP_9,North,435,6,314,0,6.06,8.41,0,0,19,2025,1,20,0,4,18.998943
2025-01-21,SKU_1,WH_3,SUP_9,North,435,6,314,0,6.06,8.41,0,0,19,2025,1,21,1,4,18.930853
2025-01-22,SKU_1,WH_3,SUP_9,North,435,6,314,0,6.06,8.41,0,0,19,2025,1,22,2,4,18.975788
2025-01-23,SKU_1,WH_3,SUP_9,North,435,6,314,0,6.06,8.41,0,0,19,2025,1,23,3,4,19.015638
2025-01-24,SKU_1,WH_3,SUP_9,North,435,6,314,0,6.06,8.41,0,0,19,2025,1,24,4,4,18.944399
2025-01-25,SKU_1,WH_3,SUP_9,North,435,6,314,0,6.06,8.41,0,0,19,2025,1,25,5,4,18.964321
2025-01-26,SKU_1,WH_3,SUP_9,North,435,6,314,0,6.06,8.41,0,0,19,2025,1,26,6,4,18.99744
2025-01-27,SKU_1,WH_3,SUP_9,North,435,6,314,0,6.06,8.41,0,0,19,2025,1,27,0,5,18.476404
2025-01-28,SKU_1,WH_3,SUP_9,North,435,6,314,0,6.06,8.41,0,0,19,2025,1,28,1,5,18.425774
2025-01-29,SKU_1,WH_3,SUP_9,North,435,6,314,0,6.06,8.41,0,0,19,2025,1,29,2,5,18.43742
2024-12-31,SKU_1,WH_2,SUP_5,West,363,8,322,0,11.46,19.92,0,0,14,2024,12,31,1,1,13.111762
2025-01-01,SKU_1,WH_2,SUP_5,West,363,8,322,0,11.46,19.92,0,0,14,2025,1,1,2,1,13.848152
2025-01-02,SKU_1,WH_2,SUP_5,West,363,8,322,0,11.46,19.92,0,0,14,2025,1,2,3,1,13.731409
2025-01-03,SKU_1,WH_2,SUP_5,West,363,8,322,0,11.46,19.92,0,0,14,2025,1,3,4,1,13.843298
2025-01-04,SKU_1,WH_2,SUP_5,West,363,8,322,0,11.46,19.92,0,0,14,2025,1,4,5,1,13.924402
2025-01-05,SKU_1,WH_2,SUP_5,West,363,8,322,0,11.46,19.92,0,0,14,2025,1,5,6,1,13.897977
2025-01-06,SKU_1,WH_2,SUP_5,West,363,8,322,0,11.46,19.92,0,0,14,2025,1,6,0,2,13.867746
2025-01-07,SKU_1,WH_2,SUP_5,West,363,8,322,0,11.46,19.92,0,0,14,2025,1,7,1,2,13.743673
2025-01-08,SKU_1,WH_2,SUP_5,West,363,8,322,0,11.46,19.92,0,0,14,2025,1,8,2,2,13.816165
2025-01-09,SKU_1,WH_2,SUP_5,West,363,8,322,0,11.46,19.92,0,0,14,2025,1,9,3,2,13.808418
2025-01-10,SKU_1,WH_2,SUP_5,West,363,8,322,0,11.46,19.92,0,0,14,2025,1,10,4,2,13.77913
2025-01-11,SKU_1,WH_2,SUP_5,West,363,8,322,0,11.46,19.92,0,0,14,2025,1,11,5,2,13.793471
2025-01-12,SKU_1,WH_2,SUP_5,West,363,8,322,0,11.46,19.92,0,0,14,2025,1,12,6,2,13.736622
2025-01-13,SKU_1,WH_2,SUP_5,West,363,8,322,0,11.46,19.92,0,0,14,2025,1,13,0,3,13.844256
2025-01-14,SKU_1,WH_2,SUP_5,West,363,8,322,0,11.46,19.92,0,0,14,2025,1,14,1,3,13.813711
2025-01-15,SKU_1,WH_2,SUP_5,West,363,8,322,0,11.46,19.92,0,0,14,2025,1,15,2,3,13.814873
2025-01-16,SKU_1,WH_2,SUP_5,West,363,8,322,0,11.46,19.92,0,0,14,2025,1,16,3,3,13.827178
2025-01-17,SKU_1,WH_2,SUP_5,West,363,8,322,0,11.46,19.92,0,0,14,2025,1,17,4,3,13.812264
2025-01-18,SKU_1,WH_2,SUP_5,West,363,8,322,0,11.46,19.92,0,0,14,2025,1,18,5,3,13.964566
2025-01-19,SKU_1,WH_2,SUP_5,West,363,8,322,0,11.46,19.92,0,0,14,2025,1,19,6,3,13.948952
2025-01-20,SKU_1,WH_2,SUP_5,West,363,8,322,0,11.46,19.92,0,0,14,2025,1,20,0,4,13.773146
2025-01-21,SKU_1,WH_2,SUP_5,West,363,8,322,0,11.46,19.92,0,0,14,2025,1,21,1,4,13.716646
2025-01-22,SKU_1,WH_2,SUP_5,West,363,8,322,0,11.46,19.92,0,0,14,2025,1,22,2,4,13.698058
2025-01-23,SKU_1,WH_2,SUP_5,West,363,8,322,0,11.46,19.92,0,0,14,2025,1,23,3,4,13.712074
2025-01-24,SKU_1,WH_2,SUP_5,West,363,8,322,0,11.46,19.92,0,0,14,2025,1,24,4,4,13.712699
2025-01-25,SKU_1,WH_2,SUP_5,West,363,8,322,0,11.46,19.92,0,0,14,2025,1,25,5,4,13.762288
2025-01-26,SKU_1,WH_2,SUP_5,West,363,8,322,0,11.46,19.92,0,0,14,2025,1,26,6,4,13.761198
2025-01-27,SKU_1,WH_2,SUP_5,West,363,8,322,0,11.46,19.92,0,0,14,2025,1,27,0,5,13.810086
2025-01-28,SKU_1,WH_2,SUP_5,West,363,8,322,0,11.46,19.92,0,0,14,2025,1,28,1,5,13.7808
2025-01-29,SKU_1,WH_2,SUP_5,West,363,8,322,0,11.46,19.92,0,0,14,2025,1,29,2,5,13.738916
2024-12-31,SKU_1,WH_1,SUP_8,South,624,14,379,0,13.95,20.48,0,0,23,2024,12,31,1,1,22.643139
2025-01-01,SKU_1,WH_1,SUP_8,South,624,14,379,0,13.95,20.48,0,0,23,2025,1,1,2,1,22.891235
2025-01-02,SKU_1,WH_1,SUP_8,South,624,14,379,0,13.95,20.48,0,0,23,2025,1,2,3,1,22.886501
2025-01-03,SKU_1,WH_1,SUP_8,South,624,14,379,0,13.95,20.48,0,0,23,2025,1,3,4,1,22.846415
2025-01-04,SKU_1,WH_1,SUP_8,South,624,14,379,0,13.95,20.48,0,0,23,2025,1,4,5,1,22.857058
2025-01-05,SKU_1,WH_1,SUP_8,South,624,14,379,0,13.95,20.48,0,0,23,2025,1,5,6,1,22.851366
2025-01-06,SKU_1,WH_1,SUP_8,South,624,14,379,0,13.95,20.48,0,0,23,2025,1,6,0,2,22.869535
2025-01-07,SKU_1,WH_1,SUP_8,South,624,14,379,0,13.95,20.48,0,0,23,2025,1,7,1,2,22.855589
2025-01-08,SKU_1,WH_1,SUP_8,South,624,14,379,0,13.95,20.48,0,0,23,2025,1,8,2,2,22.950699
2025-01-09,SKU_1,WH_1,SUP_8,South,624,14,379,0,13.95,20.48,0,0,23,2025,1,9,3,2,22.955042
2025-01-10,SKU_1,WH_1,SUP_8,South,624,14,379,0,13.95,20.48,0,0,23,2025,1,10,4,2,22.97003
2025-01-11,SKU_1,WH_1,SUP_8,South,624,14,379,0,13.95,20.48,0,0,23,2025,1,11,5,2,22.994558
2025-01-12,SKU_1,WH_1,SUP_8,South,624,14,379,0,13.95,20.48,0,0,23,2025,1,12,6,2,22.980913
2025-01-13,SKU_1,WH_1,SUP_8,South,624,14,379,0,13.95,20.48,0,0,23,2025,1,13,0,3,23.06449
2025-01-14,SKU_1,WH_1,SUP_8,South,624,14,379,0,13.95,20.48,0,0,23,2025,1,14,1,3,23.089544
2025-01-15,SKU_1,WH_1,SUP_8,South,624,14,379,0,13.95,20.48,0,0,23,2025,1,15,2,3,23.085423
2025-01-16,SKU_1,WH_1,SUP_8,South,624,14,379,0,13.95,20.48,0,0,23,2025,1,16,3,3,23.067987
2025-01-17,SKU_1,WH_1,SUP_8,South,624,14,379,0,13.95,20.48,0,0,23,2025,1,17,4,3,23.043447
2025-01-18,SKU_1,WH_1,SUP_8,South,624,14,379,0,13.95,20.48,0,0,23,2025,1,18,5,3,23.18056
2025-01-19,SKU_1,WH_1,SUP_8,South,624,14,379,0,13.95,20.48,0,0,23,2025,1,19,6,3,23.148176
2025-01-20,SKU_1,WH_1,SUP_8,South,624,14,379,0,13.95,20.48,0,0,23,2025,1,20,0,4,23.060295
2025-01-21,SKU_1,WH_1,SUP_8,South,624,14,379,0,13.95,20.48,0,0,23,2025,1,21,1,4,23.05139
2025-01-22,SKU_1,WH_1,SUP_8,South,624,14,379,0,13.95,20.48,0,0,23,2025,1,22,2,4,23.03075
2025-01-23,SKU_1,WH_1,SUP_8,South,624,14,379,0,13.95,20.48,0,0,23,2025,1,23,3,4,23.03037
2025-01-24,SKU_1,WH_1,SUP_8,South,624,14,379,0,13.95,20.48,0,0,23,2025,1,24,4,4,23.022047
2025-01-25,SKU_1,WH_1,SUP_8,South,624,14,379,0,13.95,20.48,0,0,23,2025,1,25,5,4,23.07592
2025-01-26,SKU_1,WH_1,SUP_8,South,624,14,379,0,13.95,20.48,0,0,23,2025,1,26,6,4,23.09925
2025-01-27,SKU_1,WH_1,SUP_8,South,624,14,379,0,13.95,20.48,0,0,23,2025,1,27,0,5,22.900682
2025-01-28,SKU_1,WH_1,SUP_8,South,624,14,379,0,13.95,20.48,0,0,23,2025,1,28,1,5,22.926476
2025-01-29,SKU_1,WH_1,SUP_8,South,624,14,379,0,13.95,20.48,0,0,23,2025,1,29,2,5,22.882906
2024-12-31,SKU_6,WH_3,SUP_7,East,761,10,322,0,12.59,17.97,0,0,20,2024,12,31,1,1,19.491219
2025-01-01,SKU_6,WH_3,SUP_7,East,761,10,322,0,12.59,17.97,0,0,20,2025,1,1,2,1,19.965446
2025-01-02,SKU_6,WH_3,SUP_7,East,761,10,322,0,12.59,17.97,0,0,20,2025,1,2,3,1,19.940647
2025-01-03,SKU_6,WH_3,SUP_7,East,761,10,322,0,12.59,17.97,0,0,20,2025,1,3,4,1,20.152267
2025-01-04,SKU_6,WH_3,SUP_7,East,761,10,322,0,12.59,17.97,0,0,20,2025,1,4,5,1,20.094563
2025-01-05,SKU_6,WH_3,SUP_7,East,761,10,322,0,12.59,17.97,0,0,20,2025,1,5,6,1,20.08715
2025-01-06,SKU_6,WH_3,SUP_7,East,761,10,322,0,12.59,17.97,0,0,20,2025,1,6,0,2,20.001812
2025-01-07,SKU_6,WH_3,SUP_7,East,761,10,322,0,12.59,17.97,0,0,20,2025,1,7,1,2,19.915508
2025-01-08,SKU_6,WH_3,SUP_7,East,761,10,322,0,12.59,17.97,0,0,20,2025,1,8,2,2,20.015598
2025-01-09,SKU_6,WH_3,SUP_7,East,761,10,322,0,12.59,17.97,0,0,20,2025,1,9,3,2,20.015219
2025-01-10,SKU_6,WH_3,SUP_7,East,761,10,322,0,12.59,17.97,0,0,20,2025,1,10,4,2,20.17445
2025-01-11,SKU_6,WH_3,SUP_7,East,761,10,322,0,12.59,17.97,0,0,20,2025,1,11,5,2,20.03937
2025-01-12,SKU_6,WH_3,SUP_7,East,761,10,322,0,12.59,17.97,0,0,20,2025,1,12,6,2,20.024004
2025-01-13,SKU_6,WH_3,SUP_7,East,761,10,322,0,12.59,17.97,0,0,20,2025,1,13,0,3,20.128374
2025-01-14,SKU_6,WH_3,SUP_7,East,761,10,322,0,12.59,17.97,0,0,20,2025,1,14,1,3,20.106571
2025-01-15,SKU_6,WH_3,SUP_7,East,761,10,322,0,12.59,17.97,0,0,20,2025,1,15,2,3,20.110495
2025-01-16,SKU_6,WH_3,SUP_7,East,761,10,322,0,12.59,17.97,0,0,20,2025,1,16,3,3,20.108404
2025-01-17,SKU_6,WH_3,SUP_7,East,761,10,322,0,12.59,17.97,0,0,20,2025,1,17,4,3,20.078794
2025-01-18,SKU_6,WH_3,SUP_7,East,761,10,322,0,12.59,17.97,0,0,20,2025,1,18,5,3,20.216557
2025-01-19,SKU_6,WH_3,SUP_7,East,761,10,322,0,12.59,17.97,0,0,20,2025,1,19,6,3,20.228937
2025-01-20,SKU_6,WH_3,SUP_7,East,761,10,322,0,12.59,17.97,0,0,20,2025,1,20,0,4,20.179754
2025-01-21,SKU_6,WH_3,SUP_7,East,761,10,322,0,12.59,17.97,0,0,20,2025,1,21,1,4,20.125807
2025-01-22,SKU_6,WH_3,SUP_7,East,761,10,322,0,12.59,17.97,0,0,20,2025,1,22,2,4,20.128803
2025-01-23,SKU_6,WH_3,SUP_7,East,761,10,322,0,12.59,17.97,0,0,20,2025,1,23,3,4,20.128424
2025-01-24,SKU_6,WH_3,SUP_7,East,761,10,322,0,12.59,17.97,0,0,20,2025,1,24,4,4,20.12937
2025-01-25,SKU_6,WH_3,SUP_7,East,761,10,322,0,12.59,17.97,0,0,20,2025,1,25,5,4,20.153036
2025-01-26,SKU_6,WH_3,SUP_7,East,761,10,322,0,12.59,17.97,0,0,20,2025,1,26,6,4,20.17065
2025-01-27,SKU_6,WH_3,SUP_7,East,761,10,322,0,12.59,17.97,0,0,20,2025,1,27,0,5,19.734232
2025-01-28,SKU_6,WH_3,SUP_7,East,761,10,322,0,12.59,17.97,0,0,20,2025,1,28,1,5,19.724808
2025-01-29,SKU_6,WH_3,SUP_7,East,761,10,322,0,12.59,17.97,0,0,20,2025,1,29,2,5,19.728731
2024-12-31,SKU_6,WH_4,SUP_10,East,329,11,220,0,14.55,25.13,0,0,24,2024,12,31,1,1,23.377775
2025-01-01,SKU_6,WH_4,SUP_10,East,329,11,220,0,14.55,25.13,0,0,24,2025,1,1,2,1,23.442003
2025-01-02,SKU_6,WH_4,SUP_10,East,329,11,220,0,14.55,25.13,0,0,24,2025,1,2,3,1,23.439045
2025-01-03,SKU_6,WH_4,SUP_10,East,329,11,220,0,14.55,25.13,0,0,24,2025,1,3,4,1,23.871166
2025-01-04,SKU_6,WH_4,SUP_10,East,329,11,220,0,14.55,25.13,0,0,24,2025,1,4,5,1,23.64514
2025-01-05,SKU_6,WH_4,SUP_10,East,329,11,220,0,14.55,25.13,0,0,24,2025,1,5,6,1,23.645927
2025-01-06,SKU_6,WH_4,SUP_10,East,329,11,220,0,14.55,25.13,0,0,24,2025,1,6,0,2,23.481598
2025-01-07,SKU_6,WH_4,SUP_10,East,329,11,220,0,14.55,25.13,0,0,24,2025,1,7,1,2,23.481703
2025-01-08,SKU_6,WH_4,SUP_10,East,329,11,220,0,14.55,25.13,0,0,24,2025,1,8,2,2,23.56059
2025-01-09,SKU_6,WH_4,SUP_10,East,329,11,220,0,14.55,25.13,0,0,24,2025,1,9,3,2,23.5485
2025-01-10,SKU_6,WH_4,SUP_10,East,329,11,220,0,14.55,25.13,0,0,24,2025,1,10,4,2,23.554155
2025-01-11,SKU_6,WH_4,SUP_10,East,329,11,220,0,14.55,25.13,0,0,24,2025,1,11,5,2,23.616135
2025-01-12,SKU_6,WH_4,SUP_10,East,329,11,220,0,14.55,25.13,0,0,24,2025,1,12,6,2,23.596186
2025-01-13,SKU_6,WH_4,SUP_10,East,329,11,220,0,14.55,25.13,0,0,24,2025,1,13,0,3,23.540192
2025-01-14,SKU_6,WH_4,SUP_10,East,329,11,220,0,14.55,25.13,0,0,24,2025,1,14,1,3,23.67974
2025-01-15,SKU_6,WH_4,SUP_10,East,329,11,220,0,14.55,25.13,0,0,24,2025,1,15,2,3,23.687298
2025-01-16,SKU_6,WH_4,SUP_10,East,329,11,220,0,14.55,25.13,0,0,24,2025,1,16,3,3,23.673496
2025-01-17,SKU_6,WH_4,SUP_10,East,329,11,220,0,14.55,25.13,0,0,24,2025,1,17,4,3,23.681921
2025-01-18,SKU_6,WH_4,SUP_10,East,329,11,220,0,14.55,25.13,0,0,24,2025,1,18,5,3,23.824017
2025-01-19,SKU_6,WH_4,SUP_10,East,329,11,220,0,14.55,25.13,0,0,24,2025,1,19,6,3,23.831837
2025-01-20,SKU_6,WH_4,SUP_10,East,329,11,220,0,14.55,25.13,0,0,24,2025,1,20,0,4,23.55843
2025-01-21,SKU_6,WH_4,SUP_10,East,329,11,220,0,14.55,25.13,0,0,24,2025,1,21,1,4,23.66215
2025-01-22,SKU_6,WH_4,SUP_10,East,329,11,220,0,14.55,25.13,0,0,24,2025,1,22,2,4,23.629234
2025-01-23,SKU_6,WH_4,SUP_10,East,329,11,220,0,14.55,25.13,0,0,24,2025,1,23,3,4,23.617144
2025-01-24,SKU_6,WH_4,SUP_10,East,329,11,220,0,14.55,25.13,0,0,24,2025,1,24,4,4,23.594147
2025-01-25,SKU_6,WH_4,SUP_10,East,329,11,220,0,14.55,25.13,0,0,24,2025,1,25,5,4,23.683119
2025-01-26,SKU_6,WH_4,SUP_10,East,329,11,220,0,14.55,25.13,0,0,24,2025,1,26,6,4,23.68227
2025-01-27,SKU_6,WH_4,SUP_10,East,329,11,220,0,14.55,25.13,0,0,24,2025,1,27,0,5,23.378431
2025-01-28,SKU_6,WH_4,SUP_10,East,329,11,220,0,14.55,25.13,0,0,24,2025,1,28,1,5,23.560484
2025-01-29,SKU_6,WH_4,SUP_10,East,329,11,220,0,14.55,25.13,0,0,24,2025,1,29,2,5,23.554073
2024-12-31,SKU_6,WH_5,SUP_3,South,509,3,326,0,9.06,11.69,0,0,16,2024,12,31,1,1,16.02093
2025-01-01,SKU_6,WH_5,SUP_3,South,509,3,326,0,9.06,11.69,0,0,16,2025,1,1,2,1,16.196436
2025-01-02,SKU_6,WH_5,SUP_3,South,509,3,326,0,9.06,11.69,0,0,16,2025,1,2,3,1,16.221659
2025-01-03,SKU_6,WH_5,SUP_3,South,509,3,326,0,9.06,11.69,0,0,16,2025,1,3,4,1,16.213463
2025-01-04,SKU_6,WH_5,SUP_3,South,509,3,326,0,9.06,11.69,0,0,16,2025,1,4,5,1,16.34455
2025-01-05,SKU_6,WH_5,SUP_3,South,509,3,326,0,9.06,11.69,0,0,16,2025,1,5,6,1,16.256584
2025-01-06,SKU_6,WH_5,SUP_3,South,509,3,326,0,9.06,11.69,0,0,16,2025,1,6,0,2,16.186216
2025-01-07,SKU_6,WH_5,SUP_3,South,509,3,326,0,9.06,11.69,0,0,16,2025,1,7,1,2,16.15045
2025-01-08,SKU_6,WH_5,SUP_3,South,509,3,326,0,9.06,11.69,0,0,16,2025,1,8,2,2,16.23488
2025-01-09,SKU_6,WH_5,SUP_3,South,509,3,326,0,9.06,11.69,0,0,16,2025,1,9,3,2,16.24582
2025-01-10,SKU_6,WH_5,SUP_3,South,509,3,326,0,9.06,11.69,0,0,16,2025,1,10,4,2,16.309237
2025-01-11,SKU_6,WH_5,SUP_3,South,509,3,326,0,9.06,11.69,0,0,16,2025,1,11,5,2,16.319017
2025-01-12,SKU_6,WH_5,SUP_3,South,509,3,326,0,9.06,11.69,0,0,16,2025,1,12,6,2,16.223099
2025-01-13,SKU_6,WH_5,SUP_3,South,509,3,326,0,9.06,11.69,0,0,16,2025,1,13,0,3,16.176584
2025-01-14,SKU_6,WH_5,SUP_3,South,509,3,326,0,9.06,11.69,0,0,16,2025,1,14,1,3,16.183847
2025-01-15,SKU_6,WH_5,SUP_3,South,509,3,326,0,9.06,11.69,0,0,16,2025,1,15,2,3,16.154879
2025-01-16,SKU_6,WH_5,SUP_3,South,509,3,326,0,9.06,11.69,0,0,16,2025,1,16,3,3,16.178896
2025-01-17,SKU_6,WH_5,SUP_3,South,509,3,326,0,9.06,11.69,0,0,16,2025,1,17,4,3,16.17151
2025-01-18,SKU_6,WH_5,SUP_3,South,509,3,326,0,9.06,11.69,0,0,16,2025,1,18,5,3,16.330654
2025-01-19,SKU_6,WH_5,SUP_3,South,509,3,326,0,9.06,11.69,0,0,16,2025,1,19,6,3,16.242691
2025-01-20,SKU_6,WH_5,SUP_3,South,509,3,326,0,9.06,11.69,0,0,16,2025,1,20,0,4,15.949237
2025-01-21,SKU_6,WH_5,SUP_3,South,509,3,326,0,9.06,11.69,0,0,16,2025,1,21,1,4,15.93167
2025-01-22,SKU_6,WH_5,SUP_3,South,509,3,326,0,9.06,11.69,0,0,16,2025,1,22,2,4,15.947525
2025-01-23,SKU_6,WH_5,SUP_3,South,509,3,326,0,9.06,11.69,0,0,16,2025,1,23,3,4,15.98032
2025-01-24,SKU_6,WH_5,SUP_3,South,509,3,326,0,9.06,11.69,0,0,16,2025,1,24,4,4,16.026405
2025-01-25,SKU_6,WH_5,SUP_3,South,509,3,326,0,9.06,11.69,0,0,16,2025,1,25,5,4,16.075996
2025-01-26,SKU_6,WH_5,SUP_3,South,509,3,326,0,9.06,11.69,0,0,16,2025,1,26,6,4,16.01752
2025-01-27,SKU_6,WH_5,SUP_3,South,509,3,326,0,9.06,11.69,0,0,16,2025,1,27,0,5,16.018658
2025-01-28,SKU_6,WH_5,SUP_3,South,509,3,326,0,9.06,11.69,0,0,16,2025,1,28,1,5,16.05649
2025-01-29,SKU_6,WH_5,SUP_3,South,509,3,326,0,9.06,11.69,0,0,16,2025,1,29,2,5,16.027521
2024-12-31,SKU_7,WH_1,SUP_5,West,582,3,386,238,11.54,17.76,0,0,20,2024,12,31,1,1,19.67437
2025-01-01,SKU_7,WH_1,SUP_5,West,582,3,386,238,11.54,17.76,0,0,20,2025,1,1,2,1,19.894297
2025-01-02,SKU_7,WH_1,SUP_5,West,582,3,386,238,11.54,17.76,0,0,20,2025,1,2,3,1,19.739862
2025-01-03,SKU_7,WH_1,SUP_5,West,582,3,386,238,11.54,17.76,0,0,20,2025,1,3,4,1,19.786905
2025-01-04,SKU_7,WH_1,SUP_5,West,582,3,386,238,11.54,17.76,0,0,20,2025,1,4,5,1,19.816065
2025-01-05,SKU_7,WH_1,SUP_5,West,582,3,386,238,11.54,17.76,0,0,20,2025,1,5,6,1,19.786598
2025-01-06,SKU_7,WH_1,SUP_5,West,582,3,386,238,11.54,17.76,0,0,20,2025,1,6,0,2,19.93342
2025-01-07,SKU_7,WH_1,SUP_5,West,582,3,386,238,11.54,17.76,0,0,20,2025,1,7,1,2,19.877872
2025-01-08,SKU_7,WH_1,SUP_5,West,582,3,386,238,11.54,17.76,0,0,20,2025,1,8,2,2,19.911736
2025-01-09,SKU_7,WH_1,SUP_5,West,582,3,386,238,11.54,17.76,0,0,20,2025,1,9,3,2,19.99574
2025-01-10,SKU_7,WH_1,SUP_5,West,582,3,386,238,11.54,17.76,0,0,20,2025,1,10,4,2,20.003036
2025-01-11,SKU_7,WH_1,SUP_5,West,582,3,386,238,11.54,17.76,0,0,20,2025,1,11,5,2,20.015528
2025-01-12,SKU_7,WH_1,SUP_5,West,582,3,386,238,11.54,17.76,0,0,20,2025,1,12,6,2,19.978107
2025-01-13,SKU_7,WH_1,SUP_5,West,582,3,386,238,11.54,17.76,0,0,20,2025,1,13,0,3,20.178192
2025-01-14,SKU_7,WH_1,SUP_5,West,582,3,386,238,11.54,17.76,0,0,20,2025,1,14,1,3,20.10084
2025-01-15,SKU_7,WH_1,SUP_5,West,582,3,386,238,11.54,17.76,0,0,20,2025,1,15,2,3,20.081244
2025-01-16,SKU_7,WH_1,SUP_5,West,582,3,386,238,11.54,17.76,0,0,20,2025,1,16,3,3,20.011274
2025-01-17,SKU_7,WH_1,SUP_5,West,582,3,386,238,11.54,17.76,0,0,20,2025,1,17,4,3,19.951553
2025-01-18,SKU_7,WH_1,SUP_5,West,582,3,386,238,11.54,17.76,0,0,20,2025,1,18,5,3,20.076822
2025-01-19,SKU_7,WH_1,SUP_5,West,582,3,386,238,11.54,17.76,0,0,20,2025,1,19,6,3,20.051134
2025-01-20,SKU_7,WH_1,SUP_5,West,582,3,386,238,11.54,17.76,0,0,20,2025,1,20,0,4,19.92889
2025-01-21,SKU_7,WH_1,SUP_5,West,582,3,386,238,11.54,17.76,0,0,20,2025,1,21,1,4,19.909447
2025-01-22,SKU_7,WH_1,SUP_5,West,582,3,386,238,11.54,17.76,0,0,20,2025,1,22,2,4,19.908468
2025-01-23,SKU_7,WH_1,SUP_5,West,582,3,386,238,11.54,17.76,0,0,20,2025,1,23,3,4,19.88125
2025-01-24,SKU_7,WH_1,SUP_5,West,582,3,386,238,11.54,17.76,0,0,20,2025,1,24,4,4,19.80505
2025-01-25,SKU_7,WH_1,SUP_5,West,582,3,386,238,11.54,17.76,0,0,20,2025,1,25,5,4,19.858858
2025-01-26,SKU_7,WH_1,SUP_5,West,582,3,386,238,11.54,17.76,0,0,20,2025,1,26,6,4,19.827717
2025-01-27,SKU_7,WH_1,SUP_5,West,582,3,386,238,11.54,17.76,0,0,20,2025,1,27,0,5,19.357935
2025-01-28,SKU_7,WH_1,SUP_5,West,582,3,386,238,11.54,17.76,0,0,20,2025,1,28,1,5,19.3629
2025-01-29,SKU_7,WH_1,SUP_5,West,582,3,386,238,11.54,17.76,0,0,20,2025,1,29,2,5,19.469402
2024-12-31,SKU_12,WH_4,SUP_1,South,537,12,227,0,14.2,19.73,0,0,22,2024,12,31,1,1,22.012993
2025-01-01,SKU_12,WH_4,SUP_1,South,537,12,227,0,14.2,19.73,0,0,22,2025,1,1,2,1,21.91098
2025-01-02,SKU_12,WH_4,SUP_1,South,537,12,227,0,14.2,19.73,0,0,22,2025,1,2,3,1,21.920177
2025-01-03,SKU_12,WH_4,SUP_1,South,537,12,227,0,14.2,19.73,0,0,22,2025,1,3,4,1,21.947899
2025-01-04,SKU_12,WH_4,SUP_1,South,537,12,227,0,14.2,19.73,0,0,22,2025,1,4,5,1,21.990871
2025-01-05,SKU_12,WH_4,SUP_1,South,537,12,227,0,14.2,19.73,0,0,22,2025,1,5,6,1,21.993275
2025-01-06,SKU_12,WH_4,SUP_1,South,537,12,227,0,14.2,19.73,0,0,22,2025,1,6,0,2,22.057833
2025-01-07,SKU_12,WH_4,SUP_1,South,537,12,227,0,14.2,19.73,0,0,22,2025,1,7,1,2,21.954597
2025-01-08,SKU_12,WH_4,SUP_1,South,537,12,227,0,14.2,19.73,0,0,22,2025,1,8,2,2,21.999102
2025-01-09,SKU_12,WH_4,SUP_1,South,537,12,227,0,14.2,19.73,0,0,22,2025,1,9,3,2,21.998722
2025-01-10,SKU_12,WH_4,SUP_1,South,537,12,227,0,14.2,19.73,0,0,22,2025,1,10,4,2,22.041271
2025-01-11,SKU_12,WH_4,SUP_1,South,537,12,227,0,14.2,19.73,0,0,22,2025,1,11,5,2,22.048077
2025-01-12,SKU_12,WH_4,SUP_1,South,537,12,227,0,14.2,19.73,0,0,22,2025,1,12,6,2,22.042526
2025-01-13,SKU_12,WH_4,SUP_1,South,537,12,227,0,14.2,19.73,0,0,22,2025,1,13,0,3,22.200058
2025-01-14,SKU_12,WH_4,SUP_1,South,537,12,227,0,14.2,19.73,0,0,22,2025,1,14,1,3,22.203827
2025-01-15,SKU_12,WH_4,SUP_1,South,537,12,227,0,14.2,19.73,0,0,22,2025,1,15,2,3,22.14939
2025-01-16,SKU_12,WH_4,SUP_1,South,537,12,227,0,14.2,19.73,0,0,22,2025,1,16,3,3,22.147299
2025-01-17,SKU_12,WH_4,SUP_1,South,537,12,227,0,14.2,19.73,0,0,22,2025,1,17,4,3,22.117771
2025-01-18,SKU_12,WH_4,SUP_1,South,537,12,227,0,14.2,19.73,0,0,22,2025,1,18,5,3,22.245047
2025-01-19,SKU_12,WH_4,SUP_1,South,537,12,227,0,14.2,19.73,0,0,22,2025,1,19,6,3,22.24745
2025-01-20,SKU_12,WH_4,SUP_1,South,537,12,227,0,14.2,19.73,0,0,22,2025,1,20,0,4,21.992626
2025-01-21,SKU_12,WH_4,SUP_1,South,537,12,227,0,14.2,19.73,0,0,22,2025,1,21,1,4,21.930466
2025-01-22,SKU_12,WH_4,SUP_1,South,537,12,227,0,14.2,19.73,0,0,22,2025,1,22,2,4,21.856598
2025-01-23,SKU_12,WH_4,SUP_1,South,537,12,227,0,14.2,19.73,0,0,22,2025,1,23,3,4,21.856218
2025-01-24,SKU_12,WH_4,SUP_1,South,537,12,227,0,14.2,19.73,0,0,22,2025,1,24,4,4,21.851696
2025-01-25,SKU_12,WH_4,SUP_1,South,537,12,227,0,14.2,19.73,0,0,22,2025,1,25,5,4,21.893751
2025-01-26,SKU_12,WH_4,SUP_1,South,537,12,227,0,14.2,19.73,0,0,22,2025,1,26,6,4,21.894981
2025-01-27,SKU_12,WH_4,SUP_1,South,537,12,227,0,14.2,19.73,0,0,22,2025,1,27,0,5,21.75482
2025-01-28,SKU_12,WH_4,SUP_1,South,537,12,227,0,14.2,19.73,0,0,22,2025,1,28,1,5,21.859049
2025-01-29,SKU_12,WH_4,SUP_1,South,537,12,227,0,14.2,19.73,0,0,22,2025,1,29,2,5,21.72295
2024-12-31,SKU_12,WH_3,SUP_8,South,263,6,234,0,10.01,13.38,0,0,26,2024,12,31,1,1,25.24067
2025-01-01,SKU_12,WH_3,SUP_8,South,263,6,234,0,10.01,13.38,0,0,26,2025,1,1,2,1,25.303202
2025-01-02,SKU_12,WH_3,SUP_8,South,263,6,234,0,10.01,13.38,0,0,26,2025,1,2,3,1,25.355976
2025-01-03,SKU_12,WH_3,SUP_8,South,263,6,234,0,10.01,13.38,0,0,26,2025,1,3,4,1,25.43916
2025-01-04,SKU_12,WH_3,SUP_8,South,263,6,234,0,10.01,13.38,0,0,26,2025,1,4,5,1,25.535664
2025-01-05,SKU_12,WH_3,SUP_8,South,263,6,234,0,10.01,13.38,0,0,26,2025,1,5,6,1,25.5501
2025-01-06,SKU_12,WH_3,SUP_8,South,263,6,234,0,10.01,13.38,0,0,26,2025,1,6,0,2,25.75945
2025-01-07,SKU_12,WH_3,SUP_8,South,263,6,234,0,10.01,13.38,0,0,26,2025,1,7,1,2,25.638878
2025-01-08,SKU_12,WH_3,SUP_8,South,263,6,234,0,10.01,13.38,0,0,26,2025,1,8,2,2,25.82019
2025-01-09,SKU_12,WH_3,SUP_8,South,263,6,234,0,10.01,13.38,0,0,26,2025,1,9,3,2,25.801126
2025-01-10,SKU_12,WH_3,SUP_8,South,263,6,234,0,10.01,13.38,0,0,26,2025,1,10,4,2,25.682907
2025-01-11,SKU_12,WH_3,SUP_8,South,263,6,234,0,10.01,13.38,0,0,26,2025,1,11,5,2,25.690838
2025-01-12,SKU_12,WH_3,SUP_8,South,263,6,234,0,10.01,13.38,0,0,26,2025,1,12,6,2,25.693027
2025-01-13,SKU_12,WH_3,SUP_8,South,263,6,234,0,10.01,13.38,0,0,26,2025,1,13,0,3,26.014593
2025-01-14,SKU_12,WH_3,SUP_8,South,263,6,234,0,10.01,13.38,0,0,26,2025,1,14,1,3,25.940834
2025-01-15,SKU_12,WH_3,SUP_8,South,263,6,234,0,10.01,13.38,0,0,26,2025,1,15,2,3,25.932621
2025-01-16,SKU_12,WH_3,SUP_8,South,263,6,234,0,10.01,13.38,0,0,26,2025,1,16,3,3,25.940117
2025-01-17,SKU_12,WH_3,SUP_8,South,263,6,234,0,10.01,13.38,0,0,26,2025,1,17,4,3,25.856077
2025-01-18,SKU_12,WH_3,SUP_8,South,263,6,234,0,10.01,13.38,0,0,26,2025,1,18,5,3,26.008726
2025-01-19,SKU_12,WH_3,SUP_8,South,263,6,234,0,10.01,13.38,0,0,26,2025,1,19,6,3,26.017479
2025-01-20,SKU_12,WH_3,SUP_8,South,263,6,234,0,10.01,13.38,0,0,26,2025,1,20,0,4,26.172018
2025-01-21,SKU_12,WH_3,SUP_8,South,263,6,234,0,10.01,13.38,0,0,26,2025,1,21,1,4,26.012611
2025-01-22,SKU_12,WH_3,SUP_8,South,263,6,234,0,10.01,13.38,0,0,26,2025,1,22,2,4,25.978481
2025-01-23,SKU_12,WH_3,SUP_8,South,263,6,234,0,10.01,13.38,0,0,26,2025,1,23,3,4,25.93528
2025-01-24,SKU_12,WH_3,SUP_8,South,263,6,234,0,10.01,13.38,0,0,26,2025,1,24,4,4,25.722618
2025-01-25,SKU_12,WH_3,SUP_8,South,263,6,234,0,10.01,13.38,0,0,26,2025,1,25,5,4,25.770359
2025-01-26,SKU_12,WH_3,SUP_8,South,263,6,234,0,10.01,13.38,0,0,26,2025,1,26,6,4,25.89132
2025-01-27,SKU_12,WH_3,SUP_8,South,263,6,234,0,10.01,13.38,0,0,26,2025,1,27,0,5,26.108664
2025-01-28,SKU_12,WH_3,SUP_8,South,263,6,234,0,10.01,13.38,0,0,26,2025,1,28,1,5,26.118597
2025-01-29,SKU_12,WH_3,SUP_8,South,263,6,234,0,10.01,13.38,0,0,26,2025,1,29,2,5,26.118847
2024-12-31,SKU_12,WH_2,SUP_6,West,609,6,370,0,19.03,23.02,0,0,19,2024,12,31,1,1,19.001675
2025-01-01,SKU_12,WH_2,SUP_6,West,609,6,370,0,19.03,23.02,0,0,19,2025,1,1,2,1,19.10442
2025-01-02,SKU_12,WH_2,SUP_6,West,609,6,370,0,19.03,23.02,0,0,19,2025,1,2,3,1,19.121332
2025-01-03,SKU_12,WH_2,SUP_6,West,609,6,370,0,19.03,23.02,0,0,19,2025,1,3,4,1,19.178175
2025-01-04,SKU_12,WH_2,SUP_6,West,609,6,370,0,19.03,23.02,0,0,19,2025,1,4,5,1,19.187145
2025-01-05,SKU_12,WH_2,SUP_6,West,609,6,370,0,19.03,23.02,0,0,19,2025,1,5,6,1,19.152624
2025-01-06,SKU_12,WH_2,SUP_6,West,609,6,370,0,19.03,23.02,0,0,19,2025,1,6,0,2,19.039919
2025-01-07,SKU_12,WH_2,SUP_6,West,609,6,370,0,19.03,23.02,0,0,19,2025,1,7,1,2,19.105427
2025-01-08,SKU_12,WH_2,SUP_6,West,609,6,370,0,19.03,23.02,0,0,19,2025,1,8,2,2,19.252203
2025-01-09,SKU_12,WH_2,SUP_6,West,609,6,370,0,19.03,23.02,0,0,19,2025,1,9,3,2,19.263622
2025-01-10,SKU_12,WH_2,SUP_6,West,609,6,370,0,19.03,23.02,0,0,19,2025,1,10,4,2,19.305922
2025-01-11,SKU_12,WH_2,SUP_6,West,609,6,370,0,19.03,23.02,0,0,19,2025,1,11,5,2,19.374765
2025-01-12,SKU_12,WH_2,SUP_6,West,609,6,370,0,19.03,23.02,0,0,19,2025,1,12,6,2,19.33229
2025-01-13,SKU_12,WH_2,SUP_6,West,609,6,370,0,19.03,23.02,0,0,19,2025,1,13,0,3,19.320086
2025-01-14,SKU_12,WH_2,SUP_6,West,609,6,370,0,19.03,23.02,0,0,19,2025,1,14,1,3,19.379969
2025-01-15,SKU_12,WH_2,SUP_6,West,609,6,370,0,19.03,23.02,0,0,19,2025,1,15,2,3,19.436766
2025-01-16,SKU_12,WH_2,SUP_6,West,609,6,370,0,19.03,23.02,0,0,19,2025,1,16,3,3,19.460783
2025-01-17,SKU_12,WH_2,SUP_6,West,609,6,370,0,19.03,23.02,0,0,19,2025,1,17,4,3,19.41282
2025-01-18,SKU_12,WH_2,SUP_6,West,609,6,370,0,19.03,23.02,0,0,19,2025,1,18,5,3,19.563538
2025-01-19,SKU_12,WH_2,SUP_6,West,609,6,370,0,19.03,23.02,0,0,19,2025,1,19,6,3,19.529016
2025-01-20,SKU_12,WH_2,SUP_6,West,609,6,370,0,19.03,23.02,0,0,19,2025,1,20,0,4,19.048677
2025-01-21,SKU_12,WH_2,SUP_6,West,609,6,370,0,19.03,23.02,0,0,19,2025,1,21,1,4,19.122906
2025-01-22,SKU_12,WH_2,SUP_6,West,609,6,370,0,19.03,23.02,0,0,19,2025,1,22,2,4,19.16705
2025-01-23,SKU_12,WH_2,SUP_6,West,609,6,370,0,19.03,23.02,0,0,19,2025,1,23,3,4,19.192778
2025-01-24,SKU_12,WH_2,SUP_6,West,609,6,370,0,19.03,23.02,0,0,19,2025,1,24,4,4,19.145245
2025-01-25,SKU_12,WH_2,SUP_6,West,609,6,370,0,19.03,23.02,0,0,19,2025,1,25,5,4,19.207678
2025-01-26,SKU_12,WH_2,SUP_6,West,609,6,370,0,19.03,23.02,0,0,19,2025,1,26,6,4,19.170969
2025-01-27,SKU_12,WH_2,SUP_6,West,609,6,370,0,19.03,23.02,0,0,19,2025,1,27,0,5,18.741789
2025-01-28,SKU_12,WH_2,SUP_6,West,609,6,370,0,19.03,23.02,0,0,19,2025,1,28,1,5,18.635431
2025-01-29,SKU_12,WH_2,SUP_6,West,609,6,370,0,19.03,23.02,0,0,19,2025,1,29,2,5,18.727049
2024-12-31,SKU_12,WH_1,SUP_5,West,304,5,299,0,5.36,7.17,0,0,30,2024,12,31,1,1,29.27011
2025-01-01,SKU_12,WH_1,SUP_5,West,304,5,299,0,5.36,7.17,0,0,30,2025,1,1,2,1,29.425213
2025-01-02,SKU_12,WH_1,SUP_5,West,304,5,299,0,5.36,7.17,0,0,30,2025,1,2,3,1,29.508074
2025-01-03,SKU_12,WH_1,SUP_5,West,304,5,299,0,5.36,7.17,0,0,30,2025,1,3,4,1,29.6285
2025-01-04,SKU_12,WH_1,SUP_5,West,304,5,299,0,5.36,7.17,0,0,30,2025,1,4,5,1,29.599838
2025-01-05,SKU_12,WH_1,SUP_5,West,304,5,299,0,5.36,7.17,0,0,30,2025,1,5,6,1,29.632547
2025-01-06,SKU_12,WH_1,SUP_5,West,304,5,299,0,5.36,7.17,0,0,30,2025,1,6,0,2,29.93424
2025-01-07,SKU_12,WH_1,SUP_5,West,304,5,299,0,5.36,7.17,0,0,30,2025,1,7,1,2,29.937916
2025-01-08,SKU_12,WH_1,SUP_5,West,304,5,299,0,5.36,7.17,0,0,30,2025,1,8,2,2,30.020315
2025-01-09,SKU_12,WH_1,SUP_5,West,304,5,299,0,5.36,7.17,0,0,30,2025,1,9,3,2,30.001251
2025-01-10,SKU_12,WH_1,SUP_5,West,304,5,299,0,5.36,7.17,0,0,30,2025,1,10,4,2,29.908752
2025-01-11,SKU_12,WH_1,SUP_5,West,304,5,299,0,5.36,7.17,0,0,30,2025,1,11,5,2,29.8616
2025-01-12,SKU_12,WH_1,SUP_5,West,304,5,299,0,5.36,7.17,0,0,30,2025,1,12,6,2,29.872375
2025-01-13,SKU_12,WH_1,SUP_5,West,304,5,299,0,5.36,7.17,0,0,30,2025,1,13,0,3,30.079586
2025-01-14,SKU_12,WH_1,SUP_5,West,304,5,299,0,5.36,7.17,0,0,30,2025,1,14,1,3,30.081722
2025-01-15,SKU_12,WH_1,SUP_5,West,304,5,299,0,5.36,7.17,0,0,30,2025,1,15,2,3,30.086304
2025-01-16,SKU_12,WH_1,SUP_5,West,304,5,299,0,5.36,7.17,0,0,30,2025,1,16,3,3,30.075264
2025-01-17,SKU_12,WH_1,SUP_5,West,304,5,299,0,5.36,7.17,0,0,30,2025,1,17,4,3,30.010574
2025-01-18,SKU_12,WH_1,SUP_5,West,304,5,299,0,5.36,7.17,0,0,30,2025,1,18,5,3,30.08495
2025-01-19,SKU_12,WH_1,SUP_5,West,304,5,299,0,5.36,7.17,0,0,30,2025,1,19,6,3,30.060143
2025-01-20,SKU_12,WH_1,SUP_5,West,304,5,299,0,5.36,7.17,0,0,30,2025,1,20,0,4,29.6119
2025-01-21,SKU_12,WH_1,SUP_5,West,304,5,299,0,5.36,7.17,0,0,30,2025,1,21,1,4,29.529604
2025-01-22,SKU_12,WH_1,SUP_5,West,304,5,299,0,5.36,7.17,0,0,30,2025,1,22,2,4,29.520924
2025-01-23,SKU_12,WH_1,SUP_5,West,304,5,299,0,5.36,7.17,0,0,30,2025,1,23,3,4,29.562998
2025-01-24,SKU_12,WH_1,SUP_5,West,304,5,299,0,5.36,7.17,0,0,30,2025,1,24,4,4,29.363213
2025-01-25,SKU_12,WH_1,SUP_5,West,304,5,299,0,5.36,7.17,0,0,30,2025,1,25,5,4,29.309183
2025-01-26,SKU_12,WH_1,SUP_5,West,304,5,299,0,5.36,7.17,0,0,30,2025,1,26,6,4,29.366138
2025-01-27,SKU_12,WH_1,SUP_5,West,304,5,299,0,5.36,7.17,0,0,30,2025,1,27,0,5,29.494045
2025-01-28,SKU_12,WH_1,SUP_5,West,304,5,299,0,5.36,7.17,0,0,30,2025,1,28,1,5,29.622282
2025-01-29,SKU_12,WH_1,SUP_5,West,304,5,299,0,5.36,7.17,0,0,30,2025,1,29,2,5,29.626863
2024-12-31,SKU_11,WH_5,SUP_7,East,673,3,349,0,18.92,31.99,0,0,22,2024,12,31,1,1,21.416407
2025-01-01,SKU_11,WH_5,SUP_7,East,673,3,349,0,18.92,31.99,0,0,22,2025,1,1,2,1,22.326963
2025-01-02,SKU_11,WH_5,SUP_7,East,673,3,349,0,18.92,31.99,0,0,22,2025,1,2,3,1,22.329884
2025-01-03,SKU_11,WH_5,SUP_7,East,673,3,349,0,18.92,31.99,0,0,22,2025,1,3,4,1,22.470236
2025-01-04,SKU_11,WH_5,SUP_7,East,673,3,349,0,18.92,31.99,0,0,22,2025,1,4,5,1,22.523628
2025-01-05,SKU_11,WH_5,SUP_7,East,673,3,349,0,18.92,31.99,0,0,22,2025,1,5,6,1,22.524416
2025-01-06,SKU_11,WH_5,SUP_7,East,673,3,349,0,18.92,31.99,0,0,22,2025,1,6,0,2,22.321058
2025-01-07,SKU_11,WH_5,SUP_7,East,673,3,349,0,18.92,31.99,0,0,22,2025,1,7,1,2,22.45806
2025-01-08,SKU_11,WH_5,SUP_7,East,673,3,349,0,18.92,31.99,0,0,22,2025,1,8,2,2,22.539606
2025-01-09,SKU_11,WH_5,SUP_7,East,673,3,349,0,18.92,31.99,0,0,22,2025,1,9,3,2,22.541422
2025-01-10,SKU_11,WH_5,SUP_7,East,673,3,349,0,18.92,31.99,0,0,22,2025,1,10,4,2,22.668417
2025-01-11,SKU_11,WH_5,SUP_7,East,673,3,349,0,18.92,31.99,0,0,22,2025,1,11,5,2,22.41063
2025-01-12,SKU_11,WH_5,SUP_7,East,673,3,349,0,18.92,31.99,0,0,22,2025,1,12,6,2,22.34576
2025-01-13,SKU_11,WH_5,SUP_7,East,673,3,349,0,18.92,31.99,0,0,22,2025,1,13,0,3,22.277891
2025-01-14,SKU_11,WH_5,SUP_7,East,673,3,349,0,18.92,31.99,0,0,22,2025,1,14,1,3,22.110207
2025-01-15,SKU_11,WH_5,SUP_7,East,673,3,349,0,18.92,31.99,0,0,22,2025,1,15,2,3,22.276985
2025-01-16,SKU_11,WH_5,SUP_7,East,673,3,349,0,18.92,31.99,0,0,22,2025,1,16,3,3,22.306864
2025-01-17,SKU_11,WH_5,SUP_7,East,673,3,349,0,18.92,31.99,0,0,22,2025,1,17,4,3,22.350225
2025-01-18,SKU_11,WH_5,SUP_7,East,673,3,349,0,18.92,31.99,0,0,22,2025,1,18,5,3,22.485544
2025-01-19,SKU_11,WH_5,SUP_7,East,673,3,349,0,18.92,31.99,0,0,22,2025,1,19,6,3,22.486332
2025-01-20,SKU_11,WH_5,SUP_7,East,673,3,349,0,18.92,31.99,0,0,22,2025,1,20,0,4,22.094522
2025-01-21,SKU_11,WH_5,SUP_7,East,673,3,349,0,18.92,31.99,0,0,22,2025,1,21,1,4,22.153713
2025-01-22,SKU_11,WH_5,SUP_7,East,673,3,349,0,18.92,31.99,0,0,22,2025,1,22,2,4,22.053514
2025-01-23,SKU_11,WH_5,SUP_7,East,673,3,349,0,18.92,31.99,0,0,22,2025,1,23,3,4,22.052748
2025-01-24,SKU_11,WH_5,SUP_7,East,673,3,349,0,18.92,31.99,0,0,22,2025,1,24,4,4,22.09065
2025-01-25,SKU_11,WH_5,SUP_7,East,673,3,349,0,18.92,31.99,0,0,22,2025,1,25,5,4,22.147007
2025-01-26,SKU_11,WH_5,SUP_7,East,673,3,349,0,18.92,31.99,0,0,22,2025,1,26,6,4,22.141172
2025-01-27,SKU_11,WH_5,SUP_7,East,673,3,349,0,18.92,31.99,0,0,22,2025,1,27,0,5,21.912603
2025-01-28,SKU_11,WH_5,SUP_7,East,673,3,349,0,18.92,31.99,0,0,22,2025,1,28,1,5,22.000227
2025-01-29,SKU_11,WH_5,SUP_7,East,673,3,349,0,18.92,31.99,0,0,22,2025,1,29,2,5,22.007635
2024-12-31,SKU_11,WH_4,SUP_9,West,585,2,382,0,6.2,7.82,0,0,18,2024,12,31,1,1,17.131819
2025-01-01,SKU_11,WH_4,SUP_9,West,585,2,382,0,6.2,7.82,0,0,18,2025,1,1,2,1,18.161736
2025-01-02,SKU_11,WH_4,SUP_9,West,585,2,382,0,6.2,7.82,0,0,18,2025,1,2,3,1,17.427353
2025-01-03,SKU_11,WH_4,SUP_9,West,585,2,382,0,6.2,7.82,0,0,18,2025,1,3,4,1,17.481005
2025-01-04,SKU_11,WH_4,SUP_9,West,585,2,382,0,6.2,7.82,0,0,18,2025,1,4,5,1,17.53139
2025-01-05,SKU_11,WH_4,SUP_9,West,585,2,382,0,6.2,7.82,0,0,18,2025,1,5,6,1,17.423525
2025-01-06,SKU_11,WH_4,SUP_9,West,585,2,382,0,6.2,7.82,0,0,18,2025,1,6,0,2,17.92417
2025-01-07,SKU_11,WH_4,SUP_9,West,585,2,382,0,6.2,7.82,0,0,18,2025,1,7,1,2,17.93602
2025-01-08,SKU_11,WH_4,SUP_9,West,585,2,382,0,6.2,7.82,0,0,18,2025,1,8,2,2,17.997494
2025-01-09,SKU_11,WH_4,SUP_9,West,585,2,382,0,6.2,7.82,0,0,18,2025,1,9,3,2,18.023703
2025-01-10,SKU_11,WH_4,SUP_9,West,585,2,382,0,6.2,7.82,0,0,18,2025,1,10,4,2,17.932972
2025-01-11,SKU_11,WH_4,SUP_9,West,585,2,382,0,6.2,7.82,0,0,18,2025,1,11,5,2,17.692347
2025-01-12,SKU_11,WH_4,SUP_9,West,585,2,382,0,6.2,7.82,0,0,18,2025,1,12,6,2,17.58916
2025-01-13,SKU_11,WH_4,SUP_9,West,585,2,382,0,6.2,7.82,0,0,18,2025,1,13,0,3,18.098732
2025-01-14,SKU_11,WH_4,SUP_9,West,585,2,382,0,6.2,7.82,0,0,18,2025,1,14,1,3,17.93071
2025-01-15,SKU_11,WH_4,SUP_9,West,585,2,382,0,6.2,7.82,0,0,18,2025,1,15,2,3,17.896254
2025-01-16,SKU_11,WH_4,SUP_9,West,585,2,382,0,6.2,7.82,0,0,18,2025,1,16,3,3,17.861822
2025-01-17,SKU_11,WH_4,SUP_9,West,585,2,382,0,6.2,7.82,0,0,18,2025,1,17,4,3,17.81054
2025-01-18,SKU_11,WH_4,SUP_9,West,585,2,382,0,6.2,7.82,0,0,18,2025,1,18,5,3,18.074556
2025-01-19,SKU_11,WH_4,SUP_9,West,585,2,382,0,6.2,7.82,0,0,18,2025,1,19,6,3,17.761503
2025-01-20,SKU_11,WH_4,SUP_9,West,585,2,382,0,6.2,7.82,0,0,18,2025,1,20,0,4,17.786158
2025-01-21,SKU_11,WH_4,SUP_9,West,585,2,382,0,6.2,7.82,0,0,18,2025,1,21,1,4,17.606182
2025-01-22,SKU_11,WH_4,SUP_9,West,585,2,382,0,6.2,7.82,0,0,18,2025,1,22,2,4,17.575201
2025-01-23,SKU_11,WH_4,SUP_9,West,585,2,382,0,6.2,7.82,0,0,18,2025,1,23,3,4,17.655874
2025-01-24,SKU_11,WH_4,SUP_9,West,585,2,382,0,6.2,7.82,0,0,18,2025,1,24,4,4,17.403952
2025-01-25,SKU_11,WH_4,SUP_9,West,585,2,382,0,6.2,7.82,0,0,18,2025,1,25,5,4,17.481562
2025-01-26,SKU_11,WH_4,SUP_9,West,585,2,382,0,6.2,7.82,0,0,18,2025,1,26,6,4,17.458347
2025-01-27,SKU_11,WH_4,SUP_9,West,585,2,382,0,6.2,7.82,0,0,18,2025,1,27,0,5,17.333515
2025-01-28,SKU_11,WH_4,SUP_9,West,585,2,382,0,6.2,7.82,0,0,18,2025,1,28,1,5,17.272354
2025-01-29,SKU_11,WH_4,SUP_9,West,585,2,382,0,6.2,7.82,0,0,18,2025,1,29,2,5,17.330568
2024-12-31,SKU_11,WH_3,SUP_8,East,370,13,342,0,13.85,18.39,0,0,15,2024,12,31,1,1,14.247134
2025-01-01,SKU_11,WH_3,SUP_8,East,370,13,342,0,13.85,18.39,0,0,15,2025,1,1,2,1,14.640871
2025-01-02,SKU_11,WH_3,SUP_8,East,370,13,342,0,13.85,18.39,0,0,15,2025,1,2,3,1,14.536871
2025-01-03,SKU_11,WH_3,SUP_8,East,370,13,342,0,13.85,18.39,0,0,15,2025,1,3,4,1,14.647172
2025-01-04,SKU_11,WH_3,SUP_8,East,370,13,342,0,13.85,18.39,0,0,15,2025,1,4,5,1,14.818356
2025-01-05,SKU_11,WH_3,SUP_8,East,370,13,342,0,13.85,18.39,0,0,15,2025,1,5,6,1,14.79193
2025-01-06,SKU_11,WH_3,SUP_8,East,370,13,342,0,13.85,18.39,0,0,15,2025,1,6,0,2,14.720212
2025-01-07,SKU_11,WH_3,SUP_8,East,370,13,342,0,13.85,18.39,0,0,15,2025,1,7,1,2,14.557542
2025-01-08,SKU_11,WH_3,SUP_8,East,370,13,342,0,13.85,18.39,0,0,15,2025,1,8,2,2,14.640182
2025-01-09,SKU_11,WH_3,SUP_8,East,370,13,342,0,13.85,18.39,0,0,15,2025,1,9,3,2,14.64413
2025-01-10,SKU_11,WH_3,SUP_8,East,370,13,342,0,13.85,18.39,0,0,15,2025,1,10,4,2,14.702723
2025-01-11,SKU_11,WH_3,SUP_8,East,370,13,342,0,13.85,18.39,0,0,15,2025,1,11,5,2,14.783664
2025-01-12,SKU_11,WH_3,SUP_8,East,370,13,342,0,13.85,18.39,0,0,15,2025,1,12,6,2,14.726814
2025-01-13,SKU_11,WH_3,SUP_8,East,370,13,342,0,13.85,18.39,0,0,15,2025,1,13,0,3,14.740968
2025-01-14,SKU_11,WH_3,SUP_8,East,370,13,342,0,13.85,18.39,0,0,15,2025,1,14,1,3,14.688107
2025-01-15,SKU_11,WH_3,SUP_8,East,370,13,342,0,13.85,18.39,0,0,15,2025,1,15,2,3,14.6689825
2025-01-16,SKU_11,WH_3,SUP_8,East,370,13,342,0,13.85,18.39,0,0,15,2025,1,16,3,3,14.662917
2025-01-17,SKU_11,WH_3,SUP_8,East,370,13,342,0,13.85,18.39,0,0,15,2025,1,17,4,3,14.661497
2025-01-18,SKU_11,WH_3,SUP_8,East,370,13,342,0,13.85,18.39,0,0,15,2025,1,18,5,3,14.871054
2025-01-19,SKU_11,WH_3,SUP_8,East,370,13,342,0,13.85,18.39,0,0,15,2025,1,19,6,3,14.862522
2025-01-20,SKU_11,WH_3,SUP_8,East,370,13,342,0,13.85,18.39,0,0,15,2025,1,20,0,4,14.685851
2025-01-21,SKU_11,WH_3,SUP_8,East,370,13,342,0,13.85,18.39,0,0,15,2025,1,21,1,4,14.588474
2025-01-22,SKU_11,WH_3,SUP_8,East,370,13,342,0,13.85,18.39,0,0,15,2025,1,22,2,4,14.563275
2025-01-23,SKU_11,WH_3,SUP_8,East,370,13,342,0,13.85,18.39,0,0,15,2025,1,23,3,4,14.5772915
2025-01-24,SKU_11,WH_3,SUP_8,East,370,13,342,0,13.85,18.39,0,0,15,2025,1,24,4,4,14.5883
2025-01-25,SKU_11,WH_3,SUP_8,East,370,13,342,0,13.85,18.39,0,0,15,2025,1,25,5,4,14.699238
2025-01-26,SKU_11,WH_3,SUP_8,East,370,13,342,0,13.85,18.39,0,0,15,2025,1,26,6,4,14.737691
2025-01-27,SKU_11,WH_3,SUP_8,East,370,13,342,0,13.85,18.39,0,0,15,2025,1,27,0,5,14.855329
2025-01-28,SKU_11,WH_3,SUP_8,East,370,13,342,0,13.85,18.39,0,0,15,2025,1,28,1,5,14.882234
2025-01-29,SKU_11,WH_3,SUP_8,East,370,13,342,0,13.85,18.39,0,0,15,2025,1,29,2,5,14.852164
2024-12-31,SKU_11,WH_2,SUP_4,North,291,4,230,0,17.93,29.29,0,0,24,2024,12,31,1,1,22.938858
2025-01-01,SKU_11,WH_2,SUP_4,North,291,4,230,0,17.93,29.29,0,0,24,2025,1,1,2,1,23.36206
2025-01-02,SKU_11,WH_2,SUP_4,North,291,4,230,0,17.93,29.29,0,0,24,2025,1,2,3,1,23.606224
2025-01-03,SKU_11,WH_2,SUP_4,North,291,4,230,0,17.93,29.29,0,0,24,2025,1,3,4,1,23.766249
2025-01-04,SKU_11,WH_2,SUP_4,North,291,4,230,0,17.93,29.29,0,0,24,2025,1,4,5,1,23.750998
2025-01-05,SKU_11,WH_2,SUP_4,North,291,4,230,0,17.93,29.29,0,0,24,2025,1,5,6,1,23.756607
2025-01-06,SKU_11,WH_2,SUP_4,North,291,4,230,0,17.93,29.29,0,0,24,2025,1,6,0,2,23.708158
2025-01-07,SKU_11,WH_2,SUP_4,North,291,4,230,0,17.93,29.29,0,0,24,2025,1,7,1,2,23.69651
2025-01-08,SKU_11,WH_2,SUP_4,North,291,4,230,0,17.93,29.29,0,0,24,2025,1,8,2,2,23.82196
2025-01-09,SKU_11,WH_2,SUP_4,North,291,4,230,0,17.93,29.29,0,0,24,2025,1,9,3,2,23.82453
2025-01-10,SKU_11,WH_2,SUP_4,North,291,4,230,0,17.93,29.29,0,0,24,2025,1,10,4,2,23.796932
2025-01-11,SKU_11,WH_2,SUP_4,North,291,4,230,0,17.93,29.29,0,0,24,2025,1,11,5,2,23.75334
2025-01-12,SKU_11,WH_2,SUP_4,North,291,4,230,0,17.93,29.29,0,0,24,2025,1,12,6,2,23.746702
2025-01-13,SKU_11,WH_2,SUP_4,North,291,4,230,0,17.93,29.29,0,0,24,2025,1,13,0,3,23.913385
2025-01-14,SKU_11,WH_2,SUP_4,North,291,4,230,0,17.93,29.29,0,0,24,2025,1,14,1,3,24.030651
2025-01-15,SKU_11,WH_2,SUP_4,North,291,4,230,0,17.93,29.29,0,0,24,2025,1,15,2,3,24.018559
2025-01-16,SKU_11,WH_2,SUP_4,North,291,4,230,0,17.93,29.29,0,0,24,2025,1,16,3,3,24.029871
2025-01-17,SKU_11,WH_2,SUP_4,North,291,4,230,0,17.93,29.29,0,0,24,2025,1,17,4,3,24.00043
2025-01-18,SKU_11,WH_2,SUP_4,North,291,4,230,0,17.93,29.29,0,0,24,2025,1,18,5,3,24.050316
2025-01-19,SKU_11,WH_2,SUP_4,North,291,4,230,0,17.93,29.29,0,0,24,2025,1,19,6,3,24.062958
2025-01-20,SKU_11,WH_2,SUP_4,North,291,4,230,0,17.93,29.29,0,0,24,2025,1,20,0,4,24.000198
2025-01-21,SKU_11,WH_2,SUP_4,North,291,4,230,0,17.93,29.29,0,0,24,2025,1,21,1,4,23.987375
2025-01-22,SKU_11,WH_2,SUP_4,North,291,4,230,0,17.93,29.29,0,0,24,2025,1,22,2,4,23.875622
2025-01-23,SKU_11,WH_2,SUP_4,North,291,4,230,0,17.93,29.29,0,0,24,2025,1,23,3,4,23.847408
2025-01-24,SKU_11,WH_2,SUP_4,North,291,4,230,0,17.93,29.29,0,0,24,2025,1,24,4,4,23.729914
2025-01-25,SKU_11,WH_2,SUP_4,North,291,4,230,0,17.93,29.29,0,0,24,2025,1,25,5,4,23.755173
2025-01-26,SKU_11,WH_2,SUP_4,North,291,4,230,0,17.93,29.29,0,0,24,2025,1,26,6,4,23.779839
2025-01-27,SKU_11,WH_2,SUP_4,North,291,4,230,0,17.93,29.29,0,0,24,2025,1,27,0,5,24.0754
2025-01-28,SKU_11,WH_2,SUP_4,North,291,4,230,0,17.93,29.29,0,0,24,2025,1,28,1,5,24.18476
2025-01-29,SKU_11,WH_2,SUP_4,North,291,4,230,0,17.93,29.29,0,0,24,2025,1,29,2,5,24.234024
2024-12-31,SKU_11,WH_1,SUP_3,North,758,4,286,489,19.54,34.79,0,0,16,2024,12,31,1,1,14.459672
2025-01-01,SKU_11,WH_1,SUP_3,North,758,4,286,489,19.54,34.79,0,0,16,2025,1,1,2,1,15.753266
2025-01-02,SKU_11,WH_1,SUP_3,North,758,4,286,489,19.54,34.79,0,0,16,2025,1,2,3,1,15.770095
2025-01-03,SKU_11,WH_1,SUP_3,North,758,4,286,489,19.54,34.79,0,0,16,2025,1,3,4,1,16.00554
2025-01-04,SKU_11,WH_1,SUP_3,North,758,4,286,489,19.54,34.79,0,0,16,2025,1,4,5,1,15.863721
2025-01-05,SKU_11,WH_1,SUP_3,North,758,4,286,489,19.54,34.79,0,0,16,2025,1,5,6,1,15.770053
2025-01-06,SKU_11,WH_1,SUP_3,North,758,4,286,489,19.54,34.79,0,0,16,2025,1,6,0,2,15.944727
2025-01-07,SKU_11,WH_1,SUP_3,North,758,4,286,489,19.54,34.79,0,0,16,2025,1,7,1,2,15.840172
2025-01-08,SKU_11,WH_1,SUP_3,North,758,4,286,489,19.54,34.79,0,0,16,2025,1,8,2,2,15.688131
2025-01-09,SKU_11,WH_1,SUP_3,North,758,4,286,489,19.54,34.79,0,0,16,2025,1,9,3,2,15.696543
2025-01-10,SKU_11,WH_1,SUP_3,North,758,4,286,489,19.54,34.79,0,0,16,2025,1,10,4,2,15.678587
2025-01-11,SKU_11,WH_1,SUP_3,North,758,4,286,489,19.54,34.79,0,0,16,2025,1,11,5,2,15.679945
2025-01-12,SKU_11,WH_1,SUP_3,North,758,4,286,489,19.54,34.79,0,0,16,2025,1,12,6,2,15.487594
2025-01-13,SKU_11,WH_1,SUP_3,North,758,4,286,489,19.54,34.79,0,0,16,2025,1,13,0,3,15.818441
2025-01-14,SKU_11,WH_1,SUP_3,North,758,4,286,489,19.54,34.79,0,0,16,2025,1,14,1,3,15.793385
2025-01-15,SKU_11,WH_1,SUP_3,North,758,4,286,489,19.54,34.79,0,0,16,2025,1,15,2,3,15.713103
2025-01-16,SKU_11,WH_1,SUP_3,North,758,4,286,489,19.54,34.79,0,0,16,2025,1,16,3,3,15.769092
2025-01-17,SKU_11,WH_1,SUP_3,North,758,4,286,489,19.54,34.79,0,0,16,2025,1,17,4,3,15.78027
2025-01-18,SKU_11,WH_1,SUP_3,North,758,4,286,489,19.54,34.79,0,0,16,2025,1,18,5,3,15.806175
2025-01-19,SKU_11,WH_1,SUP_3,North,758,4,286,489,19.54,34.79,0,0,16,2025,1,19,6,3,15.677102
2025-01-20,SKU_11,WH_1,SUP_3,North,758,4,286,489,19.54,34.79,0,0,16,2025,1,20,0,4,15.811386
2025-01-21,SKU_11,WH_1,SUP_3,North,758,4,286,489,19.54,34.79,0,0,16,2025,1,21,1,4,15.815384
2025-01-22,SKU_11,WH_1,SUP_3,North,758,4,286,489,19.54,34.79,0,0,16,2025,1,22,2,4,15.55097
2025-01-23,SKU_11,WH_1,SUP_3,North,758,4,286,489,19.54,34.79,0,0,16,2025,1,23,3,4,15.43476
2025-01-24,SKU_11,WH_1,SUP_3,North,758,4,286,489,19.54,34.79,0,0,16,2025,1,24,4,4,15.300144
2025-01-25,SKU_11,WH_1,SUP_3,North,758,4,286,489,19.54,34.79,0,0,16,2025,1,25,5,4,15.328806
2025-01-26,SKU_11,WH_1,SUP_3,North,758,4,286,489,19.54,34.79,0,0,16,2025,1,26,6,4,15.072355
2025-01-27,SKU_11,WH_1,SUP_3,North,758,4,286,489,19.54,34.79,0,0,16,2025,1,27,0,5,15.5427065
2025-01-28,SKU_11,WH_1,SUP_3,North,758,4,286,489,19.54,34.79,0,0,16,2025,1,28,1,5,15.6178
2025-01-29,SKU_11,WH_1,SUP_3,North,758,4,286,489,19.54,34.79,0,0,16,2025,1,29,2,5,15.424269
2024-12-31,SKU_10,WH_5,SUP_10,West,352,9,246,0,9.67,15.35,1,0,33,2024,12,31,1,1,32.789753
2025-01-01,SKU_10,WH_5,SUP_10,West,352,9,246,0,9.67,15.35,1,0,33,2025,1,1,2,1,32.88382
2025-01-02,SKU_10,WH_5,SUP_10,West,352,9,246,0,9.67,15.35,1,0,33,2025,1,2,3,1,32.67398
2025-01-03,SKU_10,WH_5,SUP_10,West,352,9,246,0,9.67,15.35,1,0,33,2025,1,3,4,1,33.39851
2025-01-04,SKU_10,WH_5,SUP_10,West,352,9,246,0,9.67,15.35,1,0,33,2025,1,4,5,1,33.43543
2025-01-05,SKU_10,WH_5,SUP_10,West,352,9,246,0,9.67,15.35,1,0,33,2025,1,5,6,1,33.756126
2025-01-06,SKU_10,WH_5,SUP_10,West,352,9,246,0,9.67,15.35,1,0,33,2025,1,6,0,2,33.188995
2025-01-07,SKU_10,WH_5,SUP_10,West,352,9,246,0,9.67,15.35,1,0,33,2025,1,7,1,2,33.101105
2025-01-08,SKU_10,WH_5,SUP_10,West,352,9,246,0,9.67,15.35,1,0,33,2025,1,8,2,2,33.224968
2025-01-09,SKU_10,WH_5,SUP_10,West,352,9,246,0,9.67,15.35,1,0,33,2025,1,9,3,2,33.23849
2025-01-10,SKU_10,WH_5,SUP_10,West,352,9,246,0,9.67,15.35,1,0,33,2025,1,10,4,2,33.16513
2025-01-11,SKU_10,WH_5,SUP_10,West,352,9,246,0,9.67,15.35,1,0,33,2025,1,11,5,2,33.096336
2025-01-12,SKU_10,WH_5,SUP_10,West,352,9,246,0,9.67,15.35,1,0,33,2025,1,12,6,2,33.116917
2025-01-13,SKU_10,WH_5,SUP_10,West,352,9,246,0,9.67,15.35,1,0,33,2025,1,13,0,3,32.68472
2025-01-14,SKU_10,WH_5,SUP_10,West,352,9,246,0,9.67,15.35,1,0,33,2025,1,14,1,3,32.819256
2025-01-15,SKU_10,WH_5,SUP_10,West,352,9,246,0,9.67,15.35,1,0,33,2025,1,15,2,3,33.06837
2025-01-16,SKU_10,WH_5,SUP_10,West,352,9,246,0,9.67,15.35,1,0,33,2025,1,16,3,3,33.08018
2025-01-17,SKU_10,WH_5,SUP_10,West,352,9,246,0,9.67,15.35,1,0,33,2025,1,17,4,3,33.21009
2025-01-18,SKU_10,WH_5,SUP_10,West,352,9,246,0,9.67,15.35,1,0,33,2025,1,18,5,3,33.184578
2025-01-19,SKU_10,WH_5,SUP_10,West,352,9,246,0,9.67,15.35,1,0,33,2025,1,19,6,3,33.288406
2025-01-20,SKU_10,WH_5,SUP_10,West,352,9,246,0,9.67,15.35,1,0,33,2025,1,20,0,4,32.81447
2025-01-21,SKU_10,WH_5,SUP_10,West,352,9,246,0,9.67,15.35,1,0,33,2025,1,21,1,4,32.82647
2025-01-22,SKU_10,WH_5,SUP_10,West,352,9,246,0,9.67,15.35,1,0,33,2025,1,22,2,4,32.969353
2025-01-23,SKU_10,WH_5,SUP_10,West,352,9,246,0,9.67,15.35,1,0,33,2025,1,23,3,4,32.982876
2025-01-24,SKU_10,WH_5,SUP_10,West,352,9,246,0,9.67,15.35,1,0,33,2025,1,24,4,4,32.915455
2025-01-25,SKU_10,WH_5,SUP_10,West,352,9,246,0,9.67,15.35,1,0,33,2025,1,25,5,4,32.87802
2025-01-26,SKU_10,WH_5,SUP_10,West,352,9,246,0,9.67,15.35,1,0,33,2025,1,26,6,4,32.97251
2025-01-27,SKU_10,WH_5,SUP_10,West,352,9,246,0,9.67,15.35,1,0,33,2025,1,27,0,5,32.61693
2025-01-28,SKU_10,WH_5,SUP_10,West,352,9,246,0,9.67,15.35,1,0,33,2025,1,28,1,5,32.697308
2025-01-29,SKU_10,WH_5,SUP_10,West,352,9,246,0,9.67,15.35,1,0,33,2025,1,29,2,5,32.84745
2024-12-31,SKU_10,WH_4,SUP_10,North,414,14,328,0,19.02,24.9,0,0,27,2024,12,31,1,1,26.17707
2025-01-01,SKU_10,WH_4,SUP_10,North,414,14,328,0,19.02,24.9,0,0,27,2025,1,1,2,1,26.669178
2025-01-02,SKU_10,WH_4,SUP_10,North,414,14,328,0,19.02,24.9,0,0,27,2025,1,2,3,1,26.670233
2025-01-03,SKU_10,WH_4,SUP_10,North,414,14,328,0,19.02,24.9,0,0,27,2025,1,3,4,1,26.810047
2025-01-04,SKU_10,WH_4,SUP_10,North,414,14,328,0,19.02,24.9,0,0,27,2025,1,4,5,1,26.815147
2025-01-05,SKU_10,WH_4,SUP_10,North,414,14,328,0,19.02,24.9,0,0,27,2025,1,5,6,1,26.891623
2025-01-06,SKU_10,WH_4,SUP_10,North,414,14,328,0,19.02,24.9,0,0,27,2025,1,6,0,2,26.475597
2025-01-07,SKU_10,WH_4,SUP_10,North,414,14,328,0,19.02,24.9,0,0,27,2025,1,7,1,2,26.559408
2025-01-08,SKU_10,WH_4,SUP_10,North,414,14,328,0,19.02,24.9,0,0,27,2025,1,8,2,2,26.65079
2025-01-09,SKU_10,WH_4,SUP_10,North,414,14,328,0,19.02,24.9,0,0,27,2025,1,9,3,2,26.64218
2025-01-10,SKU_10,WH_4,SUP_10,North,414,14,328,0,19.02,24.9,0,0,27,2025,1,10,4,2,26.670547
2025-01-11,SKU_10,WH_4,SUP_10,North,414,14,328,0,19.02,24.9,0,0,27,2025,1,11,5,2,26.660007
2025-01-12,SKU_10,WH_4,SUP_10,North,414,14,328,0,19.02,24.9,0,0,27,2025,1,12,6,2,26.64727
2025-01-13,SKU_10,WH_4,SUP_10,North,414,14,328,0,19.02,24.9,0,0,27,2025,1,13,0,3,26.306646
2025-01-14,SKU_10,WH_4,SUP_10,North,414,14,328,0,19.02,24.9,0,0,27,2025,1,14,1,3,26.557302
2025-01-15,SKU_10,WH_4,SUP_10,North,414,14,328,0,19.02,24.9,0,0,27,2025,1,15,2,3,26.569859
2025-01-16,SKU_10,WH_4,SUP_10,North,414,14,328,0,19.02,24.9,0,0,27,2025,1,16,3,3,26.559538
2025-01-17,SKU_10,WH_4,SUP_10,North,414,14,328,0,19.02,24.9,0,0,27,2025,1,17,4,3,26.517027
2025-01-18,SKU_10,WH_4,SUP_10,North,414,14,328,0,19.02,24.9,0,0,27,2025,1,18,5,3,26.734688
2025-01-19,SKU_10,WH_4,SUP_10,North,414,14,328,0,19.02,24.9,0,0,27,2025,1,19,6,3,26.745934
2025-01-20,SKU_10,WH_4,SUP_10,North,414,14,328,0,19.02,24.9,0,0,27,2025,1,20,0,4,26.57297
2025-01-21,SKU_10,WH_4,SUP_10,North,414,14,328,0,19.02,24.9,0,0,27,2025,1,21,1,4,26.797108
2025-01-22,SKU_10,WH_4,SUP_10,North,414,14,328,0,19.02,24.9,0,0,27,2025,1,22,2,4,26.78575
2025-01-23,SKU_10,WH_4,SUP_10,North,414,14,328,0,19.02,24.9,0,0,27,2025,1,23,3,4,26.77714
2025-01-24,SKU_10,WH_4,SUP_10,North,414,14,328,0,19.02,24.9,0,0,27,2025,1,24,4,4,26.705976
2025-01-25,SKU_10,WH_4,SUP_10,North,414,14,328,0,19.02,24.9,0,0,27,2025,1,25,5,4,26.816475
2025-01-26,SKU_10,WH_4,SUP_10,North,414,14,328,0,19.02,24.9,0,0,27,2025,1,26,6,4,26.86657
2025-01-27,SKU_10,WH_4,SUP_10,North,414,14,328,0,19.02,24.9,0,0,27,2025,1,27,0,5,26.612083
2025-01-28,SKU_10,WH_4,SUP_10,North,414,14,328,0,19.02,24.9,0,0,27,2025,1,28,1,5,26.915068
2025-01-29,SKU_10,WH_4,SUP_10,North,414,14,328,0,19.02,24.9,0,0,27,2025,1,29,2,5,26.908596
2024-12-31,SKU_10,WH_3,SUP_5,North,572,5,218,0,13.68,17.87,0,0,14,2024,12,31,1,1,13.269438
2025-01-01,SKU_10,WH_3,SUP_5,North,572,5,218,0,13.68,17.87,0,0,14,2025,1,1,2,1,14.411798
2025-01-02,SKU_10,WH_3,SUP_5,North,572,5,218,0,13.68,17.87,0,0,14,2025,1,2,3,1,14.254024
2025-01-03,SKU_10,WH_3,SUP_5,North,572,5,218,0,13.68,17.87,0,0,14,2025,1,3,4,1,14.279924
2025-01-04,SKU_10,WH_3,SUP_5,North,572,5,218,0,13.68,17.87,0,0,14,2025,1,4,5,1,14.215824
2025-01-05,SKU_10,WH_3,SUP_5,North,572,5,218,0,13.68,17.87,0,0,14,2025,1,5,6,1,14.20063
2025-01-06,SKU_10,WH_3,SUP_5,North,572,5,218,0,13.68,17.87,0,0,14,2025,1,6,0,2,14.240249
2025-01-07,SKU_10,WH_3,SUP_5,North,572,5,218,0,13.68,17.87,0,0,14,2025,1,7,1,2,14.273577
2025-01-08,SKU_10,WH_3,SUP_5,North,572,5,218,0,13.68,17.87,0,0,14,2025,1,8,2,2,14.354988
2025-01-09,SKU_10,WH_3,SUP_5,North,572,5,218,0,13.68,17.87,0,0,14,2025,1,9,3,2,14.3589525
2025-01-10,SKU_10,WH_3,SUP_5,North,572,5,218,0,13.68,17.87,0,0,14,2025,1,10,4,2,14.398328
2025-01-11,SKU_10,WH_3,SUP_5,North,572,5,218,0,13.68,17.87,0,0,14,2025,1,11,5,2,14.289506
2025-01-12,SKU_10,WH_3,SUP_5,North,572,5,218,0,13.68,17.87,0,0,14,2025,1,12,6,2,14.266358
2025-01-13,SKU_10,WH_3,SUP_5,North,572,5,218,0,13.68,17.87,0,0,14,2025,1,13,0,3,14.300403
2025-01-14,SKU_10,WH_3,SUP_5,North,572,5,218,0,13.68,17.87,0,0,14,2025,1,14,1,3,14.384278
2025-01-15,SKU_10,WH_3,SUP_5,North,572,5,218,0,13.68,17.87,0,0,14,2025,1,15,2,3,14.369524
2025-01-16,SKU_10,WH_3,SUP_5,North,572,5,218,0,13.68,17.87,0,0,14,2025,1,16,3,3,14.39354
2025-01-17,SKU_10,WH_3,SUP_5,North,572,5,218,0,13.68,17.87,0,0,14,2025,1,17,4,3,14.407632
2025-01-18,SKU_10,WH_3,SUP_5,North,572,5,218,0,13.68,17.87,0,0,14,2025,1,18,5,3,14.415723
2025-01-19,SKU_10,WH_3,SUP_5,North,572,5,218,0,13.68,17.87,0,0,14,2025,1,19,6,3,14.404306
2025-01-20,SKU_10,WH_3,SUP_5,North,572,5,218,0,13.68,17.87,0,0,14,2025,1,20,0,4,14.254416
2025-01-21,SKU_10,WH_3,SUP_5,North,572,5,218,0,13.68,17.87,0,0,14,2025,1,21,1,4,14.254815
2025-01-22,SKU_10,WH_3,SUP_5,North,572,5,218,0,13.68,17.87,0,0,14,2025,1,22,2,4,14.220632
2025-01-23,SKU_10,WH_3,SUP_5,North,572,5,218,0,13.68,17.87,0,0,14,2025,1,23,3,4,14.246359
2025-01-24,SKU_10,WH_3,SUP_5,North,572,5,218,0,13.68,17.87,0,0,14,2025,1,24,4,4,14.250948
2025-01-25,SKU_10,WH_3,SUP_5,North,572,5,218,0,13.68,17.87,0,0,14,2025,1,25,5,4,14.132176
2025-01-26,SKU_10,WH_3,SUP_5,North,572,5,218,0,13.68,17.87,0,0,14,2025,1,26,6,4,14.094972
2025-01-27,SKU_10,WH_3,SUP_5,North,572,5,218,0,13.68,17.87,0,0,14,2025,1,27,0,5,14.1991205
2025-01-28,SKU_10,WH_3,SUP_5,North,572,5,218,0,13.68,17.87,0,0,14,2025,1,28,1,5,14.238917
2025-01-29,SKU_10,WH_3,SUP_5,North,572,5,218,0,13.68,17.87,0,0,14,2025,1,29,2,5,14.096827
2024-12-31,SKU_10,WH_2,SUP_2,North,443,10,310,0,13.83,22.36,0,0,23,2024,12,31,1,1,22.537113
2025-01-01,SKU_10,WH_2,SUP_2,North,443,10,310,0,13.83,22.36,0,0,23,2025,1,1,2,1,22.717587
2025-01-02,SKU_10,WH_2,SUP_2,North,443,10,310,0,13.83,22.36,0,0,23,2025,1,2,3,1,22.709814
2025-01-03,SKU_10,WH_2,SUP_2,North,443,10,310,0,13.83,22.36,0,0,23,2025,1,3,4,1,22.877691
2025-01-04,SKU_10,WH_2,SUP_2,North,443,10,310,0,13.83,22.36,0,0,23,2025,1,4,5,1,22.950184
2025-01-05,SKU_10,WH_2,SUP_2,North,443,10,310,0,13.83,22.36,0,0,23,2025,1,5,6,1,23.021063
2025-01-06,SKU_10,WH_2,SUP_2,North,443,10,310,0,13.83,22.36,0,0,23,2025,1,6,0,2,23.049593
2025-01-07,SKU_10,WH_2,SUP_2,North,443,10,310,0,13.83,22.36,0,0,23,2025,1,7,1,2,22.924809
2025-01-08,SKU_10,WH_2,SUP_2,North,443,10,310,0,13.83,22.36,0,0,23,2025,1,8,2,2,23.01338
2025-01-09,SKU_10,WH_2,SUP_2,North,443,10,310,0,13.83,22.36,0,0,23,2025,1,9,3,2,23.00129
2025-01-10,SKU_10,WH_2,SUP_2,North,443,10,310,0,13.83,22.36,0,0,23,2025,1,10,4,2,23.014256
2025-01-11,SKU_10,WH_2,SUP_2,North,443,10,310,0,13.83,22.36,0,0,23,2025,1,11,5,2,22.973108
2025-01-12,SKU_10,WH_2,SUP_2,North,443,10,310,0,13.83,22.36,0,0,23,2025,1,12,6,2,22.954775
2025-01-13,SKU_10,WH_2,SUP_2,North,443,10,310,0,13.83,22.36,0,0,23,2025,1,13,0,3,23.064854
2025-01-14,SKU_10,WH_2,SUP_2,North,443,10,310,0,13.83,22.36,0,0,23,2025,1,14,1,3,23.111977
2025-01-15,SKU_10,WH_2,SUP_2,North,443,10,310,0,13.83,22.36,0,0,23,2025,1,15,2,3,23.108244
2025-01-16,SKU_10,WH_2,SUP_2,North,443,10,310,0,13.83,22.36,0,0,23,2025,1,16,3,3,23.094442
2025-01-17,SKU_10,WH_2,SUP_2,North,443,10,310,0,13.83,22.36,0,0,23,2025,1,17,4,3,23.069593
2025-01-18,SKU_10,WH_2,SUP_2,North,443,10,310,0,13.83,22.36,0,0,23,2025,1,18,5,3,23.16838
2025-01-19,SKU_10,WH_2,SUP_2,North,443,10,310,0,13.83,22.36,0,0,23,2025,1,19,6,3,23.177816
2025-01-20,SKU_10,WH_2,SUP_2,North,443,10,310,0,13.83,22.36,0,0,23,2025,1,20,0,4,22.986208
2025-01-21,SKU_10,WH_2,SUP_2,North,443,10,310,0,13.83,22.36,0,0,23,2025,1,21,1,4,23.015484
2025-01-22,SKU_10,WH_2,SUP_2,North,443,10,310,0,13.83,22.36,0,0,23,2025,1,22,2,4,22.99849
2025-01-23,SKU_10,WH_2,SUP_2,North,443,10,310,0,13.83,22.36,0,0,23,2025,1,23,3,4,22.986399
2025-01-24,SKU_10,WH_2,SUP_2,North,443,10,310,0,13.83,22.36,0,0,23,2025,1,24,4,4,22.938396
2025-01-25,SKU_10,WH_2,SUP_2,North,443,10,310,0,13.83,22.36,0,0,23,2025,1,25,5,4,22.934965
2025-01-26,SKU_10,WH_2,SUP_2,North,443,10,310,0,13.83,22.36,0,0,23,2025,1,26,6,4,22.958923
2025-01-27,SKU_10,WH_2,SUP_2,North,443,10,310,0,13.83,22.36,0,0,23,2025,1,27,0,5,22.71305
2025-01-28,SKU_10,WH_2,SUP_2,North,443,10,310,0,13.83,22.36,0,0,23,2025,1,28,1,5,22.769545
2025-01-29,SKU_10,WH_2,SUP_2,North,443,10,310,0,13.83,22.36,0,0,23,2025,1,29,2,5,22.729548
2024-12-31,SKU_25,WH_2,SUP_2,North,801,3,352,0,5.07,6.95,0,0,15,2024,12,31,1,1,14.265383
2025-01-01,SKU_25,WH_2,SUP_2,North,801,3,352,0,5.07,6.95,0,0,15,2025,1,1,2,1,15.583658
2025-01-02,SKU_25,WH_2,SUP_2,North,801,3,352,0,5.07,6.95,0,0,15,2025,1,2,3,1,15.320927
2025-01-03,SKU_25,WH_2,SUP_2,North,801,3,352,0,5.07,6.95,0,0,15,2025,1,3,4,1,15.399575
2025-01-04,SKU_25,WH_2,SUP_2,North,801,3,352,0,5.07,6.95,0,0,15,2025,1,4,5,1,15.2548685
2025-01-05,SKU_25,WH_2,SUP_2,North,801,3,352,0,5.07,6.95,0,0,15,2025,1,5,6,1,15.311756
2025-01-06,SKU_25,WH_2,SUP_2,North,801,3,352,0,5.07,6.95,0,0,15,2025,1,6,0,2,15.294545
2025-01-07,SKU_25,WH_2,SUP_2,North,801,3,352,0,5.07,6.95,0,0,15,2025,1,7,1,2,15.3256235
2025-01-08,SKU_25,WH_2,SUP_2,North,801,3,352,0,5.07,6.95,0,0,15,2025,1,8,2,2,15.443399
2025-01-09,SKU_25,WH_2,SUP_2,North,801,3,352,0,5.07,6.95,0,0,15,2025,1,9,3,2,15.502603
2025-01-10,SKU_25,WH_2,SUP_2,North,801,3,352,0,5.07,6.95,0,0,15,2025,1,10,4,2,15.6376295
2025-01-11,SKU_25,WH_2,SUP_2,North,801,3,352,0,5.07,6.95,0,0,15,2025,1,11,5,2,15.568173
2025-01-12,SKU_25,WH_2,SUP_2,North,801,3,352,0,5.07,6.95,0,0,15,2025,1,12,6,2,15.65963
2025-01-13,SKU_25,WH_2,SUP_2,North,801,3,352,0,5.07,6.95,0,0,15,2025,1,13,0,3,15.522683
2025-01-14,SKU_25,WH_2,SUP_2,North,801,3,352,0,5.07,6.95,0,0,15,2025,1,14,1,3,15.509717
2025-01-15,SKU_25,WH_2,SUP_2,North,801,3,352,0,5.07,6.95,0,0,15,2025,1,15,2,3,15.496195
2025-01-16,SKU_25,WH_2,SUP_2,North,801,3,352,0,5.07,6.95,0,0,15,2025,1,16,3,3,15.549361
2025-01-17,SKU_25,WH_2,SUP_2,North,801,3,352,0,5.07,6.95,0,0,15,2025,1,17,4,3,15.539406
2025-01-18,SKU_25,WH_2,SUP_2,North,801,3,352,0,5.07,6.95,0,0,15,2025,1,18,5,3,15.584851
2025-01-19,SKU_25,WH_2,SUP_2,North,801,3,352,0,5.07,6.95,0,0,15,2025,1,19,6,3,15.688039
2025-01-20,SKU_25,WH_2,SUP_2,North,801,3,352,0,5.07,6.95,0,0,15,2025,1,20,0,4,15.3899975
2025-01-21,SKU_25,WH_2,SUP_2,North,801,3,352,0,5.07,6.95,0,0,15,2025,1,21,1,4,15.431695
2025-01-22,SKU_25,WH_2,SUP_2,North,801,3,352,0,5.07,6.95,0,0,15,2025,1,22,2,4,15.454278
2025-01-23,SKU_25,WH_2,SUP_2,North,801,3,352,0,5.07,6.95,0,0,15,2025,1,23,3,4,15.481877
2025-01-24,SKU_25,WH_2,SUP_2,North,801,3,352,0,5.07,6.95,0,0,15,2025,1,24,4,4,15.492381
2025-01-25,SKU_25,WH_2,SUP_2,North,801,3,352,0,5.07,6.95,0,0,15,2025,1,25,5,4,15.462997
2025-01-26,SKU_25,WH_2,SUP_2,North,801,3,352,0,5.07,6.95,0,0,15,2025,1,26,6,4,15.60184
2025-01-27,SKU_25,WH_2,SUP_2,North,801,3,352,0,5.07,6.95,0,0,15,2025,1,27,0,5,15.341123
2025-01-28,SKU_25,WH_2,SUP_2,North,801,3,352,0,5.07,6.95,0,0,15,2025,1,28,1,5,15.477432
2025-01-29,SKU_25,WH_2,SUP_2,North,801,3,352,0,5.07,6.95,0,0,15,2025,1,29,2,5,15.471993
2024-12-31,SKU_10,WH_1,SUP_10,South,503,13,361,0,12.67,18.73,0,0,19,2024,12,31,1,1,18.838524
2025-01-01,SKU_10,WH_1,SUP_10,South,503,13,361,0,12.67,18.73,0,0,19,2025,1,1,2,1,18.920078
2025-01-02,SKU_10,WH_1,SUP_10,South,503,13,361,0,12.67,18.73,0,0,19,2025,1,2,3,1,18.945301
2025-01-03,SKU_10,WH_1,SUP_10,South,503,13,361,0,12.67,18.73,0,0,19,2025,1,3,4,1,19.026617
2025-01-04,SKU_10,WH_1,SUP_10,South,503,13,361,0,12.67,18.73,0,0,19,2025,1,4,5,1,19.03398
2025-01-05,SKU_10,WH_1,SUP_10,South,503,13,361,0,12.67,18.73,0,0,19,2025,1,5,6,1,19.010689
2025-01-06,SKU_10,WH_1,SUP_10,South,503,13,361,0,12.67,18.73,0,0,19,2025,1,6,0,2,18.969427
2025-01-07,SKU_10,WH_1,SUP_10,South,503,13,361,0,12.67,18.73,0,0,19,2025,1,7,1,2,18.973097
2025-01-08,SKU_10,WH_1,SUP_10,South,503,13,361,0,12.67,18.73,0,0,19,2025,1,8,2,2,19.163313
2025-01-09,SKU_10,WH_1,SUP_10,South,503,13,361,0,12.67,18.73,0,0,19,2025,1,9,3,2,19.193764
2025-01-10,SKU_10,WH_1,SUP_10,South,503,13,361,0,12.67,18.73,0,0,19,2025,1,10,4,2,19.218975
2025-01-11,SKU_10,WH_1,SUP_10,South,503,13,361,0,12.67,18.73,0,0,19,2025,1,11,5,2,19.206352
2025-01-12,SKU_10,WH_1,SUP_10,South,503,13,361,0,12.67,18.73,0,0,19,2025,1,12,6,2,19.175108
2025-01-13,SKU_10,WH_1,SUP_10,South,503,13,361,0,12.67,18.73,0,0,19,2025,1,13,0,3,19.19377
2025-01-14,SKU_10,WH_1,SUP_10,South,503,13,361,0,12.67,18.73,0,0,19,2025,1,14,1,3,19.263283
2025-01-15,SKU_10,WH_1,SUP_10,South,503,13,361,0,12.67,18.73,0,0,19,2025,1,15,2,3,19.341711
2025-01-16,SKU_10,WH_1,SUP_10,South,503,13,361,0,12.67,18.73,0,0,19,2025,1,16,3,3,19.365728
2025-01-17,SKU_10,WH_1,SUP_10,South,503,13,361,0,12.67,18.73,0,0,19,2025,1,17,4,3,19.324743
2025-01-18,SKU_10,WH_1,SUP_10,South,503,13,361,0,12.67,18.73,0,0,19,2025,1,18,5,3,19.440739
2025-01-19,SKU_10,WH_1,SUP_10,South,503,13,361,0,12.67,18.73,0,0,19,2025,1,19,6,3,19.42448
2025-01-20,SKU_10,WH_1,SUP_10,South,503,13,361,0,12.67,18.73,0,0,19,2025,1,20,0,4,19.125841
2025-01-21,SKU_10,WH_1,SUP_10,South,503,13,361,0,12.67,18.73,0,0,19,2025,1,21,1,4,19.143911
2025-01-22,SKU_10,WH_1,SUP_10,South,503,13,361,0,12.67,18.73,0,0,19,2025,1,22,2,4,19.22224
2025-01-23,SKU_10,WH_1,SUP_10,South,503,13,361,0,12.67,18.73,0,0,19,2025,1,23,3,4,19.272459
2025-01-24,SKU_10,WH_1,SUP_10,South,503,13,361,0,12.67,18.73,0,0,19,2025,1,24,4,4,19.280115
2025-01-25,SKU_10,WH_1,SUP_10,South,503,13,361,0,12.67,18.73,0,0,19,2025,1,25,5,4,19.293892
2025-01-26,SKU_10,WH_1,SUP_10,South,503,13,361,0,12.67,18.73,0,0,19,2025,1,26,6,4,19.310884
2025-01-27,SKU_10,WH_1,SUP_10,South,503,13,361,0,12.67,18.73,0,0,19,2025,1,27,0,5,18.639473
2025-01-28,SKU_10,WH_1,SUP_10,South,503,13,361,0,12.67,18.73,0,0,19,2025,1,28,1,5,18.684761
2025-01-29,SKU_10,WH_1,SUP_10,South,503,13,361,0,12.67,18.73,0,0,19,2025,1,29,2,5,18.74016
2024-12-31,SKU_9,WH_4,SUP_1,North,396,3,323,0,10.9,18.04,0,0,20,2024,12,31,1,1,19.717394
2025-01-01,SKU_9,WH_4,SUP_1,North,396,3,323,0,10.9,18.04,0,0,20,2025,1,1,2,1,19.599693
2025-01-02,SKU_9,WH_4,SUP_1,North,396,3,323,0,10.9,18.04,0,0,20,2025,1,2,3,1,19.585405
2025-01-03,SKU_9,WH_4,SUP_1,North,396,3,323,0,10.9,18.04,0,0,20,2025,1,3,4,1,19.715876
2025-01-04,SKU_9,WH_4,SUP_1,North,396,3,323,0,10.9,18.04,0,0,20,2025,1,4,5,1,19.812153
2025-01-05,SKU_9,WH_4,SUP_1,North,396,3,323,0,10.9,18.04,0,0,20,2025,1,5,6,1,19.790781
2025-01-06,SKU_9,WH_4,SUP_1,North,396,3,323,0,10.9,18.04,0,0,20,2025,1,6,0,2,19.800749
2025-01-07,SKU_9,WH_4,SUP_1,North,396,3,323,0,10.9,18.04,0,0,20,2025,1,7,1,2,19.632076
2025-01-08,SKU_9,WH_4,SUP_1,North,396,3,323,0,10.9,18.04,0,0,20,2025,1,8,2,2,19.628414
2025-01-09,SKU_9,WH_4,SUP_1,North,396,3,323,0,10.9,18.04,0,0,20,2025,1,9,3,2,19.616323
2025-01-10,SKU_9,WH_4,SUP_1,North,396,3,323,0,10.9,18.04,0,0,20,2025,1,10,4,2,19.60629
2025-01-11,SKU_9,WH_4,SUP_1,North,396,3,323,0,10.9,18.04,0,0,20,2025,1,11,5,2,19.595888
2025-01-12,SKU_9,WH_4,SUP_1,North,396,3,323,0,10.9,18.04,0,0,20,2025,1,12,6,2,19.561733
2025-01-13,SKU_9,WH_4,SUP_1,North,396,3,323,0,10.9,18.04,0,0,20,2025,1,13,0,3,19.806572
2025-01-14,SKU_9,WH_4,SUP_1,North,396,3,323,0,10.9,18.04,0,0,20,2025,1,14,1,3,19.726196
2025-01-15,SKU_9,WH_4,SUP_1,North,396,3,323,0,10.9,18.04,0,0,20,2025,1,15,2,3,19.593616
2025-01-16,SKU_9,WH_4,SUP_1,North,396,3,323,0,10.9,18.04,0,0,20,2025,1,16,3,3,19.579815
2025-01-17,SKU_9,WH_4,SUP_1,North,396,3,323,0,10.9,18.04,0,0,20,2025,1,17,4,3,19.577621
2025-01-18,SKU_9,WH_4,SUP_1,North,396,3,323,0,10.9,18.04,0,0,20,2025,1,18,5,3,19.702509
2025-01-19,SKU_9,WH_4,SUP_1,North,396,3,323,0,10.9,18.04,0,0,20,2025,1,19,6,3,19.691948
2025-01-20,SKU_9,WH_4,SUP_1,North,396,3,323,0,10.9,18.04,0,0,20,2025,1,20,0,4,19.845392
2025-01-21,SKU_9,WH_4,SUP_1,North,396,3,323,0,10.9,18.04,0,0,20,2025,1,21,1,4,19.721601
2025-01-22,SKU_9,WH_4,SUP_1,North,396,3,323,0,10.9,18.04,0,0,20,2025,1,22,2,4,19.856142
2025-01-23,SKU_9,WH_4,SUP_1,North,396,3,323,0,10.9,18.04,0,0,20,2025,1,23,3,4,19.864824
2025-01-24,SKU_9,WH_4,SUP_1,North,396,3,323,0,10.9,18.04,0,0,20,2025,1,24,4,4,19.857645
2025-01-25,SKU_9,WH_4,SUP_1,North,396,3,323,0,10.9,18.04,0,0,20,2025,1,25,5,4,19.927027
2025-01-26,SKU_9,WH_4,SUP_1,North,396,3,323,0,10.9,18.04,0,0,20,2025,1,26,6,4,19.938822
2025-01-27,SKU_9,WH_4,SUP_1,North,396,3,323,0,10.9,18.04,0,0,20,2025,1,27,0,5,19.74551
2025-01-28,SKU_9,WH_4,SUP_1,North,396,3,323,0,10.9,18.04,0,0,20,2025,1,28,1,5,19.713392
2025-01-29,SKU_9,WH_4,SUP_1,North,396,3,323,0,10.9,18.04,0,0,20,2025,1,29,2,5,19.619936
2024-12-31,SKU_9,WH_3,SUP_10,East,533,14,307,0,10.01,15.85,0,0,12,2024,12,31,1,1,11.267155
2025-01-01,SKU_9,WH_3,SUP_10,East,533,14,307,0,10.01,15.85,0,0,12,2025,1,1,2,1,11.820383
2025-01-02,SKU_9,WH_3,SUP_10,East,533,14,307,0,10.01,15.85,0,0,12,2025,1,2,3,1,11.786728
2025-01-03,SKU_9,WH_3,SUP_10,East,533,14,307,0,10.01,15.85,0,0,12,2025,1,3,4,1,11.768549
2025-01-04,SKU_9,WH_3,SUP_10,East,533,14,307,0,10.01,15.85,0,0,12,2025,1,4,5,1,11.8219385
2025-01-05,SKU_9,WH_3,SUP_10,East,533,14,307,0,10.01,15.85,0,0,12,2025,1,5,6,1,11.786901
2025-01-06,SKU_9,WH_3,SUP_10,East,533,14,307,0,10.01,15.85,0,0,12,2025,1,6,0,2,11.897016
2025-01-07,SKU_9,WH_3,SUP_10,East,533,14,307,0,10.01,15.85,0,0,12,2025,1,7,1,2,11.885768
2025-01-08,SKU_9,WH_3,SUP_10,East,533,14,307,0,10.01,15.85,0,0,12,2025,1,8,2,2,11.891189
2025-01-09,SKU_9,WH_3,SUP_10,East,533,14,307,0,10.01,15.85,0,0,12,2025,1,9,3,2,11.916916
2025-01-10,SKU_9,WH_3,SUP_10,East,533,14,307,0,10.01,15.85,0,0,12,2025,1,10,4,2,11.946479
2025-01-11,SKU_9,WH_3,SUP_10,East,533,14,307,0,10.01,15.85,0,0,12,2025,1,11,5,2,11.940147
2025-01-12,SKU_9,WH_3,SUP_10,East,533,14,307,0,10.01,15.85,0,0,12,2025,1,12,6,2,11.90511
2025-01-13,SKU_9,WH_3,SUP_10,East,533,14,307,0,10.01,15.85,0,0,12,2025,1,13,0,3,11.922988
2025-01-14,SKU_9,WH_3,SUP_10,East,533,14,307,0,10.01,15.85,0,0,12,2025,1,14,1,3,11.999843
2025-01-15,SKU_9,WH_3,SUP_10,East,533,14,307,0,10.01,15.85,0,0,12,2025,1,15,2,3,11.912957
2025-01-16,SKU_9,WH_3,SUP_10,East,533,14,307,0,10.01,15.85,0,0,12,2025,1,16,3,3,11.936974
2025-01-17,SKU_9,WH_3,SUP_10,East,533,14,307,0,10.01,15.85,0,0,12,2025,1,17,4,3,11.8942375
2025-01-18,SKU_9,WH_3,SUP_10,East,533,14,307,0,10.01,15.85,0,0,12,2025,1,18,5,3,12.051218
2025-01-19,SKU_9,WH_3,SUP_10,East,533,14,307,0,10.01,15.85,0,0,12,2025,1,19,6,3,12.043006
2025-01-20,SKU_9,WH_3,SUP_10,East,533,14,307,0,10.01,15.85,0,0,12,2025,1,20,0,4,12.147846
2025-01-21,SKU_9,WH_3,SUP_10,East,533,14,307,0,10.01,15.85,0,0,12,2025,1,21,1,4,12.074519
2025-01-22,SKU_9,WH_3,SUP_10,East,533,14,307,0,10.01,15.85,0,0,12,2025,1,22,2,4,12.081825
2025-01-23,SKU_9,WH_3,SUP_10,East,533,14,307,0,10.01,15.85,0,0,12,2025,1,23,3,4,12.145734
2025-01-24,SKU_9,WH_3,SUP_10,East,533,14,307,0,10.01,15.85,0,0,12,2025,1,24,4,4,12.15905
2025-01-25,SKU_9,WH_3,SUP_10,East,533,14,307,0,10.01,15.85,0,0,12,2025,1,25,5,4,12.206854
2025-01-26,SKU_9,WH_3,SUP_10,East,533,14,307,0,10.01,15.85,0,0,12,2025,1,26,6,4,12.228498
2025-01-27,SKU_9,WH_3,SUP_10,East,533,14,307,0,10.01,15.85,0,0,12,2025,1,27,0,5,12.310041
2025-01-28,SKU_9,WH_3,SUP_10,East,533,14,307,0,10.01,15.85,0,0,12,2025,1,28,1,5,12.322565
2025-01-29,SKU_9,WH_3,SUP_10,East,533,14,307,0,10.01,15.85,0,0,12,2025,1,29,2,5,12.207096
2024-12-31,SKU_9,WH_2,SUP_9,North,397,12,384,0,18.0,23.39,1,0,23,2024,12,31,1,1,22.644495
2025-01-01,SKU_9,WH_2,SUP_9,North,397,12,384,0,18.0,23.39,1,0,23,2025,1,1,2,1,22.55416
2025-01-02,SKU_9,WH_2,SUP_9,North,397,12,384,0,18.0,23.39,1,0,23,2025,1,2,3,1,22.458979
2025-01-03,SKU_9,WH_2,SUP_9,North,397,12,384,0,18.0,23.39,1,0,23,2025,1,3,4,1,22.610546
2025-01-04,SKU_9,WH_2,SUP_9,North,397,12,384,0,18.0,23.39,1,0,23,2025,1,4,5,1,22.471167
2025-01-05,SKU_9,WH_2,SUP_9,North,397,12,384,0,18.0,23.39,1,0,23,2025,1,5,6,1,22.661182
2025-01-06,SKU_9,WH_2,SUP_9,North,397,12,384,0,18.0,23.39,1,0,23,2025,1,6,0,2,22.403141
2025-01-07,SKU_9,WH_2,SUP_9,North,397,12,384,0,18.0,23.39,1,0,23,2025,1,7,1,2,22.320044
2025-01-08,SKU_9,WH_2,SUP_9,North,397,12,384,0,18.0,23.39,1,0,23,2025,1,8,2,2,22.2396
2025-01-09,SKU_9,WH_2,SUP_9,North,397,12,384,0,18.0,23.39,1,0,23,2025,1,9,3,2,22.240536
2025-01-10,SKU_9,WH_2,SUP_9,North,397,12,384,0,18.0,23.39,1,0,23,2025,1,10,4,2,22.136528
2025-01-11,SKU_9,WH_2,SUP_9,North,397,12,384,0,18.0,23.39,1,0,23,2025,1,11,5,2,21.914597
2025-01-12,SKU_9,WH_2,SUP_9,North,397,12,384,0,18.0,23.39,1,0,23,2025,1,12,6,2,21.94063
2025-01-13,SKU_9,WH_2,SUP_9,North,397,12,384,0,18.0,23.39,1,0,23,2025,1,13,0,3,22.026365
2025-01-14,SKU_9,WH_2,SUP_9,North,397,12,384,0,18.0,23.39,1,0,23,2025,1,14,1,3,22.058628
2025-01-15,SKU_9,WH_2,SUP_9,North,397,12,384,0,18.0,23.39,1,0,23,2025,1,15,2,3,22.270306
2025-01-16,SKU_9,WH_2,SUP_9,North,397,12,384,0,18.0,23.39,1,0,23,2025,1,16,3,3,22.288723
2025-01-17,SKU_9,WH_2,SUP_9,North,397,12,384,0,18.0,23.39,1,0,23,2025,1,17,4,3,22.270115
2025-01-18,SKU_9,WH_2,SUP_9,North,397,12,384,0,18.0,23.39,1,0,23,2025,1,18,5,3,22.106966
2025-01-19,SKU_9,WH_2,SUP_9,North,397,12,384,0,18.0,23.39,1,0,23,2025,1,19,6,3,22.199335
2025-01-20,SKU_9,WH_2,SUP_9,North,397,12,384,0,18.0,23.39,1,0,23,2025,1,20,0,4,22.515465
2025-01-21,SKU_9,WH_2,SUP_9,North,397,12,384,0,18.0,23.39,1,0,23,2025,1,21,1,4,22.440903
2025-01-22,SKU_9,WH_2,SUP_9,North,397,12,384,0,18.0,23.39,1,0,23,2025,1,22,2,4,22.65229
2025-01-23,SKU_9,WH_2,SUP_9,North,397,12,384,0,18.0,23.39,1,0,23,2025,1,23,3,4,22.670856
2025-01-24,SKU_9,WH_2,SUP_9,North,397,12,384,0,18.0,23.39,1,0,23,2025,1,24,4,4,22.660202
2025-01-25,SKU_9,WH_2,SUP_9,North,397,12,384,0,18.0,23.39,1,0,23,2025,1,25,5,4,22.66507
2025-01-26,SKU_9,WH_2,SUP_9,North,397,12,384,0,18.0,23.39,1,0,23,2025,1,26,6,4,22.76857
2025-01-27,SKU_9,WH_2,SUP_9,North,397,12,384,0,18.0,23.39,1,0,23,2025,1,27,0,5,22.385946
2025-01-28,SKU_9,WH_2,SUP_9,North,397,12,384,0,18.0,23.39,1,0,23,2025,1,28,1,5,22.340124
2025-01-29,SKU_9,WH_2,SUP_9,North,397,12,384,0,18.0,23.39,1,0,23,2025,1,29,2,5,22.296852
2024-12-31,SKU_9,WH_1,SUP_3,East,336,11,254,0,9.87,13.54,0,0,17,2024,12,31,1,1,16.759508
2025-01-01,SKU_9,WH_1,SUP_3,East,336,11,254,0,9.87,13.54,0,0,17,2025,1,1,2,1,16.369518
2025-01-02,SKU_9,WH_1,SUP_3,East,336,11,254,0,9.87,13.54,0,0,17,2025,1,2,3,1,16.429882
2025-01-03,SKU_9,WH_1,SUP_3,East,336,11,254,0,9.87,13.54,0,0,17,2025,1,3,4,1,16.545
2025-01-04,SKU_9,WH_1,SUP_3,East,336,11,254,0,9.87,13.54,0,0,17,2025,1,4,5,1,16.648478
2025-01-05,SKU_9,WH_1,SUP_3,East,336,11,254,0,9.87,13.54,0,0,17,2025,1,5,6,1,16.597134
2025-01-06,SKU_9,WH_1,SUP_3,East,336,11,254,0,9.87,13.54,0,0,17,2025,1,6,0,2,16.807402
2025-01-07,SKU_9,WH_1,SUP_3,East,336,11,254,0,9.87,13.54,0,0,17,2025,1,7,1,2,16.615578
2025-01-08,SKU_9,WH_1,SUP_3,East,336,11,254,0,9.87,13.54,0,0,17,2025,1,8,2,2,16.550097
2025-01-09,SKU_9,WH_1,SUP_3,East,336,11,254,0,9.87,13.54,0,0,17,2025,1,9,3,2,16.549324
2025-01-10,SKU_9,WH_1,SUP_3,East,336,11,254,0,9.87,13.54,0,0,17,2025,1,10,4,2,16.570719
2025-01-11,SKU_9,WH_1,SUP_3,East,336,11,254,0,9.87,13.54,0,0,17,2025,1,11,5,2,16.572964
2025-01-12,SKU_9,WH_1,SUP_3,East,336,11,254,0,9.87,13.54,0,0,17,2025,1,12,6,2,16.508837
2025-01-13,SKU_9,WH_1,SUP_3,East,336,11,254,0,9.87,13.54,0,0,17,2025,1,13,0,3,16.842976
2025-01-14,SKU_9,WH_1,SUP_3,East,336,11,254,0,9.87,13.54,0,0,17,2025,1,14,1,3,16.790867
2025-01-15,SKU_9,WH_1,SUP_3,East,336,11,254,0,9.87,13.54,0,0,17,2025,1,15,2,3,16.608444
2025-01-16,SKU_9,WH_1,SUP_3,East,336,11,254,0,9.87,13.54,0,0,17,2025,1,16,3,3,16.62075
2025-01-17,SKU_9,WH_1,SUP_3,East,336,11,254,0,9.87,13.54,0,0,17,2025,1,17,4,3,16.561852
2025-01-18,SKU_9,WH_1,SUP_3,East,336,11,254,0,9.87,13.54,0,0,17,2025,1,18,5,3,16.708971
2025-01-19,SKU_9,WH_1,SUP_3,East,336,11,254,0,9.87,13.54,0,0,17,2025,1,19,6,3,16.684454
2025-01-20,SKU_9,WH_1,SUP_3,East,336,11,254,0,9.87,13.54,0,0,17,2025,1,20,0,4,16.75124
2025-01-21,SKU_9,WH_1,SUP_3,East,336,11,254,0,9.87,13.54,0,0,17,2025,1,21,1,4,16.638908
2025-01-22,SKU_9,WH_1,SUP_3,East,336,11,254,0,9.87,13.54,0,0,17,2025,1,22,2,4,16.820654
2025-01-23,SKU_9,WH_1,SUP_3,East,336,11,254,0,9.87,13.54,0,0,17,2025,1,23,3,4,16.872852
2025-01-24,SKU_9,WH_1,SUP_3,East,336,11,254,0,9.87,13.54,0,0,17,2025,1,24,4,4,16.829966
2025-01-25,SKU_9,WH_1,SUP_3,East,336,11,254,0,9.87,13.54,0,0,17,2025,1,25,5,4,16.916555
2025-01-26,SKU_9,WH_1,SUP_3,East,336,11,254,0,9.87,13.54,0,0,17,2025,1,26,6,4,16.92613
2025-01-27,SKU_9,WH_1,SUP_3,East,336,11,254,0,9.87,13.54,0,0,17,2025,1,27,0,5,17.0946
2025-01-28,SKU_9,WH_1,SUP_3,East,336,11,254,0,9.87,13.54,0,0,17,2025,1,28,1,5,17.062466
2025-01-29,SKU_9,WH_1,SUP_3,East,336,11,254,0,9.87,13.54,0,0,17,2025,1,29,2,5,16.883938
2024-12-31,SKU_8,WH_5,SUP_1,North,531,5,239,0,10.73,13.23,0,0,12,2024,12,31,1,1,11.219908
2025-01-01,SKU_8,WH_5,SUP_1,North,531,5,239,0,10.73,13.23,0,0,12,2025,1,1,2,1,11.633725
2025-01-02,SKU_8,WH_5,SUP_1,North,531,5,239,0,10.73,13.23,0,0,12,2025,1,2,3,1,11.597409
2025-01-03,SKU_8,WH_5,SUP_1,North,531,5,239,0,10.73,13.23,0,0,12,2025,1,3,4,1,11.617985
2025-01-04,SKU_8,WH_5,SUP_1,North,531,5,239,0,10.73,13.23,0,0,12,2025,1,4,5,1,11.716618
2025-01-05,SKU_8,WH_5,SUP_1,North,531,5,239,0,10.73,13.23,0,0,12,2025,1,5,6,1,11.646233
2025-01-06,SKU_8,WH_5,SUP_1,North,531,5,239,0,10.73,13.23,0,0,12,2025,1,6,0,2,11.835111
2025-01-07,SKU_8,WH_5,SUP_1,North,531,5,239,0,10.73,13.23,0,0,12,2025,1,7,1,2,11.7553005
2025-01-08,SKU_8,WH_5,SUP_1,North,531,5,239,0,10.73,13.23,0,0,12,2025,1,8,2,2,11.8423605
2025-01-09,SKU_8,WH_5,SUP_1,North,531,5,239,0,10.73,13.23,0,0,12,2025,1,9,3,2,11.8611145
2025-01-10,SKU_8,WH_5,SUP_1,North,531,5,239,0,10.73,13.23,0,0,12,2025,1,10,4,2,11.889885
2025-01-11,SKU_8,WH_5,SUP_1,North,531,5,239,0,10.73,13.23,0,0,12,2025,1,11,5,2,11.876773
2025-01-12,SKU_8,WH_5,SUP_1,North,531,5,239,0,10.73,13.23,0,0,12,2025,1,12,6,2,11.798434
2025-01-13,SKU_8,WH_5,SUP_1,North,531,5,239,0,10.73,13.23,0,0,12,2025,1,13,0,3,11.912955
2025-01-14,SKU_8,WH_5,SUP_1,North,531,5,239,0,10.73,13.23,0,0,12,2025,1,14,1,3,11.867003
2025-01-15,SKU_8,WH_5,SUP_1,North,531,5,239,0,10.73,13.23,0,0,12,2025,1,15,2,3,11.861757
2025-01-16,SKU_8,WH_5,SUP_1,North,531,5,239,0,10.73,13.23,0,0,12,2025,1,16,3,3,11.885774
2025-01-17,SKU_8,WH_5,SUP_1,North,531,5,239,0,10.73,13.23,0,0,12,2025,1,17,4,3,11.845006
2025-01-18,SKU_8,WH_5,SUP_1,North,531,5,239,0,10.73,13.23,0,0,12,2025,1,18,5,3,11.96195
2025-01-19,SKU_8,WH_5,SUP_1,North,531,5,239,0,10.73,13.23,0,0,12,2025,1,19,6,3,11.895343
2025-01-20,SKU_8,WH_5,SUP_1,North,531,5,239,0,10.73,13.23,0,0,12,2025,1,20,0,4,12.009149
2025-01-21,SKU_8,WH_5,SUP_1,North,531,5,239,0,10.73,13.23,0,0,12,2025,1,21,1,4,11.949476
2025-01-22,SKU_8,WH_5,SUP_1,North,531,5,239,0,10.73,13.23,0,0,12,2025,1,22,2,4,11.939211
2025-01-23,SKU_8,WH_5,SUP_1,North,531,5,239,0,10.73,13.23,0,0,12,2025,1,23,3,4,11.964938
2025-01-24,SKU_8,WH_5,SUP_1,North,531,5,239,0,10.73,13.23,0,0,12,2025,1,24,4,4,11.995511
2025-01-25,SKU_8,WH_5,SUP_1,North,531,5,239,0,10.73,13.23,0,0,12,2025,1,25,5,4,12.022208
2025-01-26,SKU_8,WH_5,SUP_1,North,531,5,239,0,10.73,13.23,0,0,12,2025,1,26,6,4,11.934042
2025-01-27,SKU_8,WH_5,SUP_1,North,531,5,239,0,10.73,13.23,0,0,12,2025,1,27,0,5,12.032399
2025-01-28,SKU_8,WH_5,SUP_1,North,531,5,239,0,10.73,13.23,0,0,12,2025,1,28,1,5,12.037367
2025-01-29,SKU_8,WH_5,SUP_1,North,531,5,239,0,10.73,13.23,0,0,12,2025,1,29,2,5,12.015393
2024-12-31,SKU_8,WH_4,SUP_7,East,598,7,395,230,11.54,19.33,0,0,20,2024,12,31,1,1,19.401014
2025-01-01,SKU_8,WH_4,SUP_7,East,598,7,395,230,11.54,19.33,0,0,20,2025,1,1,2,1,19.89296
2025-01-02,SKU_8,WH_4,SUP_7,East,598,7,395,230,11.54,19.33,0,0,20,2025,1,2,3,1,19.598675
2025-01-03,SKU_8,WH_4,SUP_7,East,598,7,395,230,11.54,19.33,0,0,20,2025,1,3,4,1,19.468695
2025-01-04,SKU_8,WH_4,SUP_7,East,598,7,395,230,11.54,19.33,0,0,20,2025,1,4,5,1,19.443903
2025-01-05,SKU_8,WH_4,SUP_7,East,598,7,395,230,11.54,19.33,0,0,20,2025,1,5,6,1,19.446306
2025-01-06,SKU_8,WH_4,SUP_7,East,598,7,395,230,11.54,19.33,0,0,20,2025,1,6,0,2,19.378962
2025-01-07,SKU_8,WH_4,SUP_7,East,598,7,395,230,11.54,19.33,0,0,20,2025,1,7,1,2,19.369781
2025-01-08,SKU_8,WH_4,SUP_7,East,598,7,395,230,11.54,19.33,0,0,20,2025,1,8,2,2,19.479425
2025-01-09,SKU_8,WH_4,SUP_7,East,598,7,395,230,11.54,19.33,0,0,20,2025,1,9,3,2,19.472553
2025-01-10,SKU_8,WH_4,SUP_7,East,598,7,395,230,11.54,19.33,0,0,20,2025,1,10,4,2,19.430197
2025-01-11,SKU_8,WH_4,SUP_7,East,598,7,395,230,11.54,19.33,0,0,20,2025,1,11,5,2,19.442688
2025-01-12,SKU_8,WH_4,SUP_7,East,598,7,395,230,11.54,19.33,0,0,20,2025,1,12,6,2,19.445091
2025-01-13,SKU_8,WH_4,SUP_7,East,598,7,395,230,11.54,19.33,0,0,20,2025,1,13,0,3,19.471582
2025-01-14,SKU_8,WH_4,SUP_7,East,598,7,395,230,11.54,19.33,0,0,20,2025,1,14,1,3,19.444223
2025-01-15,SKU_8,WH_4,SUP_7,East,598,7,395,230,11.54,19.33,0,0,20,2025,1,15,2,3,19.426138
2025-01-16,SKU_8,WH_4,SUP_7,East,598,7,395,230,11.54,19.33,0,0,20,2025,1,16,3,3,19.424047
2025-01-17,SKU_8,WH_4,SUP_7,East,598,7,395,230,11.54,19.33,0,0,20,2025,1,17,4,3,19.336054
2025-01-18,SKU_8,WH_4,SUP_7,East,598,7,395,230,11.54,19.33,0,0,20,2025,1,18,5,3,19.494183
2025-01-19,SKU_8,WH_4,SUP_7,East,598,7,395,230,11.54,19.33,0,0,20,2025,1,19,6,3,19.500364
2025-01-20,SKU_8,WH_4,SUP_7,East,598,7,395,230,11.54,19.33,0,0,20,2025,1,20,0,4,19.516901
2025-01-21,SKU_8,WH_4,SUP_7,East,598,7,395,230,11.54,19.33,0,0,20,2025,1,21,1,4,19.49968
2025-01-22,SKU_8,WH_4,SUP_7,East,598,7,395,230,11.54,19.33,0,0,20,2025,1,22,2,4,19.505865
2025-01-23,SKU_8,WH_4,SUP_7,East,598,7,395,230,11.54,19.33,0,0,20,2025,1,23,3,4,19.505486
2025-01-24,SKU_8,WH_4,SUP_7,East,598,7,395,230,11.54,19.33,0,0,20,2025,1,24,4,4,19.423162
2025-01-25,SKU_8,WH_4,SUP_7,East,598,7,395,230,11.54,19.33,0,0,20,2025,1,25,5,4,19.47697
2025-01-26,SKU_8,WH_4,SUP_7,East,598,7,395,230,11.54,19.33,0,0,20,2025,1,26,6,4,19.48369
2025-01-27,SKU_8,WH_4,SUP_7,East,598,7,395,230,11.54,19.33,0,0,20,2025,1,27,0,5,19.121325
2025-01-28,SKU_8,WH_4,SUP_7,East,598,7,395,230,11.54,19.33,0,0,20,2025,1,28,1,5,19.136465
2025-01-29,SKU_8,WH_4,SUP_7,East,598,7,395,230,11.54,19.33,0,0,20,2025,1,29,2,5,19.158123
2024-12-31,SKU_8,WH_3,SUP_7,North,342,4,207,0,8.93,12.47,1,0,32,2024,12,31,1,1,32.468582
2025-01-01,SKU_8,WH_3,SUP_7,North,342,4,207,0,8.93,12.47,1,0,32,2025,1,1,2,1,32.696606
2025-01-02,SKU_8,WH_3,SUP_7,North,342,4,207,0,8.93,12.47,1,0,32,2025,1,2,3,1,32.372257
2025-01-03,SKU_8,WH_3,SUP_7,North,342,4,207,0,8.93,12.47,1,0,32,2025,1,3,4,1,33.055
2025-01-04,SKU_8,WH_3,SUP_7,North,342,4,207,0,8.93,12.47,1,0,32,2025,1,4,5,1,33.092033
2025-01-05,SKU_8,WH_3,SUP_7,North,342,4,207,0,8.93,12.47,1,0,32,2025,1,5,6,1,33.32541
2025-01-06,SKU_8,WH_3,SUP_7,North,342,4,207,0,8.93,12.47,1,0,32,2025,1,6,0,2,32.83225
2025-01-07,SKU_8,WH_3,SUP_7,North,342,4,207,0,8.93,12.47,1,0,32,2025,1,7,1,2,32.848022
2025-01-08,SKU_8,WH_3,SUP_7,North,342,4,207,0,8.93,12.47,1,0,32,2025,1,8,2,2,33.066334
2025-01-09,SKU_8,WH_3,SUP_7,North,342,4,207,0,8.93,12.47,1,0,32,2025,1,9,3,2,33.03994
2025-01-10,SKU_8,WH_3,SUP_7,North,342,4,207,0,8.93,12.47,1,0,32,2025,1,10,4,2,33.096066
2025-01-11,SKU_8,WH_3,SUP_7,North,342,4,207,0,8.93,12.47,1,0,32,2025,1,11,5,2,32.978462
2025-01-12,SKU_8,WH_3,SUP_7,North,342,4,207,0,8.93,12.47,1,0,32,2025,1,12,6,2,33.025948
2025-01-13,SKU_8,WH_3,SUP_7,North,342,4,207,0,8.93,12.47,1,0,32,2025,1,13,0,3,32.70083
2025-01-14,SKU_8,WH_3,SUP_7,North,342,4,207,0,8.93,12.47,1,0,32,2025,1,14,1,3,32.71665
2025-01-15,SKU_8,WH_3,SUP_7,North,342,4,207,0,8.93,12.47,1,0,32,2025,1,15,2,3,33.20864
2025-01-16,SKU_8,WH_3,SUP_7,North,342,4,207,0,8.93,12.47,1,0,32,2025,1,16,3,3,33.226982
2025-01-17,SKU_8,WH_3,SUP_7,North,342,4,207,0,8.93,12.47,1,0,32,2025,1,17,4,3,33.358227
2025-01-18,SKU_8,WH_3,SUP_7,North,342,4,207,0,8.93,12.47,1,0,32,2025,1,18,5,3,33.348522
2025-01-19,SKU_8,WH_3,SUP_7,North,342,4,207,0,8.93,12.47,1,0,32,2025,1,19,6,3,33.313744
2025-01-20,SKU_8,WH_3,SUP_7,North,342,4,207,0,8.93,12.47,1,0,32,2025,1,20,0,4,32.482235
2025-01-21,SKU_8,WH_3,SUP_7,North,342,4,207,0,8.93,12.47,1,0,32,2025,1,21,1,4,32.48878
2025-01-22,SKU_8,WH_3,SUP_7,North,342,4,207,0,8.93,12.47,1,0,32,2025,1,22,2,4,32.79878
2025-01-23,SKU_8,WH_3,SUP_7,North,342,4,207,0,8.93,12.47,1,0,32,2025,1,23,3,4,32.763805
2025-01-24,SKU_8,WH_3,SUP_7,North,342,4,207,0,8.93,12.47,1,0,32,2025,1,24,4,4,32.881344
2025-01-25,SKU_8,WH_3,SUP_7,North,342,4,207,0,8.93,12.47,1,0,32,2025,1,25,5,4,32.842712
2025-01-26,SKU_8,WH_3,SUP_7,North,342,4,207,0,8.93,12.47,1,0,32,2025,1,26,6,4,32.92468
2025-01-27,SKU_8,WH_3,SUP_7,North,342,4,207,0,8.93,12.47,1,0,32,2025,1,27,0,5,32.48216
2025-01-28,SKU_8,WH_3,SUP_7,North,342,4,207,0,8.93,12.47,1,0,32,2025,1,28,1,5,32.606167
2025-01-29,SKU_8,WH_3,SUP_7,North,342,4,207,0,8.93,12.47,1,0,32,2025,1,29,2,5,32.682396
2024-12-31,SKU_8,WH_2,SUP_8,North,472,10,353,0,17.62,30.73,0,0,23,2024,12,31,1,1,23.155306
2025-01-01,SKU_8,WH_2,SUP_8,North,472,10,353,0,17.62,30.73,0,0,23,2025,1,1,2,1,23.20895
2025-01-02,SKU_8,WH_2,SUP_8,North,472,10,353,0,17.62,30.73,0,0,23,2025,1,2,3,1,23.345407
2025-01-03,SKU_8,WH_2,SUP_8,North,472,10,353,0,17.62,30.73,0,0,23,2025,1,3,4,1,23.324135
2025-01-04,SKU_8,WH_2,SUP_8,North,472,10,353,0,17.62,30.73,0,0,23,2025,1,4,5,1,23.322536
2025-01-05,SKU_8,WH_2,SUP_8,North,472,10,353,0,17.62,30.73,0,0,23,2025,1,5,6,1,23.31523
2025-01-06,SKU_8,WH_2,SUP_8,North,472,10,353,0,17.62,30.73,0,0,23,2025,1,6,0,2,23.414562
2025-01-07,SKU_8,WH_2,SUP_8,North,472,10,353,0,17.62,30.73,0,0,23,2025,1,7,1,2,23.41941
2025-01-08,SKU_8,WH_2,SUP_8,North,472,10,353,0,17.62,30.73,0,0,23,2025,1,8,2,2,23.384708
2025-01-09,SKU_8,WH_2,SUP_8,North,472,10,353,0,17.62,30.73,0,0,23,2025,1,9,3,2,23.382921
2025-01-10,SKU_8,WH_2,SUP_8,North,472,10,353,0,17.62,30.73,0,0,23,2025,1,10,4,2,23.414743
2025-01-11,SKU_8,WH_2,SUP_8,North,472,10,353,0,17.62,30.73,0,0,23,2025,1,11,5,2,23.424564
2025-01-12,SKU_8,WH_2,SUP_8,North,472,10,353,0,17.62,30.73,0,0,23,2025,1,12,6,2,23.409304
2025-01-13,SKU_8,WH_2,SUP_8,North,472,10,353,0,17.62,30.73,0,0,23,2025,1,13,0,3,23.492075
2025-01-14,SKU_8,WH_2,SUP_8,North,472,10,353,0,17.62,30.73,0,0,23,2025,1,14,1,3,23.476227
2025-01-15,SKU_8,WH_2,SUP_8,North,472,10,353,0,17.62,30.73,0,0,23,2025,1,15,2,3,23.343266
2025-01-16,SKU_8,WH_2,SUP_8,North,472,10,353,0,17.62,30.73,0,0,23,2025,1,16,3,3,23.3176
2025-01-17,SKU_8,WH_2,SUP_8,North,472,10,353,0,17.62,30.73,0,0,23,2025,1,17,4,3,23.313444
2025-01-18,SKU_8,WH_2,SUP_8,North,472,10,353,0,17.62,30.73,0,0,23,2025,1,18,5,3,23.394932
2025-01-19,SKU_8,WH_2,SUP_8,North,472,10,353,0,17.62,30.73,0,0,23,2025,1,19,6,3,23.385727
2025-01-20,SKU_8,WH_2,SUP_8,North,472,10,353,0,17.62,30.73,0,0,23,2025,1,20,0,4,23.383997
2025-01-21,SKU_8,WH_2,SUP_8,North,472,10,353,0,17.62,30.73,0,0,23,2025,1,21,1,4,23.415432
2025-01-22,SKU_8,WH_2,SUP_8,North,472,10,353,0,17.62,30.73,0,0,23,2025,1,22,2,4,23.234663
2025-01-23,SKU_8,WH_2,SUP_8,North,472,10,353,0,17.62,30.73,0,0,23,2025,1,23,3,4,23.243074
2025-01-24,SKU_8,WH_2,SUP_8,North,472,10,353,0,17.62,30.73,0,0,23,2025,1,24,4,4,23.229664
2025-01-25,SKU_8,WH_2,SUP_8,North,472,10,353,0,17.62,30.73,0,0,23,2025,1,25,5,4,23.254501
2025-01-26,SKU_8,WH_2,SUP_8,North,472,10,353,0,17.62,30.73,0,0,23,2025,1,26,6,4,23.13902
2025-01-27,SKU_8,WH_2,SUP_8,North,472,10,353,0,17.62,30.73,0,0,23,2025,1,27,0,5,23.03827
2025-01-28,SKU_8,WH_2,SUP_8,North,472,10,353,0,17.62,30.73,0,0,23,2025,1,28,1,5,23.143383
2025-01-29,SKU_8,WH_2,SUP_8,North,472,10,353,0,17.62,30.73,0,0,23,2025,1,29,2,5,23.124313
2024-12-31,SKU_8,WH_1,SUP_2,North,452,13,305,0,16.81,22.39,0,0,15,2024,12,31,1,1,14.522291
2025-01-01,SKU_8,WH_1,SUP_2,North,452,13,305,0,16.81,22.39,0,0,15,2025,1,1,2,1,14.7451315
2025-01-02,SKU_8,WH_1,SUP_2,North,452,13,305,0,16.81,22.39,0,0,15,2025,1,2,3,1,14.796187
2025-01-03,SKU_8,WH_1,SUP_2,North,452,13,305,0,16.81,22.39,0,0,15,2025,1,3,4,1,14.727448
2025-01-04,SKU_8,WH_1,SUP_2,North,452,13,305,0,16.81,22.39,0,0,15,2025,1,4,5,1,14.791102
2025-01-05,SKU_8,WH_1,SUP_2,North,452,13,305,0,16.81,22.39,0,0,15,2025,1,5,6,1,14.743394
2025-01-06,SKU_8,WH_1,SUP_2,North,452,13,305,0,16.81,22.39,0,0,15,2025,1,6,0,2,14.717537
2025-01-07,SKU_8,WH_1,SUP_2,North,452,13,305,0,16.81,22.39,0,0,15,2025,1,7,1,2,14.769699
2025-01-08,SKU_8,WH_1,SUP_2,North,452,13,305,0,16.81,22.39,0,0,15,2025,1,8,2,2,14.848702
2025-01-09,SKU_8,WH_1,SUP_2,North,452,13,305,0,16.81,22.39,0,0,15,2025,1,9,3,2,14.853511
2025-01-10,SKU_8,WH_1,SUP_2,North,452,13,305,0,16.81,22.39,0,0,15,2025,1,10,4,2,14.890761
2025-01-11,SKU_8,WH_1,SUP_2,North,452,13,305,0,16.81,22.39,0,0,15,2025,1,11,5,2,14.965625
2025-01-12,SKU_8,WH_1,SUP_2,North,452,13,305,0,16.81,22.39,0,0,15,2025,1,12,6,2,14.89718
2025-01-13,SKU_8,WH_1,SUP_2,North,452,13,305,0,16.81,22.39,0,0,15,2025,1,13,0,3,14.699146
2025-01-14,SKU_8,WH_1,SUP_2,North,452,13,305,0,16.81,22.39,0,0,15,2025,1,14,1,3,14.858115
2025-01-15,SKU_8,WH_1,SUP_2,North,452,13,305,0,16.81,22.39,0,0,15,2025,1,15,2,3,14.844815
2025-01-16,SKU_8,WH_1,SUP_2,North,452,13,305,0,16.81,22.39,0,0,15,2025,1,16,3,3,14.860602
2025-01-17,SKU_8,WH_1,SUP_2,North,452,13,305,0,16.81,22.39,0,0,15,2025,1,17,4,3,14.858176
2025-01-18,SKU_8,WH_1,SUP_2,North,452,13,305,0,16.81,22.39,0,0,15,2025,1,18,5,3,15.061656
2025-01-19,SKU_8,WH_1,SUP_2,North,452,13,305,0,16.81,22.39,0,0,15,2025,1,19,6,3,15.020981
2025-01-20,SKU_8,WH_1,SUP_2,North,452,13,305,0,16.81,22.39,0,0,15,2025,1,20,0,4,14.806766
2025-01-21,SKU_8,WH_1,SUP_2,North,452,13,305,0,16.81,22.39,0,0,15,2025,1,21,1,4,14.942742
2025-01-22,SKU_8,WH_1,SUP_2,North,452,13,305,0,16.81,22.39,0,0,15,2025,1,22,2,4,14.921834
2025-01-23,SKU_8,WH_1,SUP_2,North,452,13,305,0,16.81,22.39,0,0,15,2025,1,23,3,4,14.958701
2025-01-24,SKU_8,WH_1,SUP_2,North,452,13,305,0,16.81,22.39,0,0,15,2025,1,24,4,4,15.030997
2025-01-25,SKU_8,WH_1,SUP_2,North,452,13,305,0,16.81,22.39,0,0,15,2025,1,25,5,4,15.129791
2025-01-26,SKU_8,WH_1,SUP_2,North,452,13,305,0,16.81,22.39,0,0,15,2025,1,26,6,4,15.133815
2025-01-27,SKU_8,WH_1,SUP_2,North,452,13,305,0,16.81,22.39,0,0,15,2025,1,27,0,5,14.907464
2025-01-28,SKU_8,WH_1,SUP_2,North,452,13,305,0,16.81,22.39,0,0,15,2025,1,28,1,5,15.089114
2025-01-29,SKU_8,WH_1,SUP_2,North,452,13,305,0,16.81,22.39,0,0,15,2025,1,29,2,5,15.010967
2024-12-31,SKU_7,WH_5,SUP_6,North,348,8,233,0,10.33,14.74,0,0,25,2024,12,31,1,1,24.578547
2025-01-01,SKU_7,WH_5,SUP_6,North,348,8,233,0,10.33,14.74,0,0,25,2025,1,1,2,1,24.57509
2025-01-02,SKU_7,WH_5,SUP_6,North,348,8,233,0,10.33,14.74,0,0,25,2025,1,2,3,1,24.475294
2025-01-03,SKU_7,WH_5,SUP_6,North,348,8,233,0,10.33,14.74,0,0,25,2025,1,3,4,1,24.640131
2025-01-04,SKU_7,WH_5,SUP_6,North,348,8,233,0,10.33,14.74,0,0,25,2025,1,4,5,1,24.657986
2025-01-05,SKU_7,WH_5,SUP_6,North,348,8,233,0,10.33,14.74,0,0,25,2025,1,5,6,1,24.660389
2025-01-06,SKU_7,WH_5,SUP_6,North,348,8,233,0,10.33,14.74,0,0,25,2025,1,6,0,2,24.70588
2025-01-07,SKU_7,WH_5,SUP_6,North,348,8,233,0,10.33,14.74,0,0,25,2025,1,7,1,2,24.585896
2025-01-08,SKU_7,WH_5,SUP_6,North,348,8,233,0,10.33,14.74,0,0,25,2025,1,8,2,2,24.566418
2025-01-09,SKU_7,WH_5,SUP_6,North,348,8,233,0,10.33,14.74,0,0,25,2025,1,9,3,2,24.611868
2025-01-10,SKU_7,WH_5,SUP_6,North,348,8,233,0,10.33,14.74,0,0,25,2025,1,10,4,2,24.557114
2025-01-11,SKU_7,WH_5,SUP_6,North,348,8,233,0,10.33,14.74,0,0,25,2025,1,11,5,2,24.54215
2025-01-12,SKU_7,WH_5,SUP_6,North,348,8,233,0,10.33,14.74,0,0,25,2025,1,12,6,2,24.523817
2025-01-13,SKU_7,WH_5,SUP_6,North,348,8,233,0,10.33,14.74,0,0,25,2025,1,13,0,3,24.696224
2025-01-14,SKU_7,WH_5,SUP_6,North,348,8,233,0,10.33,14.74,0,0,25,2025,1,14,1,3,24.61283
2025-01-15,SKU_7,WH_5,SUP_6,North,348,8,233,0,10.33,14.74,0,0,25,2025,1,15,2,3,24.641207
2025-01-16,SKU_7,WH_5,SUP_6,North,348,8,233,0,10.33,14.74,0,0,25,2025,1,16,3,3,24.617975
2025-01-17,SKU_7,WH_5,SUP_6,North,348,8,233,0,10.33,14.74,0,0,25,2025,1,17,4,3,24.575499
2025-01-18,SKU_7,WH_5,SUP_6,North,348,8,233,0,10.33,14.74,0,0,25,2025,1,18,5,3,24.70541
2025-01-19,SKU_7,WH_5,SUP_6,North,348,8,233,0,10.33,14.74,0,0,25,2025,1,19,6,3,24.707806
2025-01-20,SKU_7,WH_5,SUP_6,North,348,8,233,0,10.33,14.74,0,0,25,2025,1,20,0,4,24.647549
2025-01-21,SKU_7,WH_5,SUP_6,North,348,8,233,0,10.33,14.74,0,0,25,2025,1,21,1,4,24.759602
2025-01-22,SKU_7,WH_5,SUP_6,North,348,8,233,0,10.33,14.74,0,0,25,2025,1,22,2,4,24.762062
2025-01-23,SKU_7,WH_5,SUP_6,North,348,8,233,0,10.33,14.74,0,0,25,2025,1,23,3,4,24.740541
2025-01-24,SKU_7,WH_5,SUP_6,North,348,8,233,0,10.33,14.74,0,0,25,2025,1,24,4,4,24.608385
2025-01-25,SKU_7,WH_5,SUP_6,North,348,8,233,0,10.33,14.74,0,0,25,2025,1,25,5,4,24.633232
2025-01-26,SKU_7,WH_5,SUP_6,North,348,8,233,0,10.33,14.74,0,0,25,2025,1,26,6,4,24.61666
2025-01-27,SKU_7,WH_5,SUP_6,North,348,8,233,0,10.33,14.74,0,0,25,2025,1,27,0,5,24.75055
2025-01-28,SKU_7,WH_5,SUP_6,North,348,8,233,0,10.33,14.74,0,0,25,2025,1,28,1,5,24.772787
2025-01-29,SKU_7,WH_5,SUP_6,North,348,8,233,0,10.33,14.74,0,0,25,2025,1,29,2,5,24.77795
2024-12-31,SKU_7,WH_4,SUP_2,South,675,4,253,0,19.07,29.28,0,0,15,2024,12,31,1,1,15.072663
2025-01-01,SKU_7,WH_4,SUP_2,South,675,4,253,0,19.07,29.28,0,0,15,2025,1,1,2,1,15.3737955
2025-01-02,SKU_7,WH_4,SUP_2,South,675,4,253,0,19.07,29.28,0,0,15,2025,1,2,3,1,15.201605
2025-01-03,SKU_7,WH_4,SUP_2,South,675,4,253,0,19.07,29.28,0,0,15,2025,1,3,4,1,15.259873
2025-01-04,SKU_7,WH_4,SUP_2,South,675,4,253,0,19.07,29.28,0,0,15,2025,1,4,5,1,15.274548
2025-01-05,SKU_7,WH_4,SUP_2,South,675,4,253,0,19.07,29.28,0,0,15,2025,1,5,6,1,15.225223
2025-01-06,SKU_7,WH_4,SUP_2,South,675,4,253,0,19.07,29.28,0,0,15,2025,1,6,0,2,15.509675
2025-01-07,SKU_7,WH_4,SUP_2,South,675,4,253,0,19.07,29.28,0,0,15,2025,1,7,1,2,15.332721
2025-01-08,SKU_7,WH_4,SUP_2,South,675,4,253,0,19.07,29.28,0,0,15,2025,1,8,2,2,15.320369
2025-01-09,SKU_7,WH_4,SUP_2,South,675,4,253,0,19.07,29.28,0,0,15,2025,1,9,3,2,15.393293
2025-01-10,SKU_7,WH_4,SUP_2,South,675,4,253,0,19.07,29.28,0,0,15,2025,1,10,4,2,15.43509
2025-01-11,SKU_7,WH_4,SUP_2,South,675,4,253,0,19.07,29.28,0,0,15,2025,1,11,5,2,15.398393
2025-01-12,SKU_7,WH_4,SUP_2,South,675,4,253,0,19.07,29.28,0,0,15,2025,1,12,6,2,15.341114
2025-01-13,SKU_7,WH_4,SUP_2,South,675,4,253,0,19.07,29.28,0,0,15,2025,1,13,0,3,15.557785
2025-01-14,SKU_7,WH_4,SUP_2,South,675,4,253,0,19.07,29.28,0,0,15,2025,1,14,1,3,15.504348
2025-01-15,SKU_7,WH_4,SUP_2,South,675,4,253,0,19.07,29.28,0,0,15,2025,1,15,2,3,15.453663
2025-01-16,SKU_7,WH_4,SUP_2,South,675,4,253,0,19.07,29.28,0,0,15,2025,1,16,3,3,15.468249
2025-01-17,SKU_7,WH_4,SUP_2,South,675,4,253,0,19.07,29.28,0,0,15,2025,1,17,4,3,15.405388
2025-01-18,SKU_7,WH_4,SUP_2,South,675,4,253,0,19.07,29.28,0,0,15,2025,1,18,5,3,15.458299
2025-01-19,SKU_7,WH_4,SUP_2,South,675,4,253,0,19.07,29.28,0,0,15,2025,1,19,6,3,15.408974
2025-01-20,SKU_7,WH_4,SUP_2,South,675,4,253,0,19.07,29.28,0,0,15,2025,1,20,0,4,15.357037
2025-01-21,SKU_7,WH_4,SUP_2,South,675,4,253,0,19.07,29.28,0,0,15,2025,1,21,1,4,15.356004
2025-01-22,SKU_7,WH_4,SUP_2,South,675,4,253,0,19.07,29.28,0,0,15,2025,1,22,2,4,15.254524
2025-01-23,SKU_7,WH_4,SUP_2,South,675,4,253,0,19.07,29.28,0,0,15,2025,1,23,3,4,15.261508
2025-01-24,SKU_7,WH_4,SUP_2,South,675,4,253,0,19.07,29.28,0,0,15,2025,1,24,4,4,15.173611
2025-01-25,SKU_7,WH_4,SUP_2,South,675,4,253,0,19.07,29.28,0,0,15,2025,1,25,5,4,15.172161
2025-01-26,SKU_7,WH_4,SUP_2,South,675,4,253,0,19.07,29.28,0,0,15,2025,1,26,6,4,15.111105
2025-01-27,SKU_7,WH_4,SUP_2,South,675,4,253,0,19.07,29.28,0,0,15,2025,1,27,0,5,15.200651
2025-01-28,SKU_7,WH_4,SUP_2,South,675,4,253,0,19.07,29.28,0,0,15,2025,1,28,1,5,15.210561
2025-01-29,SKU_7,WH_4,SUP_2,South,675,4,253,0,19.07,29.28,0,0,15,2025,1,29,2,5,15.170798
2024-12-31,SKU_7,WH_3,SUP_7,North,657,3,358,0,5.23,9.41,0,0,24,2024,12,31,1,1,23.197329
2025-01-01,SKU_7,WH_3,SUP_7,North,657,3,358,0,5.23,9.41,0,0,24,2025,1,1,2,1,23.496706
2025-01-02,SKU_7,WH_3,SUP_7,North,657,3,358,0,5.23,9.41,0,0,24,2025,1,2,3,1,23.190899
2025-01-03,SKU_7,WH_3,SUP_7,North,657,3,358,0,5.23,9.41,0,0,24,2025,1,3,4,1,23.143534
2025-01-04,SKU_7,WH_3,SUP_7,North,657,3,358,0,5.23,9.41,0,0,24,2025,1,4,5,1,23.029448
2025-01-05,SKU_7,WH_3,SUP_7,North,657,3,358,0,5.23,9.41,0,0,24,2025,1,5,6,1,23.075985
2025-01-06,SKU_7,WH_3,SUP_7,North,657,3,358,0,5.23,9.41,0,0,24,2025,1,6,0,2,23.37221
2025-01-07,SKU_7,WH_3,SUP_7,North,657,3,358,0,5.23,9.41,0,0,24,2025,1,7,1,2,23.379818
2025-01-08,SKU_7,WH_3,SUP_7,North,657,3,358,0,5.23,9.41,0,0,24,2025,1,8,2,2,23.404173
2025-01-09,SKU_7,WH_3,SUP_7,North,657,3,358,0,5.23,9.41,0,0,24,2025,1,9,3,2,23.468788
2025-01-10,SKU_7,WH_3,SUP_7,North,657,3,358,0,5.23,9.41,0,0,24,2025,1,10,4,2,23.579395
2025-01-11,SKU_7,WH_3,SUP_7,North,657,3,358,0,5.23,9.41,0,0,24,2025,1,11,5,2,23.462755
2025-01-12,SKU_7,WH_3,SUP_7,North,657,3,358,0,5.23,9.41,0,0,24,2025,1,12,6,2,23.513971
2025-01-13,SKU_7,WH_3,SUP_7,North,657,3,358,0,5.23,9.41,0,0,24,2025,1,13,0,3,23.81072
2025-01-14,SKU_7,WH_3,SUP_7,North,657,3,358,0,5.23,9.41,0,0,24,2025,1,14,1,3,23.711494
2025-01-15,SKU_7,WH_3,SUP_7,North,657,3,358,0,5.23,9.41,0,0,24,2025,1,15,2,3,23.70917
2025-01-16,SKU_7,WH_3,SUP_7,North,657,3,358,0,5.23,9.41,0,0,24,2025,1,16,3,3,23.747953
2025-01-17,SKU_7,WH_3,SUP_7,North,657,3,358,0,5.23,9.41,0,0,24,2025,1,17,4,3,23.720255
2025-01-18,SKU_7,WH_3,SUP_7,North,657,3,358,0,5.23,9.41,0,0,24,2025,1,18,5,3,23.717625
2025-01-19,SKU_7,WH_3,SUP_7,North,657,3,358,0,5.23,9.41,0,0,24,2025,1,19,6,3,23.780575
2025-01-20,SKU_7,WH_3,SUP_7,North,657,3,358,0,5.23,9.41,0,0,24,2025,1,20,0,4,23.734215
2025-01-21,SKU_7,WH_3,SUP_7,North,657,3,358,0,5.23,9.41,0,0,24,2025,1,21,1,4,23.687181
2025-01-22,SKU_7,WH_3,SUP_7,North,657,3,358,0,5.23,9.41,0,0,24,2025,1,22,2,4,23.674185
2025-01-23,SKU_7,WH_3,SUP_7,North,657,3,358,0,5.23,9.41,0,0,24,2025,1,23,3,4,23.646967
2025-01-24,SKU_7,WH_3,SUP_7,North,657,3,358,0,5.23,9.41,0,0,24,2025,1,24,4,4,23.59435
2025-01-25,SKU_7,WH_3,SUP_7,North,657,3,358,0,5.23,9.41,0,0,24,2025,1,25,5,4,23.467209
2025-01-26,SKU_7,WH_3,SUP_7,North,657,3,358,0,5.23,9.41,0,0,24,2025,1,26,6,4,23.621239
2025-01-27,SKU_7,WH_3,SUP_7,North,657,3,358,0,5.23,9.41,0,0,24,2025,1,27,0,5,23.661926
2025-01-28,SKU_7,WH_3,SUP_7,North,657,3,358,0,5.23,9.41,0,0,24,2025,1,28,1,5,23.668821
2025-01-29,SKU_7,WH_3,SUP_7,North,657,3,358,0,5.23,9.41,0,0,24,2025,1,29,2,5,23.661478
2024-12-31,SKU_7,WH_2,SUP_8,South,494,5,396,0,8.16,11.24,0,0,20,2024,12,31,1,1,19.2152
2025-01-01,SKU_7,WH_2,SUP_8,South,494,5,396,0,8.16,11.24,0,0,20,2025,1,1,2,1,19.73029
2025-01-02,SKU_7,WH_2,SUP_8,South,494,5,396,0,8.16,11.24,0,0,20,2025,1,2,3,1,19.4148
2025-01-03,SKU_7,WH_2,SUP_8,South,494,5,396,0,8.16,11.24,0,0,20,2025,1,3,4,1,19.365404
2025-01-04,SKU_7,WH_2,SUP_8,South,494,5,396,0,8.16,11.24,0,0,20,2025,1,4,5,1,19.5441
2025-01-05,SKU_7,WH_2,SUP_8,South,494,5,396,0,8.16,11.24,0,0,20,2025,1,5,6,1,19.658403
2025-01-06,SKU_7,WH_2,SUP_8,South,494,5,396,0,8.16,11.24,0,0,20,2025,1,6,0,2,19.438673
2025-01-07,SKU_7,WH_2,SUP_8,South,494,5,396,0,8.16,11.24,0,0,20,2025,1,7,1,2,19.481703
2025-01-08,SKU_7,WH_2,SUP_8,South,494,5,396,0,8.16,11.24,0,0,20,2025,1,8,2,2,19.502449
2025-01-09,SKU_7,WH_2,SUP_8,South,494,5,396,0,8.16,11.24,0,0,20,2025,1,9,3,2,19.55661
2025-01-10,SKU_7,WH_2,SUP_8,South,494,5,396,0,8.16,11.24,0,0,20,2025,1,10,4,2,19.655592
2025-01-11,SKU_7,WH_2,SUP_8,South,494,5,396,0,8.16,11.24,0,0,20,2025,1,11,5,2,19.69878
2025-01-12,SKU_7,WH_2,SUP_8,South,494,5,396,0,8.16,11.24,0,0,20,2025,1,12,6,2,19.78994
2025-01-13,SKU_7,WH_2,SUP_8,South,494,5,396,0,8.16,11.24,0,0,20,2025,1,13,0,3,19.721682
2025-01-14,SKU_7,WH_2,SUP_8,South,494,5,396,0,8.16,11.24,0,0,20,2025,1,14,1,3,19.639809
2025-01-15,SKU_7,WH_2,SUP_8,South,494,5,396,0,8.16,11.24,0,0,20,2025,1,15,2,3,19.636946
2025-01-16,SKU_7,WH_2,SUP_8,South,494,5,396,0,8.16,11.24,0,0,20,2025,1,16,3,3,19.6066
2025-01-17,SKU_7,WH_2,SUP_8,South,494,5,396,0,8.16,11.24,0,0,20,2025,1,17,4,3,19.597443
2025-01-18,SKU_7,WH_2,SUP_8,South,494,5,396,0,8.16,11.24,0,0,20,2025,1,18,5,3,19.818298
2025-01-19,SKU_7,WH_2,SUP_8,South,494,5,396,0,8.16,11.24,0,0,20,2025,1,19,6,3,19.90756
2025-01-20,SKU_7,WH_2,SUP_8,South,494,5,396,0,8.16,11.24,0,0,20,2025,1,20,0,4,19.533686
2025-01-21,SKU_7,WH_2,SUP_8,South,494,5,396,0,8.16,11.24,0,0,20,2025,1,21,1,4,19.501495
2025-01-22,SKU_7,WH_2,SUP_8,South,494,5,396,0,8.16,11.24,0,0,20,2025,1,22,2,4,19.482115
2025-01-23,SKU_7,WH_2,SUP_8,South,494,5,396,0,8.16,11.24,0,0,20,2025,1,23,3,4,19.493315
2025-01-24,SKU_7,WH_2,SUP_8,South,494,5,396,0,8.16,11.24,0,0,20,2025,1,24,4,4,19.483978
2025-01-25,SKU_7,WH_2,SUP_8,South,494,5,396,0,8.16,11.24,0,0,20,2025,1,25,5,4,19.607445
2025-01-26,SKU_7,WH_2,SUP_8,South,494,5,396,0,8.16,11.24,0,0,20,2025,1,26,6,4,19.758467
2025-01-27,SKU_7,WH_2,SUP_8,South,494,5,396,0,8.16,11.24,0,0,20,2025,1,27,0,5,19.04035
2025-01-28,SKU_7,WH_2,SUP_8,South,494,5,396,0,8.16,11.24,0,0,20,2025,1,28,1,5,19.055307
2025-01-29,SKU_7,WH_2,SUP_8,South,494,5,396,0,8.16,11.24,0,0,20,2025,1,29,2,5,19.04158
2024-12-31,SKU_9,WH_5,SUP_7,South,516,13,345,211,6.17,9.69,0,0,21,2024,12,31,1,1,20.316137
2025-01-01,SKU_9,WH_5,SUP_7,South,516,13,345,211,6.17,9.69,0,0,21,2025,1,1,2,1,20.062696
2025-01-02,SKU_9,WH_5,SUP_7,South,516,13,345,211,6.17,9.69,0,0,21,2025,1,2,3,1,19.899359
2025-01-03,SKU_9,WH_5,SUP_7,South,516,13,345,211,6.17,9.69,0,0,21,2025,1,3,4,1,19.980835
2025-01-04,SKU_9,WH_5,SUP_7,South,516,13,345,211,6.17,9.69,0,0,21,2025,1,4,5,1,20.027777
2025-01-05,SKU_9,WH_5,SUP_7,South,516,13,345,211,6.17,9.69,0,0,21,2025,1,5,6,1,20.021297
2025-01-06,SKU_9,WH_5,SUP_7,South,516,13,345,211,6.17,9.69,0,0,21,2025,1,6,0,2,20.29162
2025-01-07,SKU_9,WH_5,SUP_7,South,516,13,345,211,6.17,9.69,0,0,21,2025,1,7,1,2,20.195375
2025-01-08,SKU_9,WH_5,SUP_7,South,516,13,345,211,6.17,9.69,0,0,21,2025,1,8,2,2,20.194223
2025-01-09,SKU_9,WH_5,SUP_7,South,516,13,345,211,6.17,9.69,0,0,21,2025,1,9,3,2,20.194324
2025-01-10,SKU_9,WH_5,SUP_7,South,516,13,345,211,6.17,9.69,0,0,21,2025,1,10,4,2,20.22827
2025-01-11,SKU_9,WH_5,SUP_7,South,516,13,345,211,6.17,9.69,0,0,21,2025,1,11,5,2,20.246016
2025-01-12,SKU_9,WH_5,SUP_7,South,516,13,345,211,6.17,9.69,0,0,21,2025,1,12,6,2,20.239536
2025-01-13,SKU_9,WH_5,SUP_7,South,516,13,345,211,6.17,9.69,0,0,21,2025,1,13,0,3,20.462467
2025-01-14,SKU_9,WH_5,SUP_7,South,516,13,345,211,6.17,9.69,0,0,21,2025,1,14,1,3,20.48353
2025-01-15,SKU_9,WH_5,SUP_7,South,516,13,345,211,6.17,9.69,0,0,21,2025,1,15,2,3,20.37059
2025-01-16,SKU_9,WH_5,SUP_7,South,516,13,345,211,6.17,9.69,0,0,21,2025,1,16,3,3,20.3685
2025-01-17,SKU_9,WH_5,SUP_7,South,516,13,345,211,6.17,9.69,0,0,21,2025,1,17,4,3,20.316734
2025-01-18,SKU_9,WH_5,SUP_7,South,516,13,345,211,6.17,9.69,0,0,21,2025,1,18,5,3,20.503197
2025-01-19,SKU_9,WH_5,SUP_7,South,516,13,345,211,6.17,9.69,0,0,21,2025,1,19,6,3,20.496717
2025-01-20,SKU_9,WH_5,SUP_7,South,516,13,345,211,6.17,9.69,0,0,21,2025,1,20,0,4,20.571913
2025-01-21,SKU_9,WH_5,SUP_7,South,516,13,345,211,6.17,9.69,0,0,21,2025,1,21,1,4,20.435146
2025-01-22,SKU_9,WH_5,SUP_7,South,516,13,345,211,6.17,9.69,0,0,21,2025,1,22,2,4,20.391499
2025-01-23,SKU_9,WH_5,SUP_7,South,516,13,345,211,6.17,9.69,0,0,21,2025,1,23,3,4,20.4293
2025-01-24,SKU_9,WH_5,SUP_7,South,516,13,345,211,6.17,9.69,0,0,21,2025,1,24,4,4,20.444504
2025-01-25,SKU_9,WH_5,SUP_7,South,516,13,345,211,6.17,9.69,0,0,21,2025,1,25,5,4,20.489998
2025-01-26,SKU_9,WH_5,SUP_7,South,516,13,345,211,6.17,9.69,0,0,21,2025,1,26,6,4,20.583391
2025-01-27,SKU_9,WH_5,SUP_7,South,516,13,345,211,6.17,9.69,0,0,21,2025,1,27,0,5,20.53088
2025-01-28,SKU_9,WH_5,SUP_7,South,516,13,345,211,6.17,9.69,0,0,21,2025,1,28,1,5,20.464767
2025-01-29,SKU_9,WH_5,SUP_7,South,516,13,345,211,6.17,9.69,0,0,21,2025,1,29,2,5,20.328798
2024-12-31,SKU_50,WH_4,SUP_8,South,236,14,218,0,18.62,22.63,0,0,24,2024,12,31,1,1,23.573404
2025-01-01,SKU_50,WH_4,SUP_8,South,236,14,218,0,18.62,22.63,0,0,24,2025,1,1,2,1,23.678743
2025-01-02,SKU_50,WH_4,SUP_8,South,236,14,218,0,18.62,22.63,0,0,24,2025,1,2,3,1,23.813257
2025-01-03,SKU_50,WH_4,SUP_8,South,236,14,218,0,18.62,22.63,0,0,24,2025,1,3,4,1,24.08173
2025-01-04,SKU_50,WH_4,SUP_8,South,236,14,218,0,18.62,22.63,0,0,24,2025,1,4,5,1,24.090546
2025-01-05,SKU_50,WH_4,SUP_8,South,236,14,218,0,18.62,22.63,0,0,24,2025,1,5,6,1,24.09091
2025-01-06,SKU_50,WH_4,SUP_8,South,236,14,218,0,18.62,22.63,0,0,24,2025,1,6,0,2,23.817827
2025-01-07,SKU_50,WH_4,SUP_8,South,236,14,218,0,18.62,22.63,0,0,24,2025,1,7,1,2,24.048073
2025-01-08,SKU_50,WH_4,SUP_8,South,236,14,218,0,18.62,22.63,0,0,24,2025,1,8,2,2,24.177437
2025-01-09,SKU_50,WH_4,SUP_8,South,236,14,218,0,18.62,22.63,0,0,24,2025,1,9,3,2,24.284056
2025-01-10,SKU_50,WH_4,SUP_8,South,236,14,218,0,18.62,22.63,0,0,24,2025,1,10,4,2,24.282923
2025-01-11,SKU_50,WH_4,SUP_8,South,236,14,218,0,18.62,22.63,0,0,24,2025,1,11,5,2,24.328886
2025-01-12,SKU_50,WH_4,SUP_8,South,236,14,218,0,18.62,22.63,0,0,24,2025,1,12,6,2,24.257444
2025-01-13,SKU_50,WH_4,SUP_8,South,236,14,218,0,18.62,22.63,0,0,24,2025,1,13,0,3,23.948795
2025-01-14,SKU_50,WH_4,SUP_8,South,236,14,218,0,18.62,22.63,0,0,24,2025,1,14,1,3,24.245106
2025-01-15,SKU_50,WH_4,SUP_8,South,236,14,218,0,18.62,22.63,0,0,24,2025,1,15,2,3,24.219774
2025-01-16,SKU_50,WH_4,SUP_8,South,236,14,218,0,18.62,22.63,0,0,24,2025,1,16,3,3,24.230751
2025-01-17,SKU_50,WH_4,SUP_8,South,236,14,218,0,18.62,22.63,0,0,24,2025,1,17,4,3,24.225033
2025-01-18,SKU_50,WH_4,SUP_8,South,236,14,218,0,18.62,22.63,0,0,24,2025,1,18,5,3,24.382467
2025-01-19,SKU_50,WH_4,SUP_8,South,236,14,218,0,18.62,22.63,0,0,24,2025,1,19,6,3,24.321375
2025-01-20,SKU_50,WH_4,SUP_8,South,236,14,218,0,18.62,22.63,0,0,24,2025,1,20,0,4,24.148857
2025-01-21,SKU_50,WH_4,SUP_8,South,236,14,218,0,18.62,22.63,0,0,24,2025,1,21,1,4,24.309786
2025-01-22,SKU_50,WH_4,SUP_8,South,236,14,218,0,18.62,22.63,0,0,24,2025,1,22,2,4,24.258537
2025-01-23,SKU_50,WH_4,SUP_8,South,236,14,218,0,18.62,22.63,0,0,24,2025,1,23,3,4,24.249928
2025-01-24,SKU_50,WH_4,SUP_8,South,236,14,218,0,18.62,22.63,0,0,24,2025,1,24,4,4,24.087719
2025-01-25,SKU_50,WH_4,SUP_8,South,236,14,218,0,18.62,22.63,0,0,24,2025,1,25,5,4,24.182442
2025-01-26,SKU_50,WH_4,SUP_8,South,236,14,218,0,18.62,22.63,0,0,24,2025,1,26,6,4,24.134317
2025-01-27,SKU_50,WH_4,SUP_8,South,236,14,218,0,18.62,22.63,0,0,24,2025,1,27,0,5,23.888168
2025-01-28,SKU_50,WH_4,SUP_8,South,236,14,218,0,18.62,22.63,0,0,24,2025,1,28,1,5,24.090576
2025-01-29,SKU_50,WH_4,SUP_8,South,236,14,218,0,18.62,22.63,0,0,24,2025,1,29,2,5,23.91977
2024-12-31,SKU_25,WH_3,SUP_1,North,252,7,232,0,6.51,8.04,0,0,27,2024,12,31,1,1,26.11627
2025-01-01,SKU_25,WH_3,SUP_1,North,252,7,232,0,6.51,8.04,0,0,27,2025,1,1,2,1,26.127829
2025-01-02,SKU_25,WH_3,SUP_1,North,252,7,232,0,6.51,8.04,0,0,27,2025,1,2,3,1,26.322197
2025-01-03,SKU_25,WH_3,SUP_1,North,252,7,232,0,6.51,8.04,0,0,27,2025,1,3,4,1,26.449883
2025-01-04,SKU_25,WH_3,SUP_1,North,252,7,232,0,6.51,8.04,0,0,27,2025,1,4,5,1,26.647966
2025-01-05,SKU_25,WH_3,SUP_1,North,252,7,232,0,6.51,8.04,0,0,27,2025,1,5,6,1,26.649582
2025-01-06,SKU_25,WH_3,SUP_1,North,252,7,232,0,6.51,8.04,0,0,27,2025,1,6,0,2,26.20358
2025-01-07,SKU_25,WH_3,SUP_1,North,252,7,232,0,6.51,8.04,0,0,27,2025,1,7,1,2,26.425385
2025-01-08,SKU_25,WH_3,SUP_1,North,252,7,232,0,6.51,8.04,0,0,27,2025,1,8,2,2,26.672565
2025-01-09,SKU_25,WH_3,SUP_1,North,252,7,232,0,6.51,8.04,0,0,27,2025,1,9,3,2,26.653502
2025-01-10,SKU_25,WH_3,SUP_1,North,252,7,232,0,6.51,8.04,0,0,27,2025,1,10,4,2,26.58972
2025-01-11,SKU_25,WH_3,SUP_1,North,252,7,232,0,6.51,8.04,0,0,27,2025,1,11,5,2,26.569609
2025-01-12,SKU_25,WH_3,SUP_1,North,252,7,232,0,6.51,8.04,0,0,27,2025,1,12,6,2,26.558977
2025-01-13,SKU_25,WH_3,SUP_1,North,252,7,232,0,6.51,8.04,0,0,27,2025,1,13,0,3,26.519093
2025-01-14,SKU_25,WH_3,SUP_1,North,252,7,232,0,6.51,8.04,0,0,27,2025,1,14,1,3,26.595722
2025-01-15,SKU_25,WH_3,SUP_1,North,252,7,232,0,6.51,8.04,0,0,27,2025,1,15,2,3,26.765085
2025-01-16,SKU_25,WH_3,SUP_1,North,252,7,232,0,6.51,8.04,0,0,27,2025,1,16,3,3,26.763838
2025-01-17,SKU_25,WH_3,SUP_1,North,252,7,232,0,6.51,8.04,0,0,27,2025,1,17,4,3,26.671082
2025-01-18,SKU_25,WH_3,SUP_1,North,252,7,232,0,6.51,8.04,0,0,27,2025,1,18,5,3,26.795845
2025-01-19,SKU_25,WH_3,SUP_1,North,252,7,232,0,6.51,8.04,0,0,27,2025,1,19,6,3,26.804485
2025-01-20,SKU_25,WH_3,SUP_1,North,252,7,232,0,6.51,8.04,0,0,27,2025,1,20,0,4,26.601307
2025-01-21,SKU_25,WH_3,SUP_1,North,252,7,232,0,6.51,8.04,0,0,27,2025,1,21,1,4,26.611275
2025-01-22,SKU_25,WH_3,SUP_1,North,252,7,232,0,6.51,8.04,0,0,27,2025,1,22,2,4,26.761208
2025-01-23,SKU_25,WH_3,SUP_1,North,252,7,232,0,6.51,8.04,0,0,27,2025,1,23,3,4,26.71527
2025-01-24,SKU_25,WH_3,SUP_1,North,252,7,232,0,6.51,8.04,0,0,27,2025,1,24,4,4,26.66532
2025-01-25,SKU_25,WH_3,SUP_1,North,252,7,232,0,6.51,8.04,0,0,27,2025,1,25,5,4,26.690617
2025-01-26,SKU_25,WH_3,SUP_1,North,252,7,232,0,6.51,8.04,0,0,27,2025,1,26,6,4,26.70611
2025-01-27,SKU_25,WH_3,SUP_1,North,252,7,232,0,6.51,8.04,0,0,27,2025,1,27,0,5,26.60436
2025-01-28,SKU_25,WH_3,SUP_1,North,252,7,232,0,6.51,8.04,0,0,27,2025,1,28,1,5,26.676464
2025-01-29,SKU_25,WH_3,SUP_1,North,252,7,232,0,6.51,8.04,0,0,27,2025,1,29,2,5,26.845291
2024-12-31,SKU_26,WH_1,SUP_7,North,483,2,335,0,18.22,23.67,0,0,14,2024,12,31,1,1,12.765561
2025-01-01,SKU_26,WH_1,SUP_7,North,483,2,335,0,18.22,23.67,0,0,14,2025,1,1,2,1,13.5347805
2025-01-02,SKU_26,WH_1,SUP_7,North,483,2,335,0,18.22,23.67,0,0,14,2025,1,2,3,1,13.531677
2025-01-03,SKU_26,WH_1,SUP_7,North,483,2,335,0,18.22,23.67,0,0,14,2025,1,3,4,1,13.610607
2025-01-04,SKU_26,WH_1,SUP_7,North,483,2,335,0,18.22,23.67,0,0,14,2025,1,4,5,1,13.7021
2025-01-05,SKU_26,WH_1,SUP_7,North,483,2,335,0,18.22,23.67,0,0,14,2025,1,5,6,1,13.55108
2025-01-06,SKU_26,WH_1,SUP_7,North,483,2,335,0,18.22,23.67,0,0,14,2025,1,6,0,2,13.322276
2025-01-07,SKU_26,WH_1,SUP_7,North,483,2,335,0,18.22,23.67,0,0,14,2025,1,7,1,2,13.534302
2025-01-08,SKU_26,WH_1,SUP_7,North,483,2,335,0,18.22,23.67,0,0,14,2025,1,8,2,2,13.7079525
2025-01-09,SKU_26,WH_1,SUP_7,North,483,2,335,0,18.22,23.67,0,0,14,2025,1,9,3,2,13.722305
2025-01-10,SKU_26,WH_1,SUP_7,North,483,2,335,0,18.22,23.67,0,0,14,2025,1,10,4,2,13.812678
2025-01-11,SKU_26,WH_1,SUP_7,North,483,2,335,0,18.22,23.67,0,0,14,2025,1,11,5,2,13.806673
2025-01-12,SKU_26,WH_1,SUP_7,North,483,2,335,0,18.22,23.67,0,0,14,2025,1,12,6,2,13.624555
2025-01-13,SKU_26,WH_1,SUP_7,North,483,2,335,0,18.22,23.67,0,0,14,2025,1,13,0,3,13.389313
2025-01-14,SKU_26,WH_1,SUP_7,North,483,2,335,0,18.22,23.67,0,0,14,2025,1,14,1,3,13.66123
2025-01-15,SKU_26,WH_1,SUP_7,North,483,2,335,0,18.22,23.67,0,0,14,2025,1,15,2,3,13.751274
2025-01-16,SKU_26,WH_1,SUP_7,North,483,2,335,0,18.22,23.67,0,0,14,2025,1,16,3,3,13.771884
2025-01-17,SKU_26,WH_1,SUP_7,North,483,2,335,0,18.22,23.67,0,0,14,2025,1,17,4,3,13.777767
2025-01-18,SKU_26,WH_1,SUP_7,North,483,2,335,0,18.22,23.67,0,0,14,2025,1,18,5,3,13.942369
2025-01-19,SKU_26,WH_1,SUP_7,North,483,2,335,0,18.22,23.67,0,0,14,2025,1,19,6,3,13.775238
2025-01-20,SKU_26,WH_1,SUP_7,North,483,2,335,0,18.22,23.67,0,0,14,2025,1,20,0,4,13.413995
2025-01-21,SKU_26,WH_1,SUP_7,North,483,2,335,0,18.22,23.67,0,0,14,2025,1,21,1,4,13.66563
2025-01-22,SKU_26,WH_1,SUP_7,North,483,2,335,0,18.22,23.67,0,0,14,2025,1,22,2,4,13.756988
2025-01-23,SKU_26,WH_1,SUP_7,North,483,2,335,0,18.22,23.67,0,0,14,2025,1,23,3,4,13.834252
2025-01-24,SKU_26,WH_1,SUP_7,North,483,2,335,0,18.22,23.67,0,0,14,2025,1,24,4,4,13.743078
2025-01-25,SKU_26,WH_1,SUP_7,North,483,2,335,0,18.22,23.67,0,0,14,2025,1,25,5,4,13.778388
2025-01-26,SKU_26,WH_1,SUP_7,North,483,2,335,0,18.22,23.67,0,0,14,2025,1,26,6,4,13.647373
2025-01-27,SKU_26,WH_1,SUP_7,North,483,2,335,0,18.22,23.67,0,0,14,2025,1,27,0,5,13.327082
2025-01-28,SKU_26,WH_1,SUP_7,North,483,2,335,0,18.22,23.67,0,0,14,2025,1,28,1,5,13.62898
2025-01-29,SKU_26,WH_1,SUP_7,North,483,2,335,0,18.22,23.67,0,0,14,2025,1,29,2,5,13.4445305
2024-12-31,SKU_44,WH_1,SUP_2,South,426,7,252,0,6.22,9.0,0,0,28,2024,12,31,1,1,27.91917
2025-01-01,SKU_44,WH_1,SUP_2,South,426,7,252,0,6.22,9.0,0,0,28,2025,1,1,2,1,27.518118
2025-01-02,SKU_44,WH_1,SUP_2,South,426,7,252,0,6.22,9.0,0,0,28,2025,1,2,3,1,27.478996
2025-01-03,SKU_44,WH_1,SUP_2,South,426,7,252,0,6.22,9.0,0,0,28,2025,1,3,4,1,27.665361
2025-01-04,SKU_44,WH_1,SUP_2,South,426,7,252,0,6.22,9.0,0,0,28,2025,1,4,5,1,27.65215
2025-01-05,SKU_44,WH_1,SUP_2,South,426,7,252,0,6.22,9.0,0,0,28,2025,1,5,6,1,27.653765
2025-01-06,SKU_44,WH_1,SUP_2,South,426,7,252,0,6.22,9.0,0,0,28,2025,1,6,0,2,27.833796
2025-01-07,SKU_44,WH_1,SUP_2,South,426,7,252,0,6.22,9.0,0,0,28,2025,1,7,1,2,27.817337
2025-01-08,SKU_44,WH_1,SUP_2,South,426,7,252,0,6.22,9.0,0,0,28,2025,1,8,2,2,27.89709
2025-01-09,SKU_44,WH_1,SUP_2,South,426,7,252,0,6.22,9.0,0,0,28,2025,1,9,3,2,27.878027
2025-01-10,SKU_44,WH_1,SUP_2,South,426,7,252,0,6.22,9.0,0,0,28,2025,1,10,4,2,27.910753
2025-01-11,SKU_44,WH_1,SUP_2,South,426,7,252,0,6.22,9.0,0,0,28,2025,1,11,5,2,27.908764
2025-01-12,SKU_44,WH_1,SUP_2,South,426,7,252,0,6.22,9.0,0,0,28,2025,1,12,6,2,27.889643
2025-01-13,SKU_44,WH_1,SUP_2,South,426,7,252,0,6.22,9.0,0,0,28,2025,1,13,0,3,28.012388
2025-01-14,SKU_44,WH_1,SUP_2,South,426,7,252,0,6.22,9.0,0,0,28,2025,1,14,1,3,28.020937
2025-01-15,SKU_44,WH_1,SUP_2,South,426,7,252,0,6.22,9.0,0,0,28,2025,1,15,2,3,28.001749
2025-01-16,SKU_44,WH_1,SUP_2,South,426,7,252,0,6.22,9.0,0,0,28,2025,1,16,3,3,27.987947
2025-01-17,SKU_44,WH_1,SUP_2,South,426,7,252,0,6.22,9.0,0,0,28,2025,1,17,4,3,27.974714
2025-01-18,SKU_44,WH_1,SUP_2,South,426,7,252,0,6.22,9.0,0,0,28,2025,1,18,5,3,28.097372
2025-01-19,SKU_44,WH_1,SUP_2,South,426,7,252,0,6.22,9.0,0,0,28,2025,1,19,6,3,28.037693
2025-01-20,SKU_44,WH_1,SUP_2,South,426,7,252,0,6.22,9.0,0,0,28,2025,1,20,0,4,27.766022
2025-01-21,SKU_44,WH_1,SUP_2,South,426,7,252,0,6.22,9.0,0,0,28,2025,1,21,1,4,27.78302
2025-01-22,SKU_44,WH_1,SUP_2,South,426,7,252,0,6.22,9.0,0,0,28,2025,1,22,2,4,27.75057
2025-01-23,SKU_44,WH_1,SUP_2,South,426,7,252,0,6.22,9.0,0,0,28,2025,1,23,3,4,27.73848
2025-01-24,SKU_44,WH_1,SUP_2,South,426,7,252,0,6.22,9.0,0,0,28,2025,1,24,4,4,27.694313
2025-01-25,SKU_44,WH_1,SUP_2,South,426,7,252,0,6.22,9.0,0,0,28,2025,1,25,5,4,27.736174
2025-01-26,SKU_44,WH_1,SUP_2,South,426,7,252,0,6.22,9.0,0,0,28,2025,1,26,6,4,27.812649
2025-01-27,SKU_44,WH_1,SUP_2,South,426,7,252,0,6.22,9.0,0,0,28,2025,1,27,0,5,27.894464
2025-01-28,SKU_44,WH_1,SUP_2,South,426,7,252,0,6.22,9.0,0,0,28,2025,1,28,1,5,27.95572
2025-01-29,SKU_44,WH_1,SUP_2,South,426,7,252,0,6.22,9.0,0,0,28,2025,1,29,2,5,27.849554
2024-12-31,SKU_43,WH_5,SUP_4,South,454,14,249,0,11.44,16.99,0,0,17,2024,12,31,1,1,16.634693
2025-01-01,SKU_43,WH_5,SUP_4,South,454,14,249,0,11.44,16.99,0,0,17,2025,1,1,2,1,16.882336
2025-01-02,SKU_43,WH_5,SUP_4,South,454,14,249,0,11.44,16.99,0,0,17,2025,1,2,3,1,16.944792
2025-01-03,SKU_43,WH_5,SUP_4,South,454,14,249,0,11.44,16.99,0,0,17,2025,1,3,4,1,17.02644
2025-01-04,SKU_43,WH_5,SUP_4,South,454,14,249,0,11.44,16.99,0,0,17,2025,1,4,5,1,17.189087
2025-01-05,SKU_43,WH_5,SUP_4,South,454,14,249,0,11.44,16.99,0,0,17,2025,1,5,6,1,17.137743
2025-01-06,SKU_43,WH_5,SUP_4,South,454,14,249,0,11.44,16.99,0,0,17,2025,1,6,0,2,17.065414
2025-01-07,SKU_43,WH_5,SUP_4,South,454,14,249,0,11.44,16.99,0,0,17,2025,1,7,1,2,17.037542
2025-01-08,SKU_43,WH_5,SUP_4,South,454,14,249,0,11.44,16.99,0,0,17,2025,1,8,2,2,16.98858
2025-01-09,SKU_43,WH_5,SUP_4,South,454,14,249,0,11.44,16.99,0,0,17,2025,1,9,3,2,16.987808
2025-01-10,SKU_43,WH_5,SUP_4,South,454,14,249,0,11.44,16.99,0,0,17,2025,1,10,4,2,17.01152
2025-01-11,SKU_43,WH_5,SUP_4,South,454,14,249,0,11.44,16.99,0,0,17,2025,1,11,5,2,17.13794
2025-01-12,SKU_43,WH_5,SUP_4,South,454,14,249,0,11.44,16.99,0,0,17,2025,1,12,6,2,17.065859
2025-01-13,SKU_43,WH_5,SUP_4,South,454,14,249,0,11.44,16.99,0,0,17,2025,1,13,0,3,17.091585
2025-01-14,SKU_43,WH_5,SUP_4,South,454,14,249,0,11.44,16.99,0,0,17,2025,1,14,1,3,17.165571
2025-01-15,SKU_43,WH_5,SUP_4,South,454,14,249,0,11.44,16.99,0,0,17,2025,1,15,2,3,17.143175
2025-01-16,SKU_43,WH_5,SUP_4,South,454,14,249,0,11.44,16.99,0,0,17,2025,1,16,3,3,17.155481
2025-01-17,SKU_43,WH_5,SUP_4,South,454,14,249,0,11.44,16.99,0,0,17,2025,1,17,4,3,17.121964
2025-01-18,SKU_43,WH_5,SUP_4,South,454,14,249,0,11.44,16.99,0,0,17,2025,1,18,5,3,17.279554
2025-01-19,SKU_43,WH_5,SUP_4,South,454,14,249,0,11.44,16.99,0,0,17,2025,1,19,6,3,17.228212
2025-01-20,SKU_43,WH_5,SUP_4,South,454,14,249,0,11.44,16.99,0,0,17,2025,1,20,0,4,16.943453
2025-01-21,SKU_43,WH_5,SUP_4,South,454,14,249,0,11.44,16.99,0,0,17,2025,1,21,1,4,17.051632
2025-01-22,SKU_43,WH_5,SUP_4,South,454,14,249,0,11.44,16.99,0,0,17,2025,1,22,2,4,17.015974
2025-01-23,SKU_43,WH_5,SUP_4,South,454,14,249,0,11.44,16.99,0,0,17,2025,1,23,3,4,17.029991
2025-01-24,SKU_43,WH_5,SUP_4,South,454,14,249,0,11.44,16.99,0,0,17,2025,1,24,4,4,17.03148
2025-01-25,SKU_43,WH_5,SUP_4,South,454,14,249,0,11.44,16.99,0,0,17,2025,1,25,5,4,17.071547
2025-01-26,SKU_43,WH_5,SUP_4,South,454,14,249,0,11.44,16.99,0,0,17,2025,1,26,6,4,17.072186
2025-01-27,SKU_43,WH_5,SUP_4,South,454,14,249,0,11.44,16.99,0,0,17,2025,1,27,0,5,16.856209
2025-01-28,SKU_43,WH_5,SUP_4,South,454,14,249,0,11.44,16.99,0,0,17,2025,1,28,1,5,17.0151
2025-01-29,SKU_43,WH_5,SUP_4,South,454,14,249,0,11.44,16.99,0,0,17,2025,1,29,2,5,16.911043
2024-12-31,SKU_43,WH_4,SUP_5,South,606,7,320,0,18.32,30.65,0,0,18,2024,12,31,1,1,18.055494
2025-01-01,SKU_43,WH_4,SUP_5,South,606,7,320,0,18.32,30.65,0,0,18,2025,1,1,2,1,18.236944
2025-01-02,SKU_43,WH_4,SUP_5,South,606,7,320,0,18.32,30.65,0,0,18,2025,1,2,3,1,18.2614
2025-01-03,SKU_43,WH_4,SUP_5,South,606,7,320,0,18.32,30.65,0,0,18,2025,1,3,4,1,18.25709
2025-01-04,SKU_43,WH_4,SUP_5,South,606,7,320,0,18.32,30.65,0,0,18,2025,1,4,5,1,18.225983
2025-01-05,SKU_43,WH_4,SUP_5,South,606,7,320,0,18.32,30.65,0,0,18,2025,1,5,6,1,18.151741
2025-01-06,SKU_43,WH_4,SUP_5,South,606,7,320,0,18.32,30.65,0,0,18,2025,1,6,0,2,18.38844
2025-01-07,SKU_43,WH_4,SUP_5,South,606,7,320,0,18.32,30.65,0,0,18,2025,1,7,1,2,18.40844
2025-01-08,SKU_43,WH_4,SUP_5,South,606,7,320,0,18.32,30.65,0,0,18,2025,1,8,2,2,18.481497
2025-01-09,SKU_43,WH_4,SUP_5,South,606,7,320,0,18.32,30.65,0,0,18,2025,1,9,3,2,18.514563
2025-01-10,SKU_43,WH_4,SUP_5,South,606,7,320,0,18.32,30.65,0,0,18,2025,1,10,4,2,18.452751
2025-01-11,SKU_43,WH_4,SUP_5,South,606,7,320,0,18.32,30.65,0,0,18,2025,1,11,5,2,18.352375
2025-01-12,SKU_43,WH_4,SUP_5,South,606,7,320,0,18.32,30.65,0,0,18,2025,1,12,6,2,18.270182
2025-01-13,SKU_43,WH_4,SUP_5,South,606,7,320,0,18.32,30.65,0,0,18,2025,1,13,0,3,18.545582
2025-01-14,SKU_43,WH_4,SUP_5,South,606,7,320,0,18.32,30.65,0,0,18,2025,1,14,1,3,18.340086
2025-01-15,SKU_43,WH_4,SUP_5,South,606,7,320,0,18.32,30.65,0,0,18,2025,1,15,2,3,18.484896
2025-01-16,SKU_43,WH_4,SUP_5,South,606,7,320,0,18.32,30.65,0,0,18,2025,1,16,3,3,18.508913
2025-01-17,SKU_43,WH_4,SUP_5,South,606,7,320,0,18.32,30.65,0,0,18,2025,1,17,4,3,18.380995
2025-01-18,SKU_43,WH_4,SUP_5,South,606,7,320,0,18.32,30.65,0,0,18,2025,1,18,5,3,18.370228
2025-01-19,SKU_43,WH_4,SUP_5,South,606,7,320,0,18.32,30.65,0,0,18,2025,1,19,6,3,18.295988
2025-01-20,SKU_43,WH_4,SUP_5,South,606,7,320,0,18.32,30.65,0,0,18,2025,1,20,0,4,18.157295
2025-01-21,SKU_43,WH_4,SUP_5,South,606,7,320,0,18.32,30.65,0,0,18,2025,1,21,1,4,18.290283
2025-01-22,SKU_43,WH_4,SUP_5,South,606,7,320,0,18.32,30.65,0,0,18,2025,1,22,2,4,18.1986
2025-01-23,SKU_43,WH_4,SUP_5,South,606,7,320,0,18.32,30.65,0,0,18,2025,1,23,3,4,18.224329
2025-01-24,SKU_43,WH_4,SUP_5,South,606,7,320,0,18.32,30.65,0,0,18,2025,1,24,4,4,18.099888
2025-01-25,SKU_43,WH_4,SUP_5,South,606,7,320,0,18.32,30.65,0,0,18,2025,1,25,5,4,18.034761
2025-01-26,SKU_43,WH_4,SUP_5,South,606,7,320,0,18.32,30.65,0,0,18,2025,1,26,6,4,17.9539
2025-01-27,SKU_43,WH_4,SUP_5,South,606,7,320,0,18.32,30.65,0,0,18,2025,1,27,0,5,17.792397
2025-01-28,SKU_43,WH_4,SUP_5,South,606,7,320,0,18.32,30.65,0,0,18,2025,1,28,1,5,17.96396
2025-01-29,SKU_43,WH_4,SUP_5,South,606,7,320,0,18.32,30.65,0,0,18,2025,1,29,2,5,17.936897
2024-12-31,SKU_43,WH_3,SUP_4,East,385,7,378,0,16.22,20.24,0,0,14,2024,12,31,1,1,13.895127
2025-01-01,SKU_43,WH_3,SUP_4,East,385,7,378,0,16.22,20.24,0,0,14,2025,1,1,2,1,14.091667
2025-01-02,SKU_43,WH_3,SUP_4,East,385,7,378,0,16.22,20.24,0,0,14,2025,1,2,3,1,14.028297
2025-01-03,SKU_43,WH_3,SUP_4,East,385,7,378,0,16.22,20.24,0,0,14,2025,1,3,4,1,14.222356
2025-01-04,SKU_43,WH_3,SUP_4,East,385,7,378,0,16.22,20.24,0,0,14,2025,1,4,5,1,14.282526
2025-01-05,SKU_43,WH_3,SUP_4,East,385,7,378,0,16.22,20.24,0,0,14,2025,1,5,6,1,14.256101
2025-01-06,SKU_43,WH_3,SUP_4,East,385,7,378,0,16.22,20.24,0,0,14,2025,1,6,0,2,14.105078
2025-01-07,SKU_43,WH_3,SUP_4,East,385,7,378,0,16.22,20.24,0,0,14,2025,1,7,1,2,14.227006
2025-01-08,SKU_43,WH_3,SUP_4,East,385,7,378,0,16.22,20.24,0,0,14,2025,1,8,2,2,14.327522
2025-01-09,SKU_43,WH_3,SUP_4,East,385,7,378,0,16.22,20.24,0,0,14,2025,1,9,3,2,14.330079
2025-01-10,SKU_43,WH_3,SUP_4,East,385,7,378,0,16.22,20.24,0,0,14,2025,1,10,4,2,14.306052
2025-01-11,SKU_43,WH_3,SUP_4,East,385,7,378,0,16.22,20.24,0,0,14,2025,1,11,5,2,14.213604
2025-01-12,SKU_43,WH_3,SUP_4,East,385,7,378,0,16.22,20.24,0,0,14,2025,1,12,6,2,14.186106
2025-01-13,SKU_43,WH_3,SUP_4,East,385,7,378,0,16.22,20.24,0,0,14,2025,1,13,0,3,14.260673
2025-01-14,SKU_43,WH_3,SUP_4,East,385,7,378,0,16.22,20.24,0,0,14,2025,1,14,1,3,14.415673
2025-01-15,SKU_43,WH_3,SUP_4,East,385,7,378,0,16.22,20.24,0,0,14,2025,1,15,2,3,14.414426
2025-01-16,SKU_43,WH_3,SUP_4,East,385,7,378,0,16.22,20.24,0,0,14,2025,1,16,3,3,14.430213
2025-01-17,SKU_43,WH_3,SUP_4,East,385,7,378,0,16.22,20.24,0,0,14,2025,1,17,4,3,14.434789
2025-01-18,SKU_43,WH_3,SUP_4,East,385,7,378,0,16.22,20.24,0,0,14,2025,1,18,5,3,14.470769
2025-01-19,SKU_43,WH_3,SUP_4,East,385,7,378,0,16.22,20.24,0,0,14,2025,1,19,6,3,14.455154
2025-01-20,SKU_43,WH_3,SUP_4,East,385,7,378,0,16.22,20.24,0,0,14,2025,1,20,0,4,14.158077
2025-01-21,SKU_43,WH_3,SUP_4,East,385,7,378,0,16.22,20.24,0,0,14,2025,1,21,1,4,14.218813
2025-01-22,SKU_43,WH_3,SUP_4,East,385,7,378,0,16.22,20.24,0,0,14,2025,1,22,2,4,14.21408
2025-01-23,SKU_43,WH_3,SUP_4,East,385,7,378,0,16.22,20.24,0,0,14,2025,1,23,3,4,14.231578
2025-01-24,SKU_43,WH_3,SUP_4,East,385,7,378,0,16.22,20.24,0,0,14,2025,1,24,4,4,14.228498
2025-01-25,SKU_43,WH_3,SUP_4,East,385,7,378,0,16.22,20.24,0,0,14,2025,1,25,5,4,14.145667
2025-01-26,SKU_43,WH_3,SUP_4,East,385,7,378,0,16.22,20.24,0,0,14,2025,1,26,6,4,14.156952
2025-01-27,SKU_43,WH_3,SUP_4,East,385,7,378,0,16.22,20.24,0,0,14,2025,1,27,0,5,14.144723
2025-01-28,SKU_43,WH_3,SUP_4,East,385,7,378,0,16.22,20.24,0,0,14,2025,1,28,1,5,14.245988
2025-01-29,SKU_43,WH_3,SUP_4,East,385,7,378,0,16.22,20.24,0,0,14,2025,1,29,2,5,14.225822
2024-12-31,SKU_43,WH_2,SUP_7,West,526,12,354,0,7.2,11.34,0,0,20,2024,12,31,1,1,20.035679
2025-01-01,SKU_43,WH_2,SUP_7,West,526,12,354,0,7.2,11.34,0,0,20,2025,1,1,2,1,19.88262
2025-01-02,SKU_43,WH_2,SUP_7,West,526,12,354,0,7.2,11.34,0,0,20,2025,1,2,3,1,19.990902
2025-01-03,SKU_43,WH_2,SUP_7,West,526,12,354,0,7.2,11.34,0,0,20,2025,1,3,4,1,20.08215
2025-01-04,SKU_43,WH_2,SUP_7,West,526,12,354,0,7.2,11.34,0,0,20,2025,1,4,5,1,20.15502
2025-01-05,SKU_43,WH_2,SUP_7,West,526,12,354,0,7.2,11.34,0,0,20,2025,1,5,6,1,20.149328
2025-01-06,SKU_43,WH_2,SUP_7,West,526,12,354,0,7.2,11.34,0,0,20,2025,1,6,0,2,20.062708
2025-01-07,SKU_43,WH_2,SUP_7,West,526,12,354,0,7.2,11.34,0,0,20,2025,1,7,1,2,20.02904
2025-01-08,SKU_43,WH_2,SUP_7,West,526,12,354,0,7.2,11.34,0,0,20,2025,1,8,2,2,20.122803
2025-01-09,SKU_43,WH_2,SUP_7,West,526,12,354,0,7.2,11.34,0,0,20,2025,1,9,3,2,20.122904
2025-01-10,SKU_43,WH_2,SUP_7,West,526,12,354,0,7.2,11.34,0,0,20,2025,1,10,4,2,20.15439
2025-01-11,SKU_43,WH_2,SUP_7,West,526,12,354,0,7.2,11.34,0,0,20,2025,1,11,5,2,20.165592
2025-01-12,SKU_43,WH_2,SUP_7,West,526,12,354,0,7.2,11.34,0,0,20,2025,1,12,6,2,20.151947
2025-01-13,SKU_43,WH_2,SUP_7,West,526,12,354,0,7.2,11.34,0,0,20,2025,1,13,0,3,20.225088
2025-01-14,SKU_43,WH_2,SUP_7,West,526,12,354,0,7.2,11.34,0,0,20,2025,1,14,1,3,20.269693
2025-01-15,SKU_43,WH_2,SUP_7,West,526,12,354,0,7.2,11.34,0,0,20,2025,1,15,2,3,20.268879
2025-01-16,SKU_43,WH_2,SUP_7,West,526,12,354,0,7.2,11.34,0,0,20,2025,1,16,3,3,20.266788
2025-01-17,SKU_43,WH_2,SUP_7,West,526,12,354,0,7.2,11.34,0,0,20,2025,1,17,4,3,20.207699
2025-01-18,SKU_43,WH_2,SUP_7,West,526,12,354,0,7.2,11.34,0,0,20,2025,1,18,5,3,20.374462
2025-01-19,SKU_43,WH_2,SUP_7,West,526,12,354,0,7.2,11.34,0,0,20,2025,1,19,6,3,20.395596
2025-01-20,SKU_43,WH_2,SUP_7,West,526,12,354,0,7.2,11.34,0,0,20,2025,1,20,0,4,20.13997
2025-01-21,SKU_43,WH_2,SUP_7,West,526,12,354,0,7.2,11.34,0,0,20,2025,1,21,1,4,20.221172
2025-01-22,SKU_43,WH_2,SUP_7,West,526,12,354,0,7.2,11.34,0,0,20,2025,1,22,2,4,20.207096
2025-01-23,SKU_43,WH_2,SUP_7,West,526,12,354,0,7.2,11.34,0,0,20,2025,1,23,3,4,20.206717
2025-01-24,SKU_43,WH_2,SUP_7,West,526,12,354,0,7.2,11.34,0,0,20,2025,1,24,4,4,20.217539
2025-01-25,SKU_43,WH_2,SUP_7,West,526,12,354,0,7.2,11.34,0,0,20,2025,1,25,5,4,20.271912
2025-01-26,SKU_43,WH_2,SUP_7,West,526,12,354,0,7.2,11.34,0,0,20,2025,1,26,6,4,20.318462
2025-01-27,SKU_43,WH_2,SUP_7,West,526,12,354,0,7.2,11.34,0,0,20,2025,1,27,0,5,19.766033
2025-01-28,SKU_43,WH_2,SUP_7,West,526,12,354,0,7.2,11.34,0,0,20,2025,1,28,1,5,19.883875
2025-01-29,SKU_43,WH_2,SUP_7,West,526,12,354,0,7.2,11.34,0,0,20,2025,1,29,2,5,19.849459
2024-12-31,SKU_43,WH_1,SUP_2,North,414,12,331,0,7.29,8.87,0,0,15,2024,12,31,1,1,14.656919
2025-01-01,SKU_43,WH_1,SUP_2,North,414,12,331,0,7.29,8.87,0,0,15,2025,1,1,2,1,15.125253
2025-01-02,SKU_43,WH_1,SUP_2,North,414,12,331,0,7.29,8.87,0,0,15,2025,1,2,3,1,15.073114
2025-01-03,SKU_43,WH_1,SUP_2,North,414,12,331,0,7.29,8.87,0,0,15,2025,1,3,4,1,15.235318
2025-01-04,SKU_43,WH_1,SUP_2,North,414,12,331,0,7.29,8.87,0,0,15,2025,1,4,5,1,15.340316
2025-01-05,SKU_43,WH_1,SUP_2,North,414,12,331,0,7.29,8.87,0,0,15,2025,1,5,6,1,15.305006
2025-01-06,SKU_43,WH_1,SUP_2,North,414,12,331,0,7.29,8.87,0,0,15,2025,1,6,0,2,15.188495
2025-01-07,SKU_43,WH_1,SUP_2,North,414,12,331,0,7.29,8.87,0,0,15,2025,1,7,1,2,15.087509
2025-01-08,SKU_43,WH_1,SUP_2,North,414,12,331,0,7.29,8.87,0,0,15,2025,1,8,2,2,15.171705
2025-01-09,SKU_43,WH_1,SUP_2,North,414,12,331,0,7.29,8.87,0,0,15,2025,1,9,3,2,15.245715
2025-01-10,SKU_43,WH_1,SUP_2,North,414,12,331,0,7.29,8.87,0,0,15,2025,1,10,4,2,15.304311
2025-01-11,SKU_43,WH_1,SUP_2,North,414,12,331,0,7.29,8.87,0,0,15,2025,1,11,5,2,15.317362
2025-01-12,SKU_43,WH_1,SUP_2,North,414,12,331,0,7.29,8.87,0,0,15,2025,1,12,6,2,15.261315
2025-01-13,SKU_43,WH_1,SUP_2,North,414,12,331,0,7.29,8.87,0,0,15,2025,1,13,0,3,15.205427
2025-01-14,SKU_43,WH_1,SUP_2,North,414,12,331,0,7.29,8.87,0,0,15,2025,1,14,1,3,15.213853
2025-01-15,SKU_43,WH_1,SUP_2,North,414,12,331,0,7.29,8.87,0,0,15,2025,1,15,2,3,15.203473
2025-01-16,SKU_43,WH_1,SUP_2,North,414,12,331,0,7.29,8.87,0,0,15,2025,1,16,3,3,15.290082
2025-01-17,SKU_43,WH_1,SUP_2,North,414,12,331,0,7.29,8.87,0,0,15,2025,1,17,4,3,15.28074
2025-01-18,SKU_43,WH_1,SUP_2,North,414,12,331,0,7.29,8.87,0,0,15,2025,1,18,5,3,15.430625
2025-01-19,SKU_43,WH_1,SUP_2,North,414,12,331,0,7.29,8.87,0,0,15,2025,1,19,6,3,15.42214
2025-01-20,SKU_43,WH_1,SUP_2,North,414,12,331,0,7.29,8.87,0,0,15,2025,1,20,0,4,15.161883
2025-01-21,SKU_43,WH_1,SUP_2,North,414,12,331,0,7.29,8.87,0,0,15,2025,1,21,1,4,15.131234
2025-01-22,SKU_43,WH_1,SUP_2,North,414,12,331,0,7.29,8.87,0,0,15,2025,1,22,2,4,15.107593
2025-01-23,SKU_43,WH_1,SUP_2,North,414,12,331,0,7.29,8.87,0,0,15,2025,1,23,3,4,15.212545
2025-01-24,SKU_43,WH_1,SUP_2,North,414,12,331,0,7.29,8.87,0,0,15,2025,1,24,4,4,15.194204
2025-01-25,SKU_43,WH_1,SUP_2,North,414,12,331,0,7.29,8.87,0,0,15,2025,1,25,5,4,15.251105
2025-01-26,SKU_43,WH_1,SUP_2,North,414,12,331,0,7.29,8.87,0,0,15,2025,1,26,6,4,15.300506
2025-01-27,SKU_43,WH_1,SUP_2,North,414,12,331,0,7.29,8.87,0,0,15,2025,1,27,0,5,15.159339
2025-01-28,SKU_43,WH_1,SUP_2,North,414,12,331,0,7.29,8.87,0,0,15,2025,1,28,1,5,15.171862
2025-01-29,SKU_43,WH_1,SUP_2,North,414,12,331,0,7.29,8.87,0,0,15,2025,1,29,2,5,15.076129
2024-12-31,SKU_42,WH_5,SUP_4,South,316,6,292,0,11.32,14.35,0,0,10,2024,12,31,1,1,10.394559
2025-01-01,SKU_42,WH_5,SUP_4,South,316,6,292,0,11.32,14.35,0,0,10,2025,1,1,2,1,10.138741
2025-01-02,SKU_42,WH_5,SUP_4,South,316,6,292,0,11.32,14.35,0,0,10,2025,1,2,3,1,10.009853
2025-01-03,SKU_42,WH_5,SUP_4,South,316,6,292,0,11.32,14.35,0,0,10,2025,1,3,4,1,10.134805
2025-01-04,SKU_42,WH_5,SUP_4,South,316,6,292,0,11.32,14.35,0,0,10,2025,1,4,5,1,10.271452
2025-01-05,SKU_42,WH_5,SUP_4,South,316,6,292,0,11.32,14.35,0,0,10,2025,1,5,6,1,9.954789
2025-01-06,SKU_42,WH_5,SUP_4,South,316,6,292,0,11.32,14.35,0,0,10,2025,1,6,0,2,10.293874
2025-01-07,SKU_42,WH_5,SUP_4,South,316,6,292,0,11.32,14.35,0,0,10,2025,1,7,1,2,10.296337
2025-01-08,SKU_42,WH_5,SUP_4,South,316,6,292,0,11.32,14.35,0,0,10,2025,1,8,2,2,10.353089
2025-01-09,SKU_42,WH_5,SUP_4,South,316,6,292,0,11.32,14.35,0,0,10,2025,1,9,3,2,10.332587
2025-01-10,SKU_42,WH_5,SUP_4,South,316,6,292,0,11.32,14.35,0,0,10,2025,1,10,4,2,10.316929
2025-01-11,SKU_42,WH_5,SUP_4,South,316,6,292,0,11.32,14.35,0,0,10,2025,1,11,5,2,10.294932
2025-01-12,SKU_42,WH_5,SUP_4,South,316,6,292,0,11.32,14.35,0,0,10,2025,1,12,6,2,9.947845
2025-01-13,SKU_42,WH_5,SUP_4,South,316,6,292,0,11.32,14.35,0,0,10,2025,1,13,0,3,10.39269
2025-01-14,SKU_42,WH_5,SUP_4,South,316,6,292,0,11.32,14.35,0,0,10,2025,1,14,1,3,10.478729
2025-01-15,SKU_42,WH_5,SUP_4,South,316,6,292,0,11.32,14.35,0,0,10,2025,1,15,2,3,10.439166
2025-01-16,SKU_42,WH_5,SUP_4,South,316,6,292,0,11.32,14.35,0,0,10,2025,1,16,3,3,10.451471
2025-01-17,SKU_42,WH_5,SUP_4,South,316,6,292,0,11.32,14.35,0,0,10,2025,1,17,4,3,10.3723755
2025-01-18,SKU_42,WH_5,SUP_4,South,316,6,292,0,11.32,14.35,0,0,10,2025,1,18,5,3,10.496029
2025-01-19,SKU_42,WH_5,SUP_4,South,316,6,292,0,11.32,14.35,0,0,10,2025,1,19,6,3,10.285179
2025-01-20,SKU_42,WH_5,SUP_4,South,316,6,292,0,11.32,14.35,0,0,10,2025,1,20,0,4,10.619744
2025-01-21,SKU_42,WH_5,SUP_4,South,316,6,292,0,11.32,14.35,0,0,10,2025,1,21,1,4,10.61664
2025-01-22,SKU_42,WH_5,SUP_4,South,316,6,292,0,11.32,14.35,0,0,10,2025,1,22,2,4,10.5599165
2025-01-23,SKU_42,WH_5,SUP_4,South,316,6,292,0,11.32,14.35,0,0,10,2025,1,23,3,4,10.573933
2025-01-24,SKU_42,WH_5,SUP_4,South,316,6,292,0,11.32,14.35,0,0,10,2025,1,24,4,4,10.571194
2025-01-25,SKU_42,WH_5,SUP_4,South,316,6,292,0,11.32,14.35,0,0,10,2025,1,25,5,4,10.638743
2025-01-26,SKU_42,WH_5,SUP_4,South,316,6,292,0,11.32,14.35,0,0,10,2025,1,26,6,4,10.516259
2025-01-27,SKU_42,WH_5,SUP_4,South,316,6,292,0,11.32,14.35,0,0,10,2025,1,27,0,5,10.829832
2025-01-28,SKU_42,WH_5,SUP_4,South,316,6,292,0,11.32,14.35,0,0,10,2025,1,28,1,5,10.853737
2025-01-29,SKU_42,WH_5,SUP_4,South,316,6,292,0,11.32,14.35,0,0,10,2025,1,29,2,5,10.807685
2024-12-31,SKU_42,WH_4,SUP_7,South,519,10,381,0,7.49,12.49,0,0,24,2024,12,31,1,1,23.49418
2025-01-01,SKU_42,WH_4,SUP_7,South,519,10,381,0,7.49,12.49,0,0,24,2025,1,1,2,1,23.736115
2025-01-02,SKU_42,WH_4,SUP_7,South,519,10,381,0,7.49,12.49,0,0,24,2025,1,2,3,1,23.685406
2025-01-03,SKU_42,WH_4,SUP_7,South,519,10,381,0,7.49,12.49,0,0,24,2025,1,3,4,1,23.75664
2025-01-04,SKU_42,WH_4,SUP_7,South,519,10,381,0,7.49,12.49,0,0,24,2025,1,4,5,1,23.855305
2025-01-05,SKU_42,WH_4,SUP_7,South,519,10,381,0,7.49,12.49,0,0,24,2025,1,5,6,1,23.69242
2025-01-06,SKU_42,WH_4,SUP_7,South,519,10,381,0,7.49,12.49,0,0,24,2025,1,6,0,2,23.829561
2025-01-07,SKU_42,WH_4,SUP_7,South,519,10,381,0,7.49,12.49,0,0,24,2025,1,7,1,2,23.787561
2025-01-08,SKU_42,WH_4,SUP_7,South,519,10,381,0,7.49,12.49,0,0,24,2025,1,8,2,2,23.891975
2025-01-09,SKU_42,WH_4,SUP_7,South,519,10,381,0,7.49,12.49,0,0,24,2025,1,9,3,2,23.892076
2025-01-10,SKU_42,WH_4,SUP_7,South,519,10,381,0,7.49,12.49,0,0,24,2025,1,10,4,2,23.924835
2025-01-11,SKU_42,WH_4,SUP_7,South,519,10,381,0,7.49,12.49,0,0,24,2025,1,11,5,2,23.909946
2025-01-12,SKU_42,WH_4,SUP_7,South,519,10,381,0,7.49,12.49,0,0,24,2025,1,12,6,2,23.739107
2025-01-13,SKU_42,WH_4,SUP_7,South,519,10,381,0,7.49,12.49,0,0,24,2025,1,13,0,3,24.001226
2025-01-14,SKU_42,WH_4,SUP_7,South,519,10,381,0,7.49,12.49,0,0,24,2025,1,14,1,3,24.0171
2025-01-15,SKU_42,WH_4,SUP_7,South,519,10,381,0,7.49,12.49,0,0,24,2025,1,15,2,3,24.005863
2025-01-16,SKU_42,WH_4,SUP_7,South,519,10,381,0,7.49,12.49,0,0,24,2025,1,16,3,3,24.003773
2025-01-17,SKU_42,WH_4,SUP_7,South,519,10,381,0,7.49,12.49,0,0,24,2025,1,17,4,3,23.983088
2025-01-18,SKU_42,WH_4,SUP_7,South,519,10,381,0,7.49,12.49,0,0,24,2025,1,18,5,3,24.145638
2025-01-19,SKU_42,WH_4,SUP_7,South,519,10,381,0,7.49,12.49,0,0,24,2025,1,19,6,3,23.989784
2025-01-20,SKU_42,WH_4,SUP_7,South,519,10,381,0,7.49,12.49,0,0,24,2025,1,20,0,4,23.992205
2025-01-21,SKU_42,WH_4,SUP_7,South,519,10,381,0,7.49,12.49,0,0,24,2025,1,21,1,4,23.977303
2025-01-22,SKU_42,WH_4,SUP_7,South,519,10,381,0,7.49,12.49,0,0,24,2025,1,22,2,4,23.965967
2025-01-23,SKU_42,WH_4,SUP_7,South,519,10,381,0,7.49,12.49,0,0,24,2025,1,23,3,4,23.965588
2025-01-24,SKU_42,WH_4,SUP_7,South,519,10,381,0,7.49,12.49,0,0,24,2025,1,24,4,4,23.980791
2025-01-25,SKU_42,WH_4,SUP_7,South,519,10,381,0,7.49,12.49,0,0,24,2025,1,25,5,4,24.009073
2025-01-26,SKU_42,WH_4,SUP_7,South,519,10,381,0,7.49,12.49,0,0,24,2025,1,26,6,4,24.01077
2025-01-27,SKU_42,WH_4,SUP_7,South,519,10,381,0,7.49,12.49,0,0,24,2025,1,27,0,5,23.955101
2025-01-28,SKU_42,WH_4,SUP_7,South,519,10,381,0,7.49,12.49,0,0,24,2025,1,28,1,5,23.953846
2025-01-29,SKU_42,WH_4,SUP_7,South,519,10,381,0,7.49,12.49,0,0,24,2025,1,29,2,5,23.948164
2024-12-31,SKU_42,WH_3,SUP_2,West,630,12,367,0,11.35,15.91,0,0,16,2024,12,31,1,1,15.686987
2025-01-01,SKU_42,WH_3,SUP_2,West,630,12,367,0,11.35,15.91,0,0,16,2025,1,1,2,1,15.883093
2025-01-02,SKU_42,WH_3,SUP_2,West,630,12,367,0,11.35,15.91,0,0,16,2025,1,2,3,1,15.876415
2025-01-03,SKU_42,WH_3,SUP_2,West,630,12,367,0,11.35,15.91,0,0,16,2025,1,3,4,1,15.932438
2025-01-04,SKU_42,WH_3,SUP_2,West,630,12,367,0,11.35,15.91,0,0,16,2025,1,4,5,1,16.157469
2025-01-05,SKU_42,WH_3,SUP_2,West,630,12,367,0,11.35,15.91,0,0,16,2025,1,5,6,1,15.940842
2025-01-06,SKU_42,WH_3,SUP_2,West,630,12,367,0,11.35,15.91,0,0,16,2025,1,6,0,2,16.003223
2025-01-07,SKU_42,WH_3,SUP_2,West,630,12,367,0,11.35,15.91,0,0,16,2025,1,7,1,2,15.945076
2025-01-08,SKU_42,WH_3,SUP_2,West,630,12,367,0,11.35,15.91,0,0,16,2025,1,8,2,2,16.042442
2025-01-09,SKU_42,WH_3,SUP_2,West,630,12,367,0,11.35,15.91,0,0,16,2025,1,9,3,2,16.053862
2025-01-10,SKU_42,WH_3,SUP_2,West,630,12,367,0,11.35,15.91,0,0,16,2025,1,10,4,2,16.085348
2025-01-11,SKU_42,WH_3,SUP_2,West,630,12,367,0,11.35,15.91,0,0,16,2025,1,11,5,2,16.16413
2025-01-12,SKU_42,WH_3,SUP_2,West,630,12,367,0,11.35,15.91,0,0,16,2025,1,12,6,2,15.939545
2025-01-13,SKU_42,WH_3,SUP_2,West,630,12,367,0,11.35,15.91,0,0,16,2025,1,13,0,3,15.938336
2025-01-14,SKU_42,WH_3,SUP_2,West,630,12,367,0,11.35,15.91,0,0,16,2025,1,14,1,3,15.978988
2025-01-15,SKU_42,WH_3,SUP_2,West,630,12,367,0,11.35,15.91,0,0,16,2025,1,15,2,3,15.948622
2025-01-16,SKU_42,WH_3,SUP_2,West,630,12,367,0,11.35,15.91,0,0,16,2025,1,16,3,3,15.972638
2025-01-17,SKU_42,WH_3,SUP_2,West,630,12,367,0,11.35,15.91,0,0,16,2025,1,17,4,3,15.927786
2025-01-18,SKU_42,WH_3,SUP_2,West,630,12,367,0,11.35,15.91,0,0,16,2025,1,18,5,3,16.135628
2025-01-19,SKU_42,WH_3,SUP_2,West,630,12,367,0,11.35,15.91,0,0,16,2025,1,19,6,3,15.938789
2025-01-20,SKU_42,WH_3,SUP_2,West,630,12,367,0,11.35,15.91,0,0,16,2025,1,20,0,4,15.791784
2025-01-21,SKU_42,WH_3,SUP_2,West,630,12,367,0,11.35,15.91,0,0,16,2025,1,21,1,4,15.781947
2025-01-22,SKU_42,WH_3,SUP_2,West,630,12,367,0,11.35,15.91,0,0,16,2025,1,22,2,4,15.770198
2025-01-23,SKU_42,WH_3,SUP_2,West,630,12,367,0,11.35,15.91,0,0,16,2025,1,23,3,4,15.815294
2025-01-24,SKU_42,WH_3,SUP_2,West,630,12,367,0,11.35,15.91,0,0,16,2025,1,24,4,4,15.813942
2025-01-25,SKU_42,WH_3,SUP_2,West,630,12,367,0,11.35,15.91,0,0,16,2025,1,25,5,4,15.938601
2025-01-26,SKU_42,WH_3,SUP_2,West,630,12,367,0,11.35,15.91,0,0,16,2025,1,26,6,4,15.935499
2025-01-27,SKU_42,WH_3,SUP_2,West,630,12,367,0,11.35,15.91,0,0,16,2025,1,27,0,5,15.812078
2025-01-28,SKU_42,WH_3,SUP_2,West,630,12,367,0,11.35,15.91,0,0,16,2025,1,28,1,5,15.826557
2025-01-29,SKU_42,WH_3,SUP_2,West,630,12,367,0,11.35,15.91,0,0,16,2025,1,29,2,5,15.791877
2024-12-31,SKU_42,WH_2,SUP_5,North,736,5,336,0,5.49,7.37,0,0,19,2024,12,31,1,1,18.291092
2025-01-01,SKU_42,WH_2,SUP_5,North,736,5,336,0,5.49,7.37,0,0,19,2025,1,1,2,1,18.95355
2025-01-02,SKU_42,WH_2,SUP_5,North,736,5,336,0,5.49,7.37,0,0,19,2025,1,2,3,1,18.812471
2025-01-03,SKU_42,WH_2,SUP_5,North,736,5,336,0,5.49,7.37,0,0,19,2025,1,3,4,1,18.862688
2025-01-04,SKU_42,WH_2,SUP_5,North,736,5,336,0,5.49,7.37,0,0,19,2025,1,4,5,1,18.6497
2025-01-05,SKU_42,WH_2,SUP_5,North,736,5,336,0,5.49,7.37,0,0,19,2025,1,5,6,1,18.341068
2025-01-06,SKU_42,WH_2,SUP_5,North,736,5,336,0,5.49,7.37,0,0,19,2025,1,6,0,2,18.837975
2025-01-07,SKU_42,WH_2,SUP_5,North,736,5,336,0,5.49,7.37,0,0,19,2025,1,7,1,2,18.822113
2025-01-08,SKU_42,WH_2,SUP_5,North,736,5,336,0,5.49,7.37,0,0,19,2025,1,8,2,2,18.982515
2025-01-09,SKU_42,WH_2,SUP_5,North,736,5,336,0,5.49,7.37,0,0,19,2025,1,9,3,2,19.028114
2025-01-10,SKU_42,WH_2,SUP_5,North,736,5,336,0,5.49,7.37,0,0,19,2025,1,10,4,2,19.060787
2025-01-11,SKU_42,WH_2,SUP_5,North,736,5,336,0,5.49,7.37,0,0,19,2025,1,11,5,2,18.933027
2025-01-12,SKU_42,WH_2,SUP_5,North,736,5,336,0,5.49,7.37,0,0,19,2025,1,12,6,2,18.71314
2025-01-13,SKU_42,WH_2,SUP_5,North,736,5,336,0,5.49,7.37,0,0,19,2025,1,13,0,3,19.17828
2025-01-14,SKU_42,WH_2,SUP_5,North,736,5,336,0,5.49,7.37,0,0,19,2025,1,14,1,3,19.125015
2025-01-15,SKU_42,WH_2,SUP_5,North,736,5,336,0,5.49,7.37,0,0,19,2025,1,15,2,3,19.154118
2025-01-16,SKU_42,WH_2,SUP_5,North,736,5,336,0,5.49,7.37,0,0,19,2025,1,16,3,3,19.180897
2025-01-17,SKU_42,WH_2,SUP_5,North,736,5,336,0,5.49,7.37,0,0,19,2025,1,17,4,3,19.133085
2025-01-18,SKU_42,WH_2,SUP_5,North,736,5,336,0,5.49,7.37,0,0,19,2025,1,18,5,3,19.047586
2025-01-19,SKU_42,WH_2,SUP_5,North,736,5,336,0,5.49,7.37,0,0,19,2025,1,19,6,3,18.839432
2025-01-20,SKU_42,WH_2,SUP_5,North,736,5,336,0,5.49,7.37,0,0,19,2025,1,20,0,4,18.971415
2025-01-21,SKU_42,WH_2,SUP_5,North,736,5,336,0,5.49,7.37,0,0,19,2025,1,21,1,4,18.910288
2025-01-22,SKU_42,WH_2,SUP_5,North,736,5,336,0,5.49,7.37,0,0,19,2025,1,22,2,4,18.909573
2025-01-23,SKU_42,WH_2,SUP_5,North,736,5,336,0,5.49,7.37,0,0,19,2025,1,23,3,4,18.9353
2025-01-24,SKU_42,WH_2,SUP_5,North,736,5,336,0,5.49,7.37,0,0,19,2025,1,24,4,4,18.869198
2025-01-25,SKU_42,WH_2,SUP_5,North,736,5,336,0,5.49,7.37,0,0,19,2025,1,25,5,4,18.73456
2025-01-26,SKU_42,WH_2,SUP_5,North,736,5,336,0,5.49,7.37,0,0,19,2025,1,26,6,4,18.706745
2025-01-27,SKU_42,WH_2,SUP_5,North,736,5,336,0,5.49,7.37,0,0,19,2025,1,27,0,5,18.467749
2025-01-28,SKU_42,WH_2,SUP_5,North,736,5,336,0,5.49,7.37,0,0,19,2025,1,28,1,5,18.406952
2025-01-29,SKU_42,WH_2,SUP_5,North,736,5,336,0,5.49,7.37,0,0,19,2025,1,29,2,5,18.41448
2024-12-31,SKU_42,WH_1,SUP_3,West,191,9,204,0,15.17,24.1,0,0,15,2024,12,31,1,1,13.973513
2025-01-01,SKU_42,WH_1,SUP_3,West,191,9,204,0,15.17,24.1,0,0,15,2025,1,1,2,1,15.165835
2025-01-02,SKU_42,WH_1,SUP_3,West,191,9,204,0,15.17,24.1,0,0,15,2025,1,2,3,1,15.288636
2025-01-03,SKU_42,WH_1,SUP_3,West,191,9,204,0,15.17,24.1,0,0,15,2025,1,3,4,1,15.320967
2025-01-04,SKU_42,WH_1,SUP_3,West,191,9,204,0,15.17,24.1,0,0,15,2025,1,4,5,1,15.401442
2025-01-05,SKU_42,WH_1,SUP_3,West,191,9,204,0,15.17,24.1,0,0,15,2025,1,5,6,1,15.0957365
2025-01-06,SKU_42,WH_1,SUP_3,West,191,9,204,0,15.17,24.1,0,0,15,2025,1,6,0,2,15.06243
2025-01-07,SKU_42,WH_1,SUP_3,West,191,9,204,0,15.17,24.1,0,0,15,2025,1,7,1,2,15.27679
2025-01-08,SKU_42,WH_1,SUP_3,West,191,9,204,0,15.17,24.1,0,0,15,2025,1,8,2,2,15.569864
2025-01-09,SKU_42,WH_1,SUP_3,West,191,9,204,0,15.17,24.1,0,0,15,2025,1,9,3,2,15.599693
2025-01-10,SKU_42,WH_1,SUP_3,West,191,9,204,0,15.17,24.1,0,0,15,2025,1,10,4,2,15.262963
2025-01-11,SKU_42,WH_1,SUP_3,West,191,9,204,0,15.17,24.1,0,0,15,2025,1,11,5,2,15.187583
2025-01-12,SKU_42,WH_1,SUP_3,West,191,9,204,0,15.17,24.1,0,0,15,2025,1,12,6,2,14.869631
2025-01-13,SKU_42,WH_1,SUP_3,West,191,9,204,0,15.17,24.1,0,0,15,2025,1,13,0,3,14.562278
2025-01-14,SKU_42,WH_1,SUP_3,West,191,9,204,0,15.17,24.1,0,0,15,2025,1,14,1,3,14.906138
2025-01-15,SKU_42,WH_1,SUP_3,West,191,9,204,0,15.17,24.1,0,0,15,2025,1,15,2,3,14.9648075
2025-01-16,SKU_42,WH_1,SUP_3,West,191,9,204,0,15.17,24.1,0,0,15,2025,1,16,3,3,15.041786
2025-01-17,SKU_42,WH_1,SUP_3,West,191,9,204,0,15.17,24.1,0,0,15,2025,1,17,4,3,14.926706
2025-01-18,SKU_42,WH_1,SUP_3,West,191,9,204,0,15.17,24.1,0,0,15,2025,1,18,5,3,15.010651
2025-01-19,SKU_42,WH_1,SUP_3,West,191,9,204,0,15.17,24.1,0,0,15,2025,1,19,6,3,14.711979
2025-01-20,SKU_42,WH_1,SUP_3,West,191,9,204,0,15.17,24.1,0,0,15,2025,1,20,0,4,14.879997
2025-01-21,SKU_42,WH_1,SUP_3,West,191,9,204,0,15.17,24.1,0,0,15,2025,1,21,1,4,14.879967
2025-01-22,SKU_42,WH_1,SUP_3,West,191,9,204,0,15.17,24.1,0,0,15,2025,1,22,2,4,14.982708
2025-01-23,SKU_42,WH_1,SUP_3,West,191,9,204,0,15.17,24.1,0,0,15,2025,1,23,3,4,14.90217
2025-01-24,SKU_42,WH_1,SUP_3,West,191,9,204,0,15.17,24.1,0,0,15,2025,1,24,4,4,14.862553
2025-01-25,SKU_42,WH_1,SUP_3,West,191,9,204,0,15.17,24.1,0,0,15,2025,1,25,5,4,14.822419
2025-01-26,SKU_42,WH_1,SUP_3,West,191,9,204,0,15.17,24.1,0,0,15,2025,1,26,6,4,14.765701
2025-01-27,SKU_42,WH_1,SUP_3,West,191,9,204,0,15.17,24.1,0,0,15,2025,1,27,0,5,14.712395
2025-01-28,SKU_42,WH_1,SUP_3,West,191,9,204,0,15.17,24.1,0,0,15,2025,1,28,1,5,14.831082
2025-01-29,SKU_42,WH_1,SUP_3,West,191,9,204,0,15.17,24.1,0,0,15,2025,1,29,2,5,14.819433
2024-12-31,SKU_41,WH_5,SUP_1,North,564,4,366,0,10.01,13.25,0,0,8,2024,12,31,1,1,7.75892
2025-01-01,SKU_41,WH_5,SUP_1,North,564,4,366,0,10.01,13.25,0,0,8,2025,1,1,2,1,8.652406
2025-01-02,SKU_41,WH_5,SUP_1,North,564,4,366,0,10.01,13.25,0,0,8,2025,1,2,3,1,8.425215
2025-01-03,SKU_41,WH_5,SUP_1,North,564,4,366,0,10.01,13.25,0,0,8,2025,1,3,4,1,8.493356
2025-01-04,SKU_41,WH_5,SUP_1,North,564,4,366,0,10.01,13.25,0,0,8,2025,1,4,5,1,8.55242
2025-01-05,SKU_41,WH_5,SUP_1,North,564,4,366,0,10.01,13.25,0,0,8,2025,1,5,6,1,8.482701
2025-01-06,SKU_41,WH_5,SUP_1,North,564,4,366,0,10.01,13.25,0,0,8,2025,1,6,0,2,8.601422
2025-01-07,SKU_41,WH_5,SUP_1,North,564,4,366,0,10.01,13.25,0,0,8,2025,1,7,1,2,8.630461
2025-01-08,SKU_41,WH_5,SUP_1,North,564,4,366,0,10.01,13.25,0,0,8,2025,1,8,2,2,8.688772
2025-01-09,SKU_41,WH_5,SUP_1,North,564,4,366,0,10.01,13.25,0,0,8,2025,1,9,3,2,8.661326
2025-01-10,SKU_41,WH_5,SUP_1,North,564,4,366,0,10.01,13.25,0,0,8,2025,1,10,4,2,8.772149
2025-01-11,SKU_41,WH_5,SUP_1,North,564,4,366,0,10.01,13.25,0,0,8,2025,1,11,5,2,8.759037
2025-01-12,SKU_41,WH_5,SUP_1,North,564,4,366,0,10.01,13.25,0,0,8,2025,1,12,6,2,8.681365
2025-01-13,SKU_41,WH_5,SUP_1,North,564,4,366,0,10.01,13.25,0,0,8,2025,1,13,0,3,8.80956
2025-01-14,SKU_41,WH_5,SUP_1,North,564,4,366,0,10.01,13.25,0,0,8,2025,1,14,1,3,8.835398
2025-01-15,SKU_41,WH_5,SUP_1,North,564,4,366,0,10.01,13.25,0,0,8,2025,1,15,2,3,8.801642
2025-01-16,SKU_41,WH_5,SUP_1,North,564,4,366,0,10.01,13.25,0,0,8,2025,1,16,3,3,8.799551
2025-01-17,SKU_41,WH_5,SUP_1,North,564,4,366,0,10.01,13.25,0,0,8,2025,1,17,4,3,8.800128
2025-01-18,SKU_41,WH_5,SUP_1,North,564,4,366,0,10.01,13.25,0,0,8,2025,1,18,5,3,8.915038
2025-01-19,SKU_41,WH_5,SUP_1,North,564,4,366,0,10.01,13.25,0,0,8,2025,1,19,6,3,8.888815
2025-01-20,SKU_41,WH_5,SUP_1,North,564,4,366,0,10.01,13.25,0,0,8,2025,1,20,0,4,8.900159
2025-01-21,SKU_41,WH_5,SUP_1,North,564,4,366,0,10.01,13.25,0,0,8,2025,1,21,1,4,8.914044
2025-01-22,SKU_41,WH_5,SUP_1,North,564,4,366,0,10.01,13.25,0,0,8,2025,1,22,2,4,8.885899
2025-01-23,SKU_41,WH_5,SUP_1,North,564,4,366,0,10.01,13.25,0,0,8,2025,1,23,3,4,8.885518
2025-01-24,SKU_41,WH_5,SUP_1,North,564,4,366,0,10.01,13.25,0,0,8,2025,1,24,4,4,8.914279
2025-01-25,SKU_41,WH_5,SUP_1,North,564,4,366,0,10.01,13.25,0,0,8,2025,1,25,5,4,8.947042
2025-01-26,SKU_41,WH_5,SUP_1,North,564,4,366,0,10.01,13.25,0,0,8,2025,1,26,6,4,9.131634
2025-01-27,SKU_41,WH_5,SUP_1,North,564,4,366,0,10.01,13.25,0,0,8,2025,1,27,0,5,9.286551
2025-01-28,SKU_41,WH_5,SUP_1,North,564,4,366,0,10.01,13.25,0,0,8,2025,1,28,1,5,9.343919
2025-01-29,SKU_41,WH_5,SUP_1,North,564,4,366,0,10.01,13.25,0,0,8,2025,1,29,2,5,9.2133875
2024-12-31,SKU_41,WH_4,SUP_3,East,553,13,384,209,6.89,10.79,0,0,20,2024,12,31,1,1,19.120775
2025-01-01,SKU_41,WH_4,SUP_3,East,553,13,384,209,6.89,10.79,0,0,20,2025,1,1,2,1,19.744114
2025-01-02,SKU_41,WH_4,SUP_3,East,553,13,384,209,6.89,10.79,0,0,20,2025,1,2,3,1,19.676363
2025-01-03,SKU_41,WH_4,SUP_3,East,553,13,384,209,6.89,10.79,0,0,20,2025,1,3,4,1,19.580013
2025-01-04,SKU_41,WH_4,SUP_3,East,553,13,384,209,6.89,10.79,0,0,20,2025,1,4,5,1,19.65054
2025-01-05,SKU_41,WH_4,SUP_3,East,553,13,384,209,6.89,10.79,0,0,20,2025,1,5,6,1,19.652155
2025-01-06,SKU_41,WH_4,SUP_3,East,553,13,384,209,6.89,10.79,0,0,20,2025,1,6,0,2,19.51323
2025-01-07,SKU_41,WH_4,SUP_3,East,553,13,384,209,6.89,10.79,0,0,20,2025,1,7,1,2,19.48385
2025-01-08,SKU_41,WH_4,SUP_3,East,553,13,384,209,6.89,10.79,0,0,20,2025,1,8,2,2,19.589632
2025-01-09,SKU_41,WH_4,SUP_3,East,553,13,384,209,6.89,10.79,0,0,20,2025,1,9,3,2,19.589733
2025-01-10,SKU_41,WH_4,SUP_3,East,553,13,384,209,6.89,10.79,0,0,20,2025,1,10,4,2,19.597635
2025-01-11,SKU_41,WH_4,SUP_3,East,553,13,384,209,6.89,10.79,0,0,20,2025,1,11,5,2,19.620153
2025-01-12,SKU_41,WH_4,SUP_3,East,553,13,384,209,6.89,10.79,0,0,20,2025,1,12,6,2,19.613815
2025-01-13,SKU_41,WH_4,SUP_3,East,553,13,384,209,6.89,10.79,0,0,20,2025,1,13,0,3,19.710814
2025-01-14,SKU_41,WH_4,SUP_3,East,553,13,384,209,6.89,10.79,0,0,20,2025,1,14,1,3,19.72148
2025-01-15,SKU_41,WH_4,SUP_3,East,553,13,384,209,6.89,10.79,0,0,20,2025,1,15,2,3,19.732683
2025-01-16,SKU_41,WH_4,SUP_3,East,553,13,384,209,6.89,10.79,0,0,20,2025,1,16,3,3,19.730593
2025-01-17,SKU_41,WH_4,SUP_3,East,553,13,384,209,6.89,10.79,0,0,20,2025,1,17,4,3,19.634153
2025-01-18,SKU_41,WH_4,SUP_3,East,553,13,384,209,6.89,10.79,0,0,20,2025,1,18,5,3,19.774496
2025-01-19,SKU_41,WH_4,SUP_3,East,553,13,384,209,6.89,10.79,0,0,20,2025,1,19,6,3,19.795904
2025-01-20,SKU_41,WH_4,SUP_3,East,553,13,384,209,6.89,10.79,0,0,20,2025,1,20,0,4,19.594202
2025-01-21,SKU_41,WH_4,SUP_3,East,553,13,384,209,6.89,10.79,0,0,20,2025,1,21,1,4,19.571238
2025-01-22,SKU_41,WH_4,SUP_3,East,553,13,384,209,6.89,10.79,0,0,20,2025,1,22,2,4,19.640482
2025-01-23,SKU_41,WH_4,SUP_3,East,553,13,384,209,6.89,10.79,0,0,20,2025,1,23,3,4,19.663662
2025-01-24,SKU_41,WH_4,SUP_3,East,553,13,384,209,6.89,10.79,0,0,20,2025,1,24,4,4,19.634855
2025-01-25,SKU_41,WH_4,SUP_3,East,553,13,384,209,6.89,10.79,0,0,20,2025,1,25,5,4,19.70008
2025-01-26,SKU_41,WH_4,SUP_3,East,553,13,384,209,6.89,10.79,0,0,20,2025,1,26,6,4,19.746645
2025-01-27,SKU_41,WH_4,SUP_3,East,553,13,384,209,6.89,10.79,0,0,20,2025,1,27,0,5,19.302813
2025-01-28,SKU_41,WH_4,SUP_3,East,553,13,384,209,6.89,10.79,0,0,20,2025,1,28,1,5,19.309708
2025-01-29,SKU_41,WH_4,SUP_3,East,553,13,384,209,6.89,10.79,0,0,20,2025,1,29,2,5,19.302782
2024-12-31,SKU_41,WH_3,SUP_1,East,463,13,222,0,14.59,24.51,0,0,21,2024,12,31,1,1,20.370903
2025-01-01,SKU_41,WH_3,SUP_1,East,463,13,222,0,14.59,24.51,0,0,21,2025,1,1,2,1,20.46207
2025-01-02,SKU_41,WH_3,SUP_1,East,463,13,222,0,14.59,24.51,0,0,21,2025,1,2,3,1,20.444315
2025-01-03,SKU_41,WH_3,SUP_1,East,463,13,222,0,14.59,24.51,0,0,21,2025,1,3,4,1,20.59188
2025-01-04,SKU_41,WH_3,SUP_1,East,463,13,222,0,14.59,24.51,0,0,21,2025,1,4,5,1,20.670923
2025-01-05,SKU_41,WH_3,SUP_1,East,463,13,222,0,14.59,24.51,0,0,21,2025,1,5,6,1,20.671711
2025-01-06,SKU_41,WH_3,SUP_1,East,463,13,222,0,14.59,24.51,0,0,21,2025,1,6,0,2,20.602983
2025-01-07,SKU_41,WH_3,SUP_1,East,463,13,222,0,14.59,24.51,0,0,21,2025,1,7,1,2,20.542192
2025-01-08,SKU_41,WH_3,SUP_1,East,463,13,222,0,14.59,24.51,0,0,21,2025,1,8,2,2,20.621517
2025-01-09,SKU_41,WH_3,SUP_1,East,463,13,222,0,14.59,24.51,0,0,21,2025,1,9,3,2,20.58266
2025-01-10,SKU_41,WH_3,SUP_1,East,463,13,222,0,14.59,24.51,0,0,21,2025,1,10,4,2,20.658318
2025-01-11,SKU_41,WH_3,SUP_1,East,463,13,222,0,14.59,24.51,0,0,21,2025,1,11,5,2,20.67644
2025-01-12,SKU_41,WH_3,SUP_1,East,463,13,222,0,14.59,24.51,0,0,21,2025,1,12,6,2,20.671698
2025-01-13,SKU_41,WH_3,SUP_1,East,463,13,222,0,14.59,24.51,0,0,21,2025,1,13,0,3,20.622694
2025-01-14,SKU_41,WH_3,SUP_1,East,463,13,222,0,14.59,24.51,0,0,21,2025,1,14,1,3,20.704369
2025-01-15,SKU_41,WH_3,SUP_1,East,463,13,222,0,14.59,24.51,0,0,21,2025,1,15,2,3,20.69139
2025-01-16,SKU_41,WH_3,SUP_1,East,463,13,222,0,14.59,24.51,0,0,21,2025,1,16,3,3,20.677588
2025-01-17,SKU_41,WH_3,SUP_1,East,463,13,222,0,14.59,24.51,0,0,21,2025,1,17,4,3,20.691854
2025-01-18,SKU_41,WH_3,SUP_1,East,463,13,222,0,14.59,24.51,0,0,21,2025,1,18,5,3,20.834106
2025-01-19,SKU_41,WH_3,SUP_1,East,463,13,222,0,14.59,24.51,0,0,21,2025,1,19,6,3,20.841927
2025-01-20,SKU_41,WH_3,SUP_1,East,463,13,222,0,14.59,24.51,0,0,21,2025,1,20,0,4,20.574331
2025-01-21,SKU_41,WH_3,SUP_1,East,463,13,222,0,14.59,24.51,0,0,21,2025,1,21,1,4,20.628796
2025-01-22,SKU_41,WH_3,SUP_1,East,463,13,222,0,14.59,24.51,0,0,21,2025,1,22,2,4,20.612669
2025-01-23,SKU_41,WH_3,SUP_1,East,463,13,222,0,14.59,24.51,0,0,21,2025,1,23,3,4,20.690182
2025-01-24,SKU_41,WH_3,SUP_1,East,463,13,222,0,14.59,24.51,0,0,21,2025,1,24,4,4,20.717075
2025-01-25,SKU_41,WH_3,SUP_1,East,463,13,222,0,14.59,24.51,0,0,21,2025,1,25,5,4,20.75913
2025-01-26,SKU_41,WH_3,SUP_1,East,463,13,222,0,14.59,24.51,0,0,21,2025,1,26,6,4,20.793146
2025-01-27,SKU_41,WH_3,SUP_1,East,463,13,222,0,14.59,24.51,0,0,21,2025,1,27,0,5,20.427103
2025-01-28,SKU_41,WH_3,SUP_1,East,463,13,222,0,14.59,24.51,0,0,21,2025,1,28,1,5,20.52775
2025-01-29,SKU_41,WH_3,SUP_1,East,463,13,222,0,14.59,24.51,0,0,21,2025,1,29,2,5,20.442356
2024-12-31,SKU_41,WH_2,SUP_6,East,616,14,398,0,9.75,14.83,1,0,19,2024,12,31,1,1,18.025723
2025-01-01,SKU_41,WH_2,SUP_6,East,616,14,398,0,9.75,14.83,1,0,19,2025,1,1,2,1,18.215103
2025-01-02,SKU_41,WH_2,SUP_6,East,616,14,398,0,9.75,14.83,1,0,19,2025,1,2,3,1,18.22764
2025-01-03,SKU_41,WH_2,SUP_6,East,616,14,398,0,9.75,14.83,1,0,19,2025,1,3,4,1,18.031607
2025-01-04,SKU_41,WH_2,SUP_6,East,616,14,398,0,9.75,14.83,1,0,19,2025,1,4,5,1,17.93332
2025-01-05,SKU_41,WH_2,SUP_6,East,616,14,398,0,9.75,14.83,1,0,19,2025,1,5,6,1,18.496956
2025-01-06,SKU_41,WH_2,SUP_6,East,616,14,398,0,9.75,14.83,1,0,19,2025,1,6,0,2,18.128666
2025-01-07,SKU_41,WH_2,SUP_6,East,616,14,398,0,9.75,14.83,1,0,19,2025,1,7,1,2,18.130611
2025-01-08,SKU_41,WH_2,SUP_6,East,616,14,398,0,9.75,14.83,1,0,19,2025,1,8,2,2,18.064922
2025-01-09,SKU_41,WH_2,SUP_6,East,616,14,398,0,9.75,14.83,1,0,19,2025,1,9,3,2,18.128048
2025-01-10,SKU_41,WH_2,SUP_6,East,616,14,398,0,9.75,14.83,1,0,19,2025,1,10,4,2,18.067387
2025-01-11,SKU_41,WH_2,SUP_6,East,616,14,398,0,9.75,14.83,1,0,19,2025,1,11,5,2,18.086405
2025-01-12,SKU_41,WH_2,SUP_6,East,616,14,398,0,9.75,14.83,1,0,19,2025,1,12,6,2,18.498203
2025-01-13,SKU_41,WH_2,SUP_6,East,616,14,398,0,9.75,14.83,1,0,19,2025,1,13,0,3,17.687328
2025-01-14,SKU_41,WH_2,SUP_6,East,616,14,398,0,9.75,14.83,1,0,19,2025,1,14,1,3,17.86764
2025-01-15,SKU_41,WH_2,SUP_6,East,616,14,398,0,9.75,14.83,1,0,19,2025,1,15,2,3,18.18404
2025-01-16,SKU_41,WH_2,SUP_6,East,616,14,398,0,9.75,14.83,1,0,19,2025,1,16,3,3,18.295258
2025-01-17,SKU_41,WH_2,SUP_6,East,616,14,398,0,9.75,14.83,1,0,19,2025,1,17,4,3,18.287054
2025-01-18,SKU_41,WH_2,SUP_6,East,616,14,398,0,9.75,14.83,1,0,19,2025,1,18,5,3,18.342808
2025-01-19,SKU_41,WH_2,SUP_6,East,616,14,398,0,9.75,14.83,1,0,19,2025,1,19,6,3,18.760138
2025-01-20,SKU_41,WH_2,SUP_6,East,616,14,398,0,9.75,14.83,1,0,19,2025,1,20,0,4,18.103603
2025-01-21,SKU_41,WH_2,SUP_6,East,616,14,398,0,9.75,14.83,1,0,19,2025,1,21,1,4,18.121899
2025-01-22,SKU_41,WH_2,SUP_6,East,616,14,398,0,9.75,14.83,1,0,19,2025,1,22,2,4,18.202059
2025-01-23,SKU_41,WH_2,SUP_6,East,616,14,398,0,9.75,14.83,1,0,19,2025,1,23,3,4,18.251322
2025-01-24,SKU_41,WH_2,SUP_6,East,616,14,398,0,9.75,14.83,1,0,19,2025,1,24,4,4,18.163239
2025-01-25,SKU_41,WH_2,SUP_6,East,616,14,398,0,9.75,14.83,1,0,19,2025,1,25,5,4,18.241186
2025-01-26,SKU_41,WH_2,SUP_6,East,616,14,398,0,9.75,14.83,1,0,19,2025,1,26,6,4,18.684912
2025-01-27,SKU_41,WH_2,SUP_6,East,616,14,398,0,9.75,14.83,1,0,19,2025,1,27,0,5,17.560411
2025-01-28,SKU_41,WH_2,SUP_6,East,616,14,398,0,9.75,14.83,1,0,19,2025,1,28,1,5,17.525919
2025-01-29,SKU_41,WH_2,SUP_6,East,616,14,398,0,9.75,14.83,1,0,19,2025,1,29,2,5,17.561657
2024-12-31,SKU_41,WH_1,SUP_3,South,363,12,370,0,6.43,8.25,0,0,24,2024,12,31,1,1,22.86331
2025-01-01,SKU_41,WH_1,SUP_3,South,363,12,370,0,6.43,8.25,0,0,24,2025,1,1,2,1,23.31218
2025-01-02,SKU_41,WH_1,SUP_3,South,363,12,370,0,6.43,8.25,0,0,24,2025,1,2,3,1,23.206244
2025-01-03,SKU_41,WH_1,SUP_3,South,363,12,370,0,6.43,8.25,0,0,24,2025,1,3,4,1,23.293922
2025-01-04,SKU_41,WH_1,SUP_3,South,363,12,370,0,6.43,8.25,0,0,24,2025,1,4,5,1,23.382658
2025-01-05,SKU_41,WH_1,SUP_3,South,363,12,370,0,6.43,8.25,0,0,24,2025,1,5,6,1,23.376179
2025-01-06,SKU_41,WH_1,SUP_3,South,363,12,370,0,6.43,8.25,0,0,24,2025,1,6,0,2,23.430677
2025-01-07,SKU_41,WH_1,SUP_3,South,363,12,370,0,6.43,8.25,0,0,24,2025,1,7,1,2,23.354294
2025-01-08,SKU_41,WH_1,SUP_3,South,363,12,370,0,6.43,8.25,0,0,24,2025,1,8,2,2,23.463057
2025-01-09,SKU_41,WH_1,SUP_3,South,363,12,370,0,6.43,8.25,0,0,24,2025,1,9,3,2,23.451447
2025-01-10,SKU_41,WH_1,SUP_3,South,363,12,370,0,6.43,8.25,0,0,24,2025,1,10,4,2,23.469843
2025-01-11,SKU_41,WH_1,SUP_3,South,363,12,370,0,6.43,8.25,0,0,24,2025,1,11,5,2,23.481045
2025-01-12,SKU_41,WH_1,SUP_3,South,363,12,370,0,6.43,8.25,0,0,24,2025,1,12,6,2,23.447647
2025-01-13,SKU_41,WH_1,SUP_3,South,363,12,370,0,6.43,8.25,0,0,24,2025,1,13,0,3,23.628815
2025-01-14,SKU_41,WH_1,SUP_3,South,363,12,370,0,6.43,8.25,0,0,24,2025,1,14,1,3,23.644924
2025-01-15,SKU_41,WH_1,SUP_3,South,363,12,370,0,6.43,8.25,0,0,24,2025,1,15,2,3,23.4832
2025-01-16,SKU_41,WH_1,SUP_3,South,363,12,370,0,6.43,8.25,0,0,24,2025,1,16,3,3,23.469398
2025-01-17,SKU_41,WH_1,SUP_3,South,363,12,370,0,6.43,8.25,0,0,24,2025,1,17,4,3,23.42385
2025-01-18,SKU_41,WH_1,SUP_3,South,363,12,370,0,6.43,8.25,0,0,24,2025,1,18,5,3,23.584414
2025-01-19,SKU_41,WH_1,SUP_3,South,363,12,370,0,6.43,8.25,0,0,24,2025,1,19,6,3,23.584967
2025-01-20,SKU_41,WH_1,SUP_3,South,363,12,370,0,6.43,8.25,0,0,24,2025,1,20,0,4,23.387817
2025-01-21,SKU_41,WH_1,SUP_3,South,363,12,370,0,6.43,8.25,0,0,24,2025,1,21,1,4,23.372915
2025-01-22,SKU_41,WH_1,SUP_3,South,363,12,370,0,6.43,8.25,0,0,24,2025,1,22,2,4,23.376785
2025-01-23,SKU_41,WH_1,SUP_3,South,363,12,370,0,6.43,8.25,0,0,24,2025,1,23,3,4,23.388393
2025-01-24,SKU_41,WH_1,SUP_3,South,363,12,370,0,6.43,8.25,0,0,24,2025,1,24,4,4,23.417028
2025-01-25,SKU_41,WH_1,SUP_3,South,363,12,370,0,6.43,8.25,0,0,24,2025,1,25,5,4,23.473639
2025-01-26,SKU_41,WH_1,SUP_3,South,363,12,370,0,6.43,8.25,0,0,24,2025,1,26,6,4,23.532072
2025-01-27,SKU_41,WH_1,SUP_3,South,363,12,370,0,6.43,8.25,0,0,24,2025,1,27,0,5,23.227839
2025-01-28,SKU_41,WH_1,SUP_3,South,363,12,370,0,6.43,8.25,0,0,24,2025,1,28,1,5,23.335392
2025-01-29,SKU_41,WH_1,SUP_3,South,363,12,370,0,6.43,8.25,0,0,24,2025,1,29,2,5,23.309338
2024-12-31,SKU_40,WH_5,SUP_7,North,580,8,344,0,19.27,32.51,0,0,31,2024,12,31,1,1,30.664036
2025-01-01,SKU_40,WH_5,SUP_7,North,580,8,344,0,19.27,32.51,0,0,31,2025,1,1,2,1,31.185211
2025-01-02,SKU_40,WH_5,SUP_7,North,580,8,344,0,19.27,32.51,0,0,31,2025,1,2,3,1,31.175392
2025-01-03,SKU_40,WH_5,SUP_7,North,580,8,344,0,19.27,32.51,0,0,31,2025,1,3,4,1,31.239798
2025-01-04,SKU_40,WH_5,SUP_7,North,580,8,344,0,19.27,32.51,0,0,31,2025,1,4,5,1,31.265162
2025-01-05,SKU_40,WH_5,SUP_7,North,580,8,344,0,19.27,32.51,0,0,31,2025,1,5,6,1,31.3304
2025-01-06,SKU_40,WH_5,SUP_7,North,580,8,344,0,19.27,32.51,0,0,31,2025,1,6,0,2,31.173134
2025-01-07,SKU_40,WH_5,SUP_7,North,580,8,344,0,19.27,32.51,0,0,31,2025,1,7,1,2,31.118822
2025-01-08,SKU_40,WH_5,SUP_7,North,580,8,344,0,19.27,32.51,0,0,31,2025,1,8,2,2,31.168259
2025-01-09,SKU_40,WH_5,SUP_7,North,580,8,344,0,19.27,32.51,0,0,31,2025,1,9,3,2,31.23447
2025-01-10,SKU_40,WH_5,SUP_7,North,580,8,344,0,19.27,32.51,0,0,31,2025,1,10,4,2,31.285315
2025-01-11,SKU_40,WH_5,SUP_7,North,580,8,344,0,19.27,32.51,0,0,31,2025,1,11,5,2,31.27746
2025-01-12,SKU_40,WH_5,SUP_7,North,580,8,344,0,19.27,32.51,0,0,31,2025,1,12,6,2,31.277044
2025-01-13,SKU_40,WH_5,SUP_7,North,580,8,344,0,19.27,32.51,0,0,31,2025,1,13,0,3,31.172367
2025-01-14,SKU_40,WH_5,SUP_7,North,580,8,344,0,19.27,32.51,0,0,31,2025,1,14,1,3,30.975874
2025-01-15,SKU_40,WH_5,SUP_7,North,580,8,344,0,19.27,32.51,0,0,31,2025,1,15,2,3,31.110538
2025-01-16,SKU_40,WH_5,SUP_7,North,580,8,344,0,19.27,32.51,0,0,31,2025,1,16,3,3,31.140419
2025-01-17,SKU_40,WH_5,SUP_7,North,580,8,344,0,19.27,32.51,0,0,31,2025,1,17,4,3,31.094202
2025-01-18,SKU_40,WH_5,SUP_7,North,580,8,344,0,19.27,32.51,0,0,31,2025,1,18,5,3,31.194906
2025-01-19,SKU_40,WH_5,SUP_7,North,580,8,344,0,19.27,32.51,0,0,31,2025,1,19,6,3,31.199041
2025-01-20,SKU_40,WH_5,SUP_7,North,580,8,344,0,19.27,32.51,0,0,31,2025,1,20,0,4,30.94505
2025-01-21,SKU_40,WH_5,SUP_7,North,580,8,344,0,19.27,32.51,0,0,31,2025,1,21,1,4,31.027075
2025-01-22,SKU_40,WH_5,SUP_7,North,580,8,344,0,19.27,32.51,0,0,31,2025,1,22,2,4,30.999756
2025-01-23,SKU_40,WH_5,SUP_7,North,580,8,344,0,19.27,32.51,0,0,31,2025,1,23,3,4,31.016396
2025-01-24,SKU_40,WH_5,SUP_7,North,580,8,344,0,19.27,32.51,0,0,31,2025,1,24,4,4,30.96779
2025-01-25,SKU_40,WH_5,SUP_7,North,580,8,344,0,19.27,32.51,0,0,31,2025,1,25,5,4,31.001253
2025-01-26,SKU_40,WH_5,SUP_7,North,580,8,344,0,19.27,32.51,0,0,31,2025,1,26,6,4,31.01338
2025-01-27,SKU_40,WH_5,SUP_7,North,580,8,344,0,19.27,32.51,0,0,31,2025,1,27,0,5,30.865067
2025-01-28,SKU_40,WH_5,SUP_7,North,580,8,344,0,19.27,32.51,0,0,31,2025,1,28,1,5,30.97172
2025-01-29,SKU_40,WH_5,SUP_7,North,580,8,344,0,19.27,32.51,0,0,31,2025,1,29,2,5,31.136086
2024-12-31,SKU_40,WH_4,SUP_10,West,395,5,255,0,5.95,7.14,0,0,24,2024,12,31,1,1,23.258755
2025-01-01,SKU_40,WH_4,SUP_10,West,395,5,255,0,5.95,7.14,0,0,24,2025,1,1,2,1,24.022043
2025-01-02,SKU_40,WH_4,SUP_10,West,395,5,255,0,5.95,7.14,0,0,24,2025,1,2,3,1,23.835508
2025-01-03,SKU_40,WH_4,SUP_10,West,395,5,255,0,5.95,7.14,0,0,24,2025,1,3,4,1,23.923382
2025-01-04,SKU_40,WH_4,SUP_10,West,395,5,255,0,5.95,7.14,0,0,24,2025,1,4,5,1,23.908392
2025-01-05,SKU_40,WH_4,SUP_10,West,395,5,255,0,5.95,7.14,0,0,24,2025,1,5,6,1,23.910007
2025-01-06,SKU_40,WH_4,SUP_10,West,395,5,255,0,5.95,7.14,0,0,24,2025,1,6,0,2,24.028328
2025-01-07,SKU_40,WH_4,SUP_10,West,395,5,255,0,5.95,7.14,0,0,24,2025,1,7,1,2,23.87366
2025-01-08,SKU_40,WH_4,SUP_10,West,395,5,255,0,5.95,7.14,0,0,24,2025,1,8,2,2,24.053364
2025-01-09,SKU_40,WH_4,SUP_10,West,395,5,255,0,5.95,7.14,0,0,24,2025,1,9,3,2,24.082085
2025-01-10,SKU_40,WH_4,SUP_10,West,395,5,255,0,5.95,7.14,0,0,24,2025,1,10,4,2,24.010937
2025-01-11,SKU_40,WH_4,SUP_10,West,395,5,255,0,5.95,7.14,0,0,24,2025,1,11,5,2,23.971014
2025-01-12,SKU_40,WH_4,SUP_10,West,395,5,255,0,5.95,7.14,0,0,24,2025,1,12,6,2,23.951893
2025-01-13,SKU_40,WH_4,SUP_10,West,395,5,255,0,5.95,7.14,0,0,24,2025,1,13,0,3,24.019325
2025-01-14,SKU_40,WH_4,SUP_10,West,395,5,255,0,5.95,7.14,0,0,24,2025,1,14,1,3,24.016941
2025-01-15,SKU_40,WH_4,SUP_10,West,395,5,255,0,5.95,7.14,0,0,24,2025,1,15,2,3,24.104342
2025-01-16,SKU_40,WH_4,SUP_10,West,395,5,255,0,5.95,7.14,0,0,24,2025,1,16,3,3,24.141087
2025-01-17,SKU_40,WH_4,SUP_10,West,395,5,255,0,5.95,7.14,0,0,24,2025,1,17,4,3,24.091032
2025-01-18,SKU_40,WH_4,SUP_10,West,395,5,255,0,5.95,7.14,0,0,24,2025,1,18,5,3,24.172636
2025-01-19,SKU_40,WH_4,SUP_10,West,395,5,255,0,5.95,7.14,0,0,24,2025,1,19,6,3,24.149145
2025-01-20,SKU_40,WH_4,SUP_10,West,395,5,255,0,5.95,7.14,0,0,24,2025,1,20,0,4,23.951174
2025-01-21,SKU_40,WH_4,SUP_10,West,395,5,255,0,5.95,7.14,0,0,24,2025,1,21,1,4,23.891478
2025-01-22,SKU_40,WH_4,SUP_10,West,395,5,255,0,5.95,7.14,0,0,24,2025,1,22,2,4,23.965616
2025-01-23,SKU_40,WH_4,SUP_10,West,395,5,255,0,5.95,7.14,0,0,24,2025,1,23,3,4,23.972805
2025-01-24,SKU_40,WH_4,SUP_10,West,395,5,255,0,5.95,7.14,0,0,24,2025,1,24,4,4,23.88551
2025-01-25,SKU_40,WH_4,SUP_10,West,395,5,255,0,5.95,7.14,0,0,24,2025,1,25,5,4,23.874647
2025-01-26,SKU_40,WH_4,SUP_10,West,395,5,255,0,5.95,7.14,0,0,24,2025,1,26,6,4,23.885073
2025-01-27,SKU_40,WH_4,SUP_10,West,395,5,255,0,5.95,7.14,0,0,24,2025,1,27,0,5,23.818604
2025-01-28,SKU_40,WH_4,SUP_10,West,395,5,255,0,5.95,7.14,0,0,24,2025,1,28,1,5,23.807732
2025-01-29,SKU_40,WH_4,SUP_10,West,395,5,255,0,5.95,7.14,0,0,24,2025,1,29,2,5,23.862919
2024-12-31,SKU_40,WH_3,SUP_6,East,387,7,326,0,17.47,29.05,0,0,27,2024,12,31,1,1,27.136696
2025-01-01,SKU_40,WH_3,SUP_6,East,387,7,326,0,17.47,29.05,0,0,27,2025,1,1,2,1,27.111383
2025-01-02,SKU_40,WH_3,SUP_6,East,387,7,326,0,17.47,29.05,0,0,27,2025,1,2,3,1,27.097921
2025-01-03,SKU_40,WH_3,SUP_6,East,387,7,326,0,17.47,29.05,0,0,27,2025,1,3,4,1,27.241692
2025-01-04,SKU_40,WH_3,SUP_6,East,387,7,326,0,17.47,29.05,0,0,27,2025,1,4,5,1,27.30824
2025-01-05,SKU_40,WH_3,SUP_6,East,387,7,326,0,17.47,29.05,0,0,27,2025,1,5,6,1,27.31624
2025-01-06,SKU_40,WH_3,SUP_6,East,387,7,326,0,17.47,29.05,0,0,27,2025,1,6,0,2,27.174694
2025-01-07,SKU_40,WH_3,SUP_6,East,387,7,326,0,17.47,29.05,0,0,27,2025,1,7,1,2,27.061956
2025-01-08,SKU_40,WH_3,SUP_6,East,387,7,326,0,17.47,29.05,0,0,27,2025,1,8,2,2,27.098265
2025-01-09,SKU_40,WH_3,SUP_6,East,387,7,326,0,17.47,29.05,0,0,27,2025,1,9,3,2,27.084782
2025-01-10,SKU_40,WH_3,SUP_6,East,387,7,326,0,17.47,29.05,0,0,27,2025,1,10,4,2,27.013147
2025-01-11,SKU_40,WH_3,SUP_6,East,387,7,326,0,17.47,29.05,0,0,27,2025,1,11,5,2,27.019562
2025-01-12,SKU_40,WH_3,SUP_6,East,387,7,326,0,17.47,29.05,0,0,27,2025,1,12,6,2,27.019388
2025-01-13,SKU_40,WH_3,SUP_6,East,387,7,326,0,17.47,29.05,0,0,27,2025,1,13,0,3,27.019308
2025-01-14,SKU_40,WH_3,SUP_6,East,387,7,326,0,17.47,29.05,0,0,27,2025,1,14,1,3,27.05445
2025-01-15,SKU_40,WH_3,SUP_6,East,387,7,326,0,17.47,29.05,0,0,27,2025,1,15,2,3,26.997484
2025-01-16,SKU_40,WH_3,SUP_6,East,387,7,326,0,17.47,29.05,0,0,27,2025,1,16,3,3,27.018911
2025-01-17,SKU_40,WH_3,SUP_6,East,387,7,326,0,17.47,29.05,0,0,27,2025,1,17,4,3,26.959978
2025-01-18,SKU_40,WH_3,SUP_6,East,387,7,326,0,17.47,29.05,0,0,27,2025,1,18,5,3,27.06436
2025-01-19,SKU_40,WH_3,SUP_6,East,387,7,326,0,17.47,29.05,0,0,27,2025,1,19,6,3,27.039688
2025-01-20,SKU_40,WH_3,SUP_6,East,387,7,326,0,17.47,29.05,0,0,27,2025,1,20,0,4,27.118269
2025-01-21,SKU_40,WH_3,SUP_6,East,387,7,326,0,17.47,29.05,0,0,27,2025,1,21,1,4,27.178518
2025-01-22,SKU_40,WH_3,SUP_6,East,387,7,326,0,17.47,29.05,0,0,27,2025,1,22,2,4,27.136066
2025-01-23,SKU_40,WH_3,SUP_6,East,387,7,326,0,17.47,29.05,0,0,27,2025,1,23,3,4,27.098774
2025-01-24,SKU_40,WH_3,SUP_6,East,387,7,326,0,17.47,29.05,0,0,27,2025,1,24,4,4,27.000708
2025-01-25,SKU_40,WH_3,SUP_6,East,387,7,326,0,17.47,29.05,0,0,27,2025,1,25,5,4,27.042372
2025-01-26,SKU_40,WH_3,SUP_6,East,387,7,326,0,17.47,29.05,0,0,27,2025,1,26,6,4,27.105692
2025-01-27,SKU_40,WH_3,SUP_6,East,387,7,326,0,17.47,29.05,0,0,27,2025,1,27,0,5,27.24758
2025-01-28,SKU_40,WH_3,SUP_6,East,387,7,326,0,17.47,29.05,0,0,27,2025,1,28,1,5,27.324238
2025-01-29,SKU_40,WH_3,SUP_6,East,387,7,326,0,17.47,29.05,0,0,27,2025,1,29,2,5,27.298
2024-12-31,SKU_40,WH_2,SUP_3,East,560,14,291,0,17.25,29.94,0,0,17,2024,12,31,1,1,17.154856
2025-01-01,SKU_40,WH_2,SUP_3,East,560,14,291,0,17.25,29.94,0,0,17,2025,1,1,2,1,17.707636
2025-01-02,SKU_40,WH_2,SUP_3,East,560,14,291,0,17.25,29.94,0,0,17,2025,1,2,3,1,17.857546
2025-01-03,SKU_40,WH_2,SUP_3,East,560,14,291,0,17.25,29.94,0,0,17,2025,1,3,4,1,17.790955
2025-01-04,SKU_40,WH_2,SUP_3,East,560,14,291,0,17.25,29.94,0,0,17,2025,1,4,5,1,17.733679
2025-01-05,SKU_40,WH_2,SUP_3,East,560,14,291,0,17.25,29.94,0,0,17,2025,1,5,6,1,17.680721
2025-01-06,SKU_40,WH_2,SUP_3,East,560,14,291,0,17.25,29.94,0,0,17,2025,1,6,0,2,17.493664
2025-01-07,SKU_40,WH_2,SUP_3,East,560,14,291,0,17.25,29.94,0,0,17,2025,1,7,1,2,17.512222
2025-01-08,SKU_40,WH_2,SUP_3,East,560,14,291,0,17.25,29.94,0,0,17,2025,1,8,2,2,17.682997
2025-01-09,SKU_40,WH_2,SUP_3,East,560,14,291,0,17.25,29.94,0,0,17,2025,1,9,3,2,17.703014
2025-01-10,SKU_40,WH_2,SUP_3,East,560,14,291,0,17.25,29.94,0,0,17,2025,1,10,4,2,17.587187
2025-01-11,SKU_40,WH_2,SUP_3,East,560,14,291,0,17.25,29.94,0,0,17,2025,1,11,5,2,17.579338
2025-01-12,SKU_40,WH_2,SUP_3,East,560,14,291,0,17.25,29.94,0,0,17,2025,1,12,6,2,17.518427
2025-01-13,SKU_40,WH_2,SUP_3,East,560,14,291,0,17.25,29.94,0,0,17,2025,1,13,0,3,17.45842
2025-01-14,SKU_40,WH_2,SUP_3,East,560,14,291,0,17.25,29.94,0,0,17,2025,1,14,1,3,17.537868
2025-01-15,SKU_40,WH_2,SUP_3,East,560,14,291,0,17.25,29.94,0,0,17,2025,1,15,2,3,17.64046
2025-01-16,SKU_40,WH_2,SUP_3,East,560,14,291,0,17.25,29.94,0,0,17,2025,1,16,3,3,17.673555
2025-01-17,SKU_40,WH_2,SUP_3,East,560,14,291,0,17.25,29.94,0,0,17,2025,1,17,4,3,17.604753
2025-01-18,SKU_40,WH_2,SUP_3,East,560,14,291,0,17.25,29.94,0,0,17,2025,1,18,5,3,17.718788
2025-01-19,SKU_40,WH_2,SUP_3,East,560,14,291,0,17.25,29.94,0,0,17,2025,1,19,6,3,17.629913
2025-01-20,SKU_40,WH_2,SUP_3,East,560,14,291,0,17.25,29.94,0,0,17,2025,1,20,0,4,17.253128
2025-01-21,SKU_40,WH_2,SUP_3,East,560,14,291,0,17.25,29.94,0,0,17,2025,1,21,1,4,17.356094
2025-01-22,SKU_40,WH_2,SUP_3,East,560,14,291,0,17.25,29.94,0,0,17,2025,1,22,2,4,17.316875
2025-01-23,SKU_40,WH_2,SUP_3,East,560,14,291,0,17.25,29.94,0,0,17,2025,1,23,3,4,17.323
2025-01-24,SKU_40,WH_2,SUP_3,East,560,14,291,0,17.25,29.94,0,0,17,2025,1,24,4,4,17.362745
2025-01-25,SKU_40,WH_2,SUP_3,East,560,14,291,0,17.25,29.94,0,0,17,2025,1,25,5,4,17.404474
2025-01-26,SKU_40,WH_2,SUP_3,East,560,14,291,0,17.25,29.94,0,0,17,2025,1,26,6,4,17.384993
2025-01-27,SKU_40,WH_2,SUP_3,East,560,14,291,0,17.25,29.94,0,0,17,2025,1,27,0,5,17.200073
2025-01-28,SKU_40,WH_2,SUP_3,East,560,14,291,0,17.25,29.94,0,0,17,2025,1,28,1,5,17.31671
2025-01-29,SKU_40,WH_2,SUP_3,East,560,14,291,0,17.25,29.94,0,0,17,2025,1,29,2,5,17.388542
2024-12-31,SKU_40,WH_1,SUP_10,West,365,2,260,0,18.22,28.18,0,0,23,2024,12,31,1,1,22.916868
2025-01-01,SKU_40,WH_1,SUP_10,West,365,2,260,0,18.22,28.18,0,0,23,2025,1,1,2,1,22.846096
2025-01-02,SKU_40,WH_1,SUP_10,West,365,2,260,0,18.22,28.18,0,0,23,2025,1,2,3,1,22.808424
2025-01-03,SKU_40,WH_1,SUP_10,West,365,2,260,0,18.22,28.18,0,0,23,2025,1,3,4,1,22.993206
2025-01-04,SKU_40,WH_1,SUP_10,West,365,2,260,0,18.22,28.18,0,0,23,2025,1,4,5,1,23.071072
2025-01-05,SKU_40,WH_1,SUP_10,West,365,2,260,0,18.22,28.18,0,0,23,2025,1,5,6,1,23.050577
2025-01-06,SKU_40,WH_1,SUP_10,West,365,2,260,0,18.22,28.18,0,0,23,2025,1,6,0,2,23.066662
2025-01-07,SKU_40,WH_1,SUP_10,West,365,2,260,0,18.22,28.18,0,0,23,2025,1,7,1,2,22.97454
2025-01-08,SKU_40,WH_1,SUP_10,West,365,2,260,0,18.22,28.18,0,0,23,2025,1,8,2,2,22.976337
2025-01-09,SKU_40,WH_1,SUP_10,West,365,2,260,0,18.22,28.18,0,0,23,2025,1,9,3,2,22.997696
2025-01-10,SKU_40,WH_1,SUP_10,West,365,2,260,0,18.22,28.18,0,0,23,2025,1,10,4,2,22.95034
2025-01-11,SKU_40,WH_1,SUP_10,West,365,2,260,0,18.22,28.18,0,0,23,2025,1,11,5,2,22.971457
2025-01-12,SKU_40,WH_1,SUP_10,West,365,2,260,0,18.22,28.18,0,0,23,2025,1,12,6,2,22.94279
2025-01-13,SKU_40,WH_1,SUP_10,West,365,2,260,0,18.22,28.18,0,0,23,2025,1,13,0,3,23.05351
2025-01-14,SKU_40,WH_1,SUP_10,West,365,2,260,0,18.22,28.18,0,0,23,2025,1,14,1,3,23.10367
2025-01-15,SKU_40,WH_1,SUP_10,West,365,2,260,0,18.22,28.18,0,0,23,2025,1,15,2,3,22.97898
2025-01-16,SKU_40,WH_1,SUP_10,West,365,2,260,0,18.22,28.18,0,0,23,2025,1,16,3,3,22.968658
2025-01-17,SKU_40,WH_1,SUP_10,West,365,2,260,0,18.22,28.18,0,0,23,2025,1,17,4,3,22.940046
2025-01-18,SKU_40,WH_1,SUP_10,West,365,2,260,0,18.22,28.18,0,0,23,2025,1,18,5,3,23.052666
2025-01-19,SKU_40,WH_1,SUP_10,West,365,2,260,0,18.22,28.18,0,0,23,2025,1,19,6,3,23.003286
2025-01-20,SKU_40,WH_1,SUP_10,West,365,2,260,0,18.22,28.18,0,0,23,2025,1,20,0,4,22.962872
2025-01-21,SKU_40,WH_1,SUP_10,West,365,2,260,0,18.22,28.18,0,0,23,2025,1,21,1,4,22.959452
2025-01-22,SKU_40,WH_1,SUP_10,West,365,2,260,0,18.22,28.18,0,0,23,2025,1,22,2,4,22.80129
2025-01-23,SKU_40,WH_1,SUP_10,West,365,2,260,0,18.22,28.18,0,0,23,2025,1,23,3,4,22.847626
2025-01-24,SKU_40,WH_1,SUP_10,West,365,2,260,0,18.22,28.18,0,0,23,2025,1,24,4,4,22.706928
2025-01-25,SKU_40,WH_1,SUP_10,West,365,2,260,0,18.22,28.18,0,0,23,2025,1,25,5,4,22.763294
2025-01-26,SKU_40,WH_1,SUP_10,West,365,2,260,0,18.22,28.18,0,0,23,2025,1,26,6,4,22.764505
2025-01-27,SKU_40,WH_1,SUP_10,West,365,2,260,0,18.22,28.18,0,0,23,2025,1,27,0,5,22.690199
2025-01-28,SKU_40,WH_1,SUP_10,West,365,2,260,0,18.22,28.18,0,0,23,2025,1,28,1,5,22.750734
2025-01-29,SKU_40,WH_1,SUP_10,West,365,2,260,0,18.22,28.18,0,0,23,2025,1,29,2,5,22.626043
2024-12-31,SKU_39,WH_5,SUP_10,North,512,4,321,0,5.66,10.12,0,0,15,2024,12,31,1,1,14.768909
2025-01-01,SKU_39,WH_5,SUP_10,North,512,4,321,0,5.66,10.12,0,0,15,2025,1,1,2,1,15.154925
2025-01-02,SKU_39,WH_5,SUP_10,North,512,4,321,0,5.66,10.12,0,0,15,2025,1,2,3,1,14.800062
2025-01-03,SKU_39,WH_5,SUP_10,North,512,4,321,0,5.66,10.12,0,0,15,2025,1,3,4,1,14.775478
2025-01-04,SKU_39,WH_5,SUP_10,North,512,4,321,0,5.66,10.12,0,0,15,2025,1,4,5,1,14.769513
2025-01-05,SKU_39,WH_5,SUP_10,North,512,4,321,0,5.66,10.12,0,0,15,2025,1,5,6,1,14.7423
2025-01-06,SKU_39,WH_5,SUP_10,North,512,4,321,0,5.66,10.12,0,0,15,2025,1,6,0,2,14.939112
2025-01-07,SKU_39,WH_5,SUP_10,North,512,4,321,0,5.66,10.12,0,0,15,2025,1,7,1,2,14.843904
2025-01-08,SKU_39,WH_5,SUP_10,North,512,4,321,0,5.66,10.12,0,0,15,2025,1,8,2,2,14.866193
2025-01-09,SKU_39,WH_5,SUP_10,North,512,4,321,0,5.66,10.12,0,0,15,2025,1,9,3,2,14.8771305
2025-01-10,SKU_39,WH_5,SUP_10,North,512,4,321,0,5.66,10.12,0,0,15,2025,1,10,4,2,14.99434
2025-01-11,SKU_39,WH_5,SUP_10,North,512,4,321,0,5.66,10.12,0,0,15,2025,1,11,5,2,14.916691
2025-01-12,SKU_39,WH_5,SUP_10,North,512,4,321,0,5.66,10.12,0,0,15,2025,1,12,6,2,14.881524
2025-01-13,SKU_39,WH_5,SUP_10,North,512,4,321,0,5.66,10.12,0,0,15,2025,1,13,0,3,14.891697
2025-01-14,SKU_39,WH_5,SUP_10,North,512,4,321,0,5.66,10.12,0,0,15,2025,1,14,1,3,14.881707
2025-01-15,SKU_39,WH_5,SUP_10,North,512,4,321,0,5.66,10.12,0,0,15,2025,1,15,2,3,14.871139
2025-01-16,SKU_39,WH_5,SUP_10,North,512,4,321,0,5.66,10.12,0,0,15,2025,1,16,3,3,14.895155
2025-01-17,SKU_39,WH_5,SUP_10,North,512,4,321,0,5.66,10.12,0,0,15,2025,1,17,4,3,14.937694
2025-01-18,SKU_39,WH_5,SUP_10,North,512,4,321,0,5.66,10.12,0,0,15,2025,1,18,5,3,15.009408
2025-01-19,SKU_39,WH_5,SUP_10,North,512,4,321,0,5.66,10.12,0,0,15,2025,1,19,6,3,14.985972
2025-01-20,SKU_39,WH_5,SUP_10,North,512,4,321,0,5.66,10.12,0,0,15,2025,1,20,0,4,14.829999
2025-01-21,SKU_39,WH_5,SUP_10,North,512,4,321,0,5.66,10.12,0,0,15,2025,1,21,1,4,14.789617
2025-01-22,SKU_39,WH_5,SUP_10,North,512,4,321,0,5.66,10.12,0,0,15,2025,1,22,2,4,14.683891
2025-01-23,SKU_39,WH_5,SUP_10,North,512,4,321,0,5.66,10.12,0,0,15,2025,1,23,3,4,14.709619
2025-01-24,SKU_39,WH_5,SUP_10,North,512,4,321,0,5.66,10.12,0,0,15,2025,1,24,4,4,14.810767
2025-01-25,SKU_39,WH_5,SUP_10,North,512,4,321,0,5.66,10.12,0,0,15,2025,1,25,5,4,14.781941
2025-01-26,SKU_39,WH_5,SUP_10,North,512,4,321,0,5.66,10.12,0,0,15,2025,1,26,6,4,14.73188
2025-01-27,SKU_39,WH_5,SUP_10,North,512,4,321,0,5.66,10.12,0,0,15,2025,1,27,0,5,14.746001
2025-01-28,SKU_39,WH_5,SUP_10,North,512,4,321,0,5.66,10.12,0,0,15,2025,1,28,1,5,14.92686
2025-01-29,SKU_39,WH_5,SUP_10,North,512,4,321,0,5.66,10.12,0,0,15,2025,1,29,2,5,14.977529
2024-12-31,SKU_39,WH_4,SUP_10,East,444,11,345,0,17.9,30.09,0,0,18,2024,12,31,1,1,17.99521
2025-01-01,SKU_39,WH_4,SUP_10,East,444,11,345,0,17.9,30.09,0,0,18,2025,1,1,2,1,18.524233
2025-01-02,SKU_39,WH_4,SUP_10,East,444,11,345,0,17.9,30.09,0,0,18,2025,1,2,3,1,18.462181
2025-01-03,SKU_39,WH_4,SUP_10,East,444,11,345,0,17.9,30.09,0,0,18,2025,1,3,4,1,18.541397
2025-01-04,SKU_39,WH_4,SUP_10,East,444,11,345,0,17.9,30.09,0,0,18,2025,1,4,5,1,18.639658
2025-01-05,SKU_39,WH_4,SUP_10,East,444,11,345,0,17.9,30.09,0,0,18,2025,1,5,6,1,18.586699
2025-01-06,SKU_39,WH_4,SUP_10,East,444,11,345,0,17.9,30.09,0,0,18,2025,1,6,0,2,18.720818
2025-01-07,SKU_39,WH_4,SUP_10,East,444,11,345,0,17.9,30.09,0,0,18,2025,1,7,1,2,18.738832
2025-01-08,SKU_39,WH_4,SUP_10,East,444,11,345,0,17.9,30.09,0,0,18,2025,1,8,2,2,18.84626
2025-01-09,SKU_39,WH_4,SUP_10,East,444,11,345,0,17.9,30.09,0,0,18,2025,1,9,3,2,18.764769
2025-01-10,SKU_39,WH_4,SUP_10,East,444,11,345,0,17.9,30.09,0,0,18,2025,1,10,4,2,18.763702
2025-01-11,SKU_39,WH_4,SUP_10,East,444,11,345,0,17.9,30.09,0,0,18,2025,1,11,5,2,18.773056
2025-01-12,SKU_39,WH_4,SUP_10,East,444,11,345,0,17.9,30.09,0,0,18,2025,1,12,6,2,18.699362
2025-01-13,SKU_39,WH_4,SUP_10,East,444,11,345,0,17.9,30.09,0,0,18,2025,1,13,0,3,18.715958
2025-01-14,SKU_39,WH_4,SUP_10,East,444,11,345,0,17.9,30.09,0,0,18,2025,1,14,1,3,18.741344
2025-01-15,SKU_39,WH_4,SUP_10,East,444,11,345,0,17.9,30.09,0,0,18,2025,1,15,2,3,18.738022
2025-01-16,SKU_39,WH_4,SUP_10,East,444,11,345,0,17.9,30.09,0,0,18,2025,1,16,3,3,18.753809
2025-01-17,SKU_39,WH_4,SUP_10,East,444,11,345,0,17.9,30.09,0,0,18,2025,1,17,4,3,18.679663
2025-01-18,SKU_39,WH_4,SUP_10,East,444,11,345,0,17.9,30.09,0,0,18,2025,1,18,5,3,18.78234
2025-01-19,SKU_39,WH_4,SUP_10,East,444,11,345,0,17.9,30.09,0,0,18,2025,1,19,6,3,18.736414
2025-01-20,SKU_39,WH_4,SUP_10,East,444,11,345,0,17.9,30.09,0,0,18,2025,1,20,0,4,18.527458
2025-01-21,SKU_39,WH_4,SUP_10,East,444,11,345,0,17.9,30.09,0,0,18,2025,1,21,1,4,18.596424
2025-01-22,SKU_39,WH_4,SUP_10,East,444,11,345,0,17.9,30.09,0,0,18,2025,1,22,2,4,18.47228
2025-01-23,SKU_39,WH_4,SUP_10,East,444,11,345,0,17.9,30.09,0,0,18,2025,1,23,3,4,18.461096
2025-01-24,SKU_39,WH_4,SUP_10,East,444,11,345,0,17.9,30.09,0,0,18,2025,1,24,4,4,18.362192
2025-01-25,SKU_39,WH_4,SUP_10,East,444,11,345,0,17.9,30.09,0,0,18,2025,1,25,5,4,18.412863
2025-01-26,SKU_39,WH_4,SUP_10,East,444,11,345,0,17.9,30.09,0,0,18,2025,1,26,6,4,18.398046
2025-01-27,SKU_39,WH_4,SUP_10,East,444,11,345,0,17.9,30.09,0,0,18,2025,1,27,0,5,18.036255
2025-01-28,SKU_39,WH_4,SUP_10,East,444,11,345,0,17.9,30.09,0,0,18,2025,1,28,1,5,18.11436
2025-01-29,SKU_39,WH_4,SUP_10,East,444,11,345,0,17.9,30.09,0,0,18,2025,1,29,2,5,18.018963
2024-12-31,SKU_39,WH_3,SUP_4,North,587,4,252,373,15.6,26.08,0,0,28,2024,12,31,1,1,28.69875
2025-01-01,SKU_39,WH_3,SUP_4,North,587,4,252,373,15.6,26.08,0,0,28,2025,1,1,2,1,28.38274
2025-01-02,SKU_39,WH_3,SUP_4,North,587,4,252,373,15.6,26.08,0,0,28,2025,1,2,3,1,28.190825
2025-01-03,SKU_39,WH_3,SUP_4,North,587,4,252,373,15.6,26.08,0,0,28,2025,1,3,4,1,28.282425
2025-01-04,SKU_39,WH_3,SUP_4,North,587,4,252,373,15.6,26.08,0,0,28,2025,1,4,5,1,28.31835
2025-01-05,SKU_39,WH_3,SUP_4,North,587,4,252,373,15.6,26.08,0,0,28,2025,1,5,6,1,28.305067
2025-01-06,SKU_39,WH_3,SUP_4,North,587,4,252,373,15.6,26.08,0,0,28,2025,1,6,0,2,28.323593
2025-01-07,SKU_39,WH_3,SUP_4,North,587,4,252,373,15.6,26.08,0,0,28,2025,1,7,1,2,28.281675
2025-01-08,SKU_39,WH_3,SUP_4,North,587,4,252,373,15.6,26.08,0,0,28,2025,1,8,2,2,28.381344
2025-01-09,SKU_39,WH_3,SUP_4,North,587,4,252,373,15.6,26.08,0,0,28,2025,1,9,3,2,28.343994
2025-01-10,SKU_39,WH_3,SUP_4,North,587,4,252,373,15.6,26.08,0,0,28,2025,1,10,4,2,28.423656
2025-01-11,SKU_39,WH_3,SUP_4,North,587,4,252,373,15.6,26.08,0,0,28,2025,1,11,5,2,28.377516
2025-01-12,SKU_39,WH_3,SUP_4,North,587,4,252,373,15.6,26.08,0,0,28,2025,1,12,6,2,28.35628
2025-01-13,SKU_39,WH_3,SUP_4,North,587,4,252,373,15.6,26.08,0,0,28,2025,1,13,0,3,28.385344
2025-01-14,SKU_39,WH_3,SUP_4,North,587,4,252,373,15.6,26.08,0,0,28,2025,1,14,1,3,28.484022
2025-01-15,SKU_39,WH_3,SUP_4,North,587,4,252,373,15.6,26.08,0,0,28,2025,1,15,2,3,28.483397
2025-01-16,SKU_39,WH_3,SUP_4,North,587,4,252,373,15.6,26.08,0,0,28,2025,1,16,3,3,28.481306
2025-01-17,SKU_39,WH_3,SUP_4,North,587,4,252,373,15.6,26.08,0,0,28,2025,1,17,4,3,28.486769
2025-01-18,SKU_39,WH_3,SUP_4,North,587,4,252,373,15.6,26.08,0,0,28,2025,1,18,5,3,28.572205
2025-01-19,SKU_39,WH_3,SUP_4,North,587,4,252,373,15.6,26.08,0,0,28,2025,1,19,6,3,28.5117
2025-01-20,SKU_39,WH_3,SUP_4,North,587,4,252,373,15.6,26.08,0,0,28,2025,1,20,0,4,28.311056
2025-01-21,SKU_39,WH_3,SUP_4,North,587,4,252,373,15.6,26.08,0,0,28,2025,1,21,1,4,28.362288
2025-01-22,SKU_39,WH_3,SUP_4,North,587,4,252,373,15.6,26.08,0,0,28,2025,1,22,2,4,28.459826
2025-01-23,SKU_39,WH_3,SUP_4,North,587,4,252,373,15.6,26.08,0,0,28,2025,1,23,3,4,28.459446
2025-01-24,SKU_39,WH_3,SUP_4,North,587,4,252,373,15.6,26.08,0,0,28,2025,1,24,4,4,28.450357
2025-01-25,SKU_39,WH_3,SUP_4,North,587,4,252,373,15.6,26.08,0,0,28,2025,1,25,5,4,28.441593
2025-01-26,SKU_39,WH_3,SUP_4,North,587,4,252,373,15.6,26.08,0,0,28,2025,1,26,6,4,28.46331
2025-01-27,SKU_39,WH_3,SUP_4,North,587,4,252,373,15.6,26.08,0,0,28,2025,1,27,0,5,28.527105
2025-01-28,SKU_39,WH_3,SUP_4,North,587,4,252,373,15.6,26.08,0,0,28,2025,1,28,1,5,28.644506
2025-01-29,SKU_39,WH_3,SUP_4,North,587,4,252,373,15.6,26.08,0,0,28,2025,1,29,2,5,28.64388
2024-12-31,SKU_39,WH_2,SUP_3,East,684,8,351,0,11.76,19.83,0,0,16,2024,12,31,1,1,16.222937
2025-01-01,SKU_39,WH_2,SUP_3,East,684,8,351,0,11.76,19.83,0,0,16,2025,1,1,2,1,16.17864
2025-01-02,SKU_39,WH_2,SUP_3,East,684,8,351,0,11.76,19.83,0,0,16,2025,1,2,3,1,16.123434
2025-01-03,SKU_39,WH_2,SUP_3,East,684,8,351,0,11.76,19.83,0,0,16,2025,1,3,4,1,16.176058
2025-01-04,SKU_39,WH_2,SUP_3,East,684,8,351,0,11.76,19.83,0,0,16,2025,1,4,5,1,16.257252
2025-01-05,SKU_39,WH_2,SUP_3,East,684,8,351,0,11.76,19.83,0,0,16,2025,1,5,6,1,16.20591
2025-01-06,SKU_39,WH_2,SUP_3,East,684,8,351,0,11.76,19.83,0,0,16,2025,1,6,0,2,16.329882
2025-01-07,SKU_39,WH_2,SUP_3,East,684,8,351,0,11.76,19.83,0,0,16,2025,1,7,1,2,16.280666
2025-01-08,SKU_39,WH_2,SUP_3,East,684,8,351,0,11.76,19.83,0,0,16,2025,1,8,2,2,16.321095
2025-01-09,SKU_39,WH_2,SUP_3,East,684,8,351,0,11.76,19.83,0,0,16,2025,1,9,3,2,16.230944
2025-01-10,SKU_39,WH_2,SUP_3,East,684,8,351,0,11.76,19.83,0,0,16,2025,1,10,4,2,16.255032
2025-01-11,SKU_39,WH_2,SUP_3,East,684,8,351,0,11.76,19.83,0,0,16,2025,1,11,5,2,16.269373
2025-01-12,SKU_39,WH_2,SUP_3,East,684,8,351,0,11.76,19.83,0,0,16,2025,1,12,6,2,16.210077
2025-01-13,SKU_39,WH_2,SUP_3,East,684,8,351,0,11.76,19.83,0,0,16,2025,1,13,0,3,16.178015
2025-01-14,SKU_39,WH_2,SUP_3,East,684,8,351,0,11.76,19.83,0,0,16,2025,1,14,1,3,16.15114
2025-01-15,SKU_39,WH_2,SUP_3,East,684,8,351,0,11.76,19.83,0,0,16,2025,1,15,2,3,16.06473
2025-01-16,SKU_39,WH_2,SUP_3,East,684,8,351,0,11.76,19.83,0,0,16,2025,1,16,3,3,16.088747
2025-01-17,SKU_39,WH_2,SUP_3,East,684,8,351,0,11.76,19.83,0,0,16,2025,1,17,4,3,16.03525
2025-01-18,SKU_39,WH_2,SUP_3,East,684,8,351,0,11.76,19.83,0,0,16,2025,1,18,5,3,16.176067
2025-01-19,SKU_39,WH_2,SUP_3,East,684,8,351,0,11.76,19.83,0,0,16,2025,1,19,6,3,16.128502
2025-01-20,SKU_39,WH_2,SUP_3,East,684,8,351,0,11.76,19.83,0,0,16,2025,1,20,0,4,15.787879
2025-01-21,SKU_39,WH_2,SUP_3,East,684,8,351,0,11.76,19.83,0,0,16,2025,1,21,1,4,15.753692
2025-01-22,SKU_39,WH_2,SUP_3,East,684,8,351,0,11.76,19.83,0,0,16,2025,1,22,2,4,15.748005
2025-01-23,SKU_39,WH_2,SUP_3,East,684,8,351,0,11.76,19.83,0,0,16,2025,1,23,3,4,15.773732
2025-01-24,SKU_39,WH_2,SUP_3,East,684,8,351,0,11.76,19.83,0,0,16,2025,1,24,4,4,15.763794
2025-01-25,SKU_39,WH_2,SUP_3,East,684,8,351,0,11.76,19.83,0,0,16,2025,1,25,5,4,15.819447
2025-01-26,SKU_39,WH_2,SUP_3,East,684,8,351,0,11.76,19.83,0,0,16,2025,1,26,6,4,15.784614
2025-01-27,SKU_39,WH_2,SUP_3,East,684,8,351,0,11.76,19.83,0,0,16,2025,1,27,0,5,15.719015
2025-01-28,SKU_39,WH_2,SUP_3,East,684,8,351,0,11.76,19.83,0,0,16,2025,1,28,1,5,15.732137
2025-01-29,SKU_39,WH_2,SUP_3,East,684,8,351,0,11.76,19.83,0,0,16,2025,1,29,2,5,15.7249565
2024-12-31,SKU_39,WH_1,SUP_6,South,388,10,390,0,5.94,7.64,0,0,22,2024,12,31,1,1,21.763824
2025-01-01,SKU_39,WH_1,SUP_6,South,388,10,390,0,5.94,7.64,0,0,22,2025,1,1,2,1,21.84504
2025-01-02,SKU_39,WH_1,SUP_6,South,388,10,390,0,5.94,7.64,0,0,22,2025,1,2,3,1,21.701572
2025-01-03,SKU_39,WH_1,SUP_6,South,388,10,390,0,5.94,7.64,0,0,22,2025,1,3,4,1,21.738815
2025-01-04,SKU_39,WH_1,SUP_6,South,388,10,390,0,5.94,7.64,0,0,22,2025,1,4,5,1,21.82321
2025-01-05,SKU_39,WH_1,SUP_6,South,388,10,390,0,5.94,7.64,0,0,22,2025,1,5,6,1,21.81673
2025-01-06,SKU_39,WH_1,SUP_6,South,388,10,390,0,5.94,7.64,0,0,22,2025,1,6,0,2,21.992453
2025-01-07,SKU_39,WH_1,SUP_6,South,388,10,390,0,5.94,7.64,0,0,22,2025,1,7,1,2,21.967323
2025-01-08,SKU_39,WH_1,SUP_6,South,388,10,390,0,5.94,7.64,0,0,22,2025,1,8,2,2,22.043383
2025-01-09,SKU_39,WH_1,SUP_6,South,388,10,390,0,5.94,7.64,0,0,22,2025,1,9,3,2,22.005404
2025-01-10,SKU_39,WH_1,SUP_6,South,388,10,390,0,5.94,7.64,0,0,22,2025,1,10,4,2,21.94941
2025-01-11,SKU_39,WH_1,SUP_6,South,388,10,390,0,5.94,7.64,0,0,22,2025,1,11,5,2,21.934929
2025-01-12,SKU_39,WH_1,SUP_6,South,388,10,390,0,5.94,7.64,0,0,22,2025,1,12,6,2,22.079292
2025-01-13,SKU_39,WH_1,SUP_6,South,388,10,390,0,5.94,7.64,0,0,22,2025,1,13,0,3,22.251019
2025-01-14,SKU_39,WH_1,SUP_6,South,388,10,390,0,5.94,7.64,0,0,22,2025,1,14,1,3,22.279894
2025-01-15,SKU_39,WH_1,SUP_6,South,388,10,390,0,5.94,7.64,0,0,22,2025,1,15,2,3,22.20108
2025-01-16,SKU_39,WH_1,SUP_6,South,388,10,390,0,5.94,7.64,0,0,22,2025,1,16,3,3,22.19004
2025-01-17,SKU_39,WH_1,SUP_6,South,388,10,390,0,5.94,7.64,0,0,22,2025,1,17,4,3,22.168978
2025-01-18,SKU_39,WH_1,SUP_6,South,388,10,390,0,5.94,7.64,0,0,22,2025,1,18,5,3,22.289562
2025-01-19,SKU_39,WH_1,SUP_6,South,388,10,390,0,5.94,7.64,0,0,22,2025,1,19,6,3,22.290115
2025-01-20,SKU_39,WH_1,SUP_6,South,388,10,390,0,5.94,7.64,0,0,22,2025,1,20,0,4,22.14007
2025-01-21,SKU_39,WH_1,SUP_6,South,388,10,390,0,5.94,7.64,0,0,22,2025,1,21,1,4,22.170261
2025-01-22,SKU_39,WH_1,SUP_6,South,388,10,390,0,5.94,7.64,0,0,22,2025,1,22,2,4,22.12017
2025-01-23,SKU_39,WH_1,SUP_6,South,388,10,390,0,5.94,7.64,0,0,22,2025,1,23,3,4,22.10808
2025-01-24,SKU_39,WH_1,SUP_6,South,388,10,390,0,5.94,7.64,0,0,22,2025,1,24,4,4,22.005577
2025-01-25,SKU_39,WH_1,SUP_6,South,388,10,390,0,5.94,7.64,0,0,22,2025,1,25,5,4,21.862415
2025-01-26,SKU_39,WH_1,SUP_6,South,388,10,390,0,5.94,7.64,0,0,22,2025,1,26,6,4,21.864367
2025-01-27,SKU_39,WH_1,SUP_6,South,388,10,390,0,5.94,7.64,0,0,22,2025,1,27,0,5,21.847195
2025-01-28,SKU_39,WH_1,SUP_6,South,388,10,390,0,5.94,7.64,0,0,22,2025,1,28,1,5,21.862152
2025-01-29,SKU_39,WH_1,SUP_6,South,388,10,390,0,5.94,7.64,0,0,22,2025,1,29,2,5,21.844938
2024-12-31,SKU_38,WH_5,SUP_5,West,475,13,273,243,19.3,34.25,0,0,24,2024,12,31,1,1,23.380957
2025-01-01,SKU_38,WH_5,SUP_5,West,475,13,273,243,19.3,34.25,0,0,24,2025,1,1,2,1,23.86151
2025-01-02,SKU_38,WH_5,SUP_5,West,475,13,273,243,19.3,34.25,0,0,24,2025,1,2,3,1,23.981237
2025-01-03,SKU_38,WH_5,SUP_5,West,475,13,273,243,19.3,34.25,0,0,24,2025,1,3,4,1,24.07888
2025-01-04,SKU_38,WH_5,SUP_5,West,475,13,273,243,19.3,34.25,0,0,24,2025,1,4,5,1,24.119919
2025-01-05,SKU_38,WH_5,SUP_5,West,475,13,273,243,19.3,34.25,0,0,24,2025,1,5,6,1,24.099424
2025-01-06,SKU_38,WH_5,SUP_5,West,475,13,273,243,19.3,34.25,0,0,24,2025,1,6,0,2,23.962524
2025-01-07,SKU_38,WH_5,SUP_5,West,475,13,273,243,19.3,34.25,0,0,24,2025,1,7,1,2,23.959774
2025-01-08,SKU_38,WH_5,SUP_5,West,475,13,273,243,19.3,34.25,0,0,24,2025,1,8,2,2,24.003075
2025-01-09,SKU_38,WH_5,SUP_5,West,475,13,273,243,19.3,34.25,0,0,24,2025,1,9,3,2,24.09864
2025-01-10,SKU_38,WH_5,SUP_5,West,475,13,273,243,19.3,34.25,0,0,24,2025,1,10,4,2,24.139482
2025-01-11,SKU_38,WH_5,SUP_5,West,475,13,273,243,19.3,34.25,0,0,24,2025,1,11,5,2,24.16623
2025-01-12,SKU_38,WH_5,SUP_5,West,475,13,273,243,19.3,34.25,0,0,24,2025,1,12,6,2,24.080078
2025-01-13,SKU_38,WH_5,SUP_5,West,475,13,273,243,19.3,34.25,0,0,24,2025,1,13,0,3,23.897043
2025-01-14,SKU_38,WH_5,SUP_5,West,475,13,273,243,19.3,34.25,0,0,24,2025,1,14,1,3,24.112656
2025-01-15,SKU_38,WH_5,SUP_5,West,475,13,273,243,19.3,34.25,0,0,24,2025,1,15,2,3,24.044218
2025-01-16,SKU_38,WH_5,SUP_5,West,475,13,273,243,19.3,34.25,0,0,24,2025,1,16,3,3,24.167942
2025-01-17,SKU_38,WH_5,SUP_5,West,475,13,273,243,19.3,34.25,0,0,24,2025,1,17,4,3,24.12226
2025-01-18,SKU_38,WH_5,SUP_5,West,475,13,273,243,19.3,34.25,0,0,24,2025,1,18,5,3,24.229193
2025-01-19,SKU_38,WH_5,SUP_5,West,475,13,273,243,19.3,34.25,0,0,24,2025,1,19,6,3,24.208698
2025-01-20,SKU_38,WH_5,SUP_5,West,475,13,273,243,19.3,34.25,0,0,24,2025,1,20,0,4,24.022022
2025-01-21,SKU_38,WH_5,SUP_5,West,475,13,273,243,19.3,34.25,0,0,24,2025,1,21,1,4,24.055666
2025-01-22,SKU_38,WH_5,SUP_5,West,475,13,273,243,19.3,34.25,0,0,24,2025,1,22,2,4,23.923105
2025-01-23,SKU_38,WH_5,SUP_5,West,475,13,273,243,19.3,34.25,0,0,24,2025,1,23,3,4,23.914495
2025-01-24,SKU_38,WH_5,SUP_5,West,475,13,273,243,19.3,34.25,0,0,24,2025,1,24,4,4,23.873026
2025-01-25,SKU_38,WH_5,SUP_5,West,475,13,273,243,19.3,34.25,0,0,24,2025,1,25,5,4,23.832745
2025-01-26,SKU_38,WH_5,SUP_5,West,475,13,273,243,19.3,34.25,0,0,24,2025,1,26,6,4,23.830246
2025-01-27,SKU_38,WH_5,SUP_5,West,475,13,273,243,19.3,34.25,0,0,24,2025,1,27,0,5,23.656256
2025-01-28,SKU_38,WH_5,SUP_5,West,475,13,273,243,19.3,34.25,0,0,24,2025,1,28,1,5,23.755482
2025-01-29,SKU_38,WH_5,SUP_5,West,475,13,273,243,19.3,34.25,0,0,24,2025,1,29,2,5,23.631521
2024-12-31,SKU_44,WH_2,SUP_7,East,327,2,335,0,8.9,15.33,0,0,18,2024,12,31,1,1,17.410547
2025-01-01,SKU_44,WH_2,SUP_7,East,327,2,335,0,8.9,15.33,0,0,18,2025,1,1,2,1,17.68596
2025-01-02,SKU_44,WH_2,SUP_7,East,327,2,335,0,8.9,15.33,0,0,18,2025,1,2,3,1,17.687698
2025-01-03,SKU_44,WH_2,SUP_7,East,327,2,335,0,8.9,15.33,0,0,18,2025,1,3,4,1,17.884014
2025-01-04,SKU_44,WH_2,SUP_7,East,327,2,335,0,8.9,15.33,0,0,18,2025,1,4,5,1,18.000221
2025-01-05,SKU_44,WH_2,SUP_7,East,327,2,335,0,8.9,15.33,0,0,18,2025,1,5,6,1,17.913874
2025-01-06,SKU_44,WH_2,SUP_7,East,327,2,335,0,8.9,15.33,0,0,18,2025,1,6,0,2,18.090849
2025-01-07,SKU_44,WH_2,SUP_7,East,327,2,335,0,8.9,15.33,0,0,18,2025,1,7,1,2,18.042265
2025-01-08,SKU_44,WH_2,SUP_7,East,327,2,335,0,8.9,15.33,0,0,18,2025,1,8,2,2,18.155584
2025-01-09,SKU_44,WH_2,SUP_7,East,327,2,335,0,8.9,15.33,0,0,18,2025,1,9,3,2,18.170082
2025-01-10,SKU_44,WH_2,SUP_7,East,327,2,335,0,8.9,15.33,0,0,18,2025,1,10,4,2,18.188398
2025-01-11,SKU_44,WH_2,SUP_7,East,327,2,335,0,8.9,15.33,0,0,18,2025,1,11,5,2,17.964209
2025-01-12,SKU_44,WH_2,SUP_7,East,327,2,335,0,8.9,15.33,0,0,18,2025,1,12,6,2,17.847435
2025-01-13,SKU_44,WH_2,SUP_7,East,327,2,335,0,8.9,15.33,0,0,18,2025,1,13,0,3,17.87147
2025-01-14,SKU_44,WH_2,SUP_7,East,327,2,335,0,8.9,15.33,0,0,18,2025,1,14,1,3,17.888733
2025-01-15,SKU_44,WH_2,SUP_7,East,327,2,335,0,8.9,15.33,0,0,18,2025,1,15,2,3,17.872417
2025-01-16,SKU_44,WH_2,SUP_7,East,327,2,335,0,8.9,15.33,0,0,18,2025,1,16,3,3,17.884724
2025-01-17,SKU_44,WH_2,SUP_7,East,327,2,335,0,8.9,15.33,0,0,18,2025,1,17,4,3,17.909298
2025-01-18,SKU_44,WH_2,SUP_7,East,327,2,335,0,8.9,15.33,0,0,18,2025,1,18,5,3,18.077034
2025-01-19,SKU_44,WH_2,SUP_7,East,327,2,335,0,8.9,15.33,0,0,18,2025,1,19,6,3,18.001497
2025-01-20,SKU_44,WH_2,SUP_7,East,327,2,335,0,8.9,15.33,0,0,18,2025,1,20,0,4,17.690718
2025-01-21,SKU_44,WH_2,SUP_7,East,327,2,335,0,8.9,15.33,0,0,18,2025,1,21,1,4,17.681643
2025-01-22,SKU_44,WH_2,SUP_7,East,327,2,335,0,8.9,15.33,0,0,18,2025,1,22,2,4,17.681355
2025-01-23,SKU_44,WH_2,SUP_7,East,327,2,335,0,8.9,15.33,0,0,18,2025,1,23,3,4,17.750317
2025-01-24,SKU_44,WH_2,SUP_7,East,327,2,335,0,8.9,15.33,0,0,18,2025,1,24,4,4,17.685219
2025-01-25,SKU_44,WH_2,SUP_7,East,327,2,335,0,8.9,15.33,0,0,18,2025,1,25,5,4,17.739027
2025-01-26,SKU_44,WH_2,SUP_7,East,327,2,335,0,8.9,15.33,0,0,18,2025,1,26,6,4,17.682348
2025-01-27,SKU_44,WH_2,SUP_7,East,327,2,335,0,8.9,15.33,0,0,18,2025,1,27,0,5,17.404268
2025-01-28,SKU_44,WH_2,SUP_7,East,327,2,335,0,8.9,15.33,0,0,18,2025,1,28,1,5,17.434784
2025-01-29,SKU_44,WH_2,SUP_7,East,327,2,335,0,8.9,15.33,0,0,18,2025,1,29,2,5,17.44274
2024-12-31,SKU_38,WH_4,SUP_6,South,378,13,349,0,17.81,24.94,0,0,14,2024,12,31,1,1,13.034152
2025-01-01,SKU_38,WH_4,SUP_6,South,378,13,349,0,17.81,24.94,0,0,14,2025,1,1,2,1,13.455888
2025-01-02,SKU_38,WH_4,SUP_6,South,378,13,349,0,17.81,24.94,0,0,14,2025,1,2,3,1,13.363999
2025-01-03,SKU_38,WH_4,SUP_6,South,378,13,349,0,17.81,24.94,0,0,14,2025,1,3,4,1,13.4286
2025-01-04,SKU_38,WH_4,SUP_6,South,378,13,349,0,17.81,24.94,0,0,14,2025,1,4,5,1,13.563297
2025-01-05,SKU_38,WH_4,SUP_6,South,378,13,349,0,17.81,24.94,0,0,14,2025,1,5,6,1,13.421803
2025-01-06,SKU_38,WH_4,SUP_6,South,378,13,349,0,17.81,24.94,0,0,14,2025,1,6,0,2,13.440409
2025-01-07,SKU_38,WH_4,SUP_6,South,378,13,349,0,17.81,24.94,0,0,14,2025,1,7,1,2,13.357985
2025-01-08,SKU_38,WH_4,SUP_6,South,378,13,349,0,17.81,24.94,0,0,14,2025,1,8,2,2,13.384681
2025-01-09,SKU_38,WH_4,SUP_6,South,378,13,349,0,17.81,24.94,0,0,14,2025,1,9,3,2,13.367841
2025-01-10,SKU_38,WH_4,SUP_6,South,378,13,349,0,17.81,24.94,0,0,14,2025,1,10,4,2,13.423016
2025-01-11,SKU_38,WH_4,SUP_6,South,378,13,349,0,17.81,24.94,0,0,14,2025,1,11,5,2,13.497879
2025-01-12,SKU_38,WH_4,SUP_6,South,378,13,349,0,17.81,24.94,0,0,14,2025,1,12,6,2,13.325961
2025-01-13,SKU_38,WH_4,SUP_6,South,378,13,349,0,17.81,24.94,0,0,14,2025,1,13,0,3,13.384268
2025-01-14,SKU_38,WH_4,SUP_6,South,378,13,349,0,17.81,24.94,0,0,14,2025,1,14,1,3,13.431325
2025-01-15,SKU_38,WH_4,SUP_6,South,378,13,349,0,17.81,24.94,0,0,14,2025,1,15,2,3,13.371483
2025-01-16,SKU_38,WH_4,SUP_6,South,378,13,349,0,17.81,24.94,0,0,14,2025,1,16,3,3,13.38727
2025-01-17,SKU_38,WH_4,SUP_6,South,378,13,349,0,17.81,24.94,0,0,14,2025,1,17,4,3,13.382403
2025-01-18,SKU_38,WH_4,SUP_6,South,378,13,349,0,17.81,24.94,0,0,14,2025,1,18,5,3,13.581242
2025-01-19,SKU_38,WH_4,SUP_6,South,378,13,349,0,17.81,24.94,0,0,14,2025,1,19,6,3,13.552136
2025-01-20,SKU_38,WH_4,SUP_6,South,378,13,349,0,17.81,24.94,0,0,14,2025,1,20,0,4,13.538483
2025-01-21,SKU_38,WH_4,SUP_6,South,378,13,349,0,17.81,24.94,0,0,14,2025,1,21,1,4,13.574583
2025-01-22,SKU_38,WH_4,SUP_6,South,378,13,349,0,17.81,24.94,0,0,14,2025,1,22,2,4,13.499764
2025-01-23,SKU_38,WH_4,SUP_6,South,378,13,349,0,17.81,24.94,0,0,14,2025,1,23,3,4,13.517262
2025-01-24,SKU_38,WH_4,SUP_6,South,378,13,349,0,17.81,24.94,0,0,14,2025,1,24,4,4,13.51045
2025-01-25,SKU_38,WH_4,SUP_6,South,378,13,349,0,17.81,24.94,0,0,14,2025,1,25,5,4,13.615311
2025-01-26,SKU_38,WH_4,SUP_6,South,378,13,349,0,17.81,24.94,0,0,14,2025,1,26,6,4,13.629368
2025-01-27,SKU_38,WH_4,SUP_6,South,378,13,349,0,17.81,24.94,0,0,14,2025,1,27,0,5,13.587485
2025-01-28,SKU_38,WH_4,SUP_6,South,378,13,349,0,17.81,24.94,0,0,14,2025,1,28,1,5,13.629452
2025-01-29,SKU_38,WH_4,SUP_6,South,378,13,349,0,17.81,24.94,0,0,14,2025,1,29,2,5,13.497735
2024-12-31,SKU_44,WH_3,SUP_1,East,200,13,201,0,10.88,17.46,0,0,16,2024,12,31,1,1,17.608482
2025-01-01,SKU_44,WH_3,SUP_1,East,200,13,201,0,10.88,17.46,0,0,16,2025,1,1,2,1,17.710701
2025-01-02,SKU_44,WH_3,SUP_1,East,200,13,201,0,10.88,17.46,0,0,16,2025,1,2,3,1,17.630142
2025-01-03,SKU_44,WH_3,SUP_1,East,200,13,201,0,10.88,17.46,0,0,16,2025,1,3,4,1,17.596247
2025-01-04,SKU_44,WH_3,SUP_1,East,200,13,201,0,10.88,17.46,0,0,16,2025,1,4,5,1,17.632133
2025-01-05,SKU_44,WH_3,SUP_1,East,200,13,201,0,10.88,17.46,0,0,16,2025,1,5,6,1,17.515043
2025-01-06,SKU_44,WH_3,SUP_1,East,200,13,201,0,10.88,17.46,0,0,16,2025,1,6,0,2,17.721016
2025-01-07,SKU_44,WH_3,SUP_1,East,200,13,201,0,10.88,17.46,0,0,16,2025,1,7,1,2,17.68638
2025-01-08,SKU_44,WH_3,SUP_1,East,200,13,201,0,10.88,17.46,0,0,16,2025,1,8,2,2,17.746935
2025-01-09,SKU_44,WH_3,SUP_1,East,200,13,201,0,10.88,17.46,0,0,16,2025,1,9,3,2,17.552975
2025-01-10,SKU_44,WH_3,SUP_1,East,200,13,201,0,10.88,17.46,0,0,16,2025,1,10,4,2,17.549246
2025-01-11,SKU_44,WH_3,SUP_1,East,200,13,201,0,10.88,17.46,0,0,16,2025,1,11,5,2,17.618868
2025-01-12,SKU_44,WH_3,SUP_1,East,200,13,201,0,10.88,17.46,0,0,16,2025,1,12,6,2,17.497484
2025-01-13,SKU_44,WH_3,SUP_1,East,200,13,201,0,10.88,17.46,0,0,16,2025,1,13,0,3,17.502188
2025-01-14,SKU_44,WH_3,SUP_1,East,200,13,201,0,10.88,17.46,0,0,16,2025,1,14,1,3,17.590054
2025-01-15,SKU_44,WH_3,SUP_1,East,200,13,201,0,10.88,17.46,0,0,16,2025,1,15,2,3,17.420065
2025-01-16,SKU_44,WH_3,SUP_1,East,200,13,201,0,10.88,17.46,0,0,16,2025,1,16,3,3,17.273252
2025-01-17,SKU_44,WH_3,SUP_1,East,200,13,201,0,10.88,17.46,0,0,16,2025,1,17,4,3,17.22815
2025-01-18,SKU_44,WH_3,SUP_1,East,200,13,201,0,10.88,17.46,0,0,16,2025,1,18,5,3,17.459074
2025-01-19,SKU_44,WH_3,SUP_1,East,200,13,201,0,10.88,17.46,0,0,16,2025,1,19,6,3,17.36881
2025-01-20,SKU_44,WH_3,SUP_1,East,200,13,201,0,10.88,17.46,0,0,16,2025,1,20,0,4,17.422
2025-01-21,SKU_44,WH_3,SUP_1,East,200,13,201,0,10.88,17.46,0,0,16,2025,1,21,1,4,17.14739
2025-01-22,SKU_44,WH_3,SUP_1,East,200,13,201,0,10.88,17.46,0,0,16,2025,1,22,2,4,16.931244
2025-01-23,SKU_44,WH_3,SUP_1,East,200,13,201,0,10.88,17.46,0,0,16,2025,1,23,3,4,16.626919
2025-01-24,SKU_44,WH_3,SUP_1,East,200,13,201,0,10.88,17.46,0,0,16,2025,1,24,4,4,16.534378
2025-01-25,SKU_44,WH_3,SUP_1,East,200,13,201,0,10.88,17.46,0,0,16,2025,1,25,5,4,16.468777
2025-01-26,SKU_44,WH_3,SUP_1,East,200,13,201,0,10.88,17.46,0,0,16,2025,1,26,6,4,16.710983
2025-01-27,SKU_44,WH_3,SUP_1,East,200,13,201,0,10.88,17.46,0,0,16,2025,1,27,0,5,16.990374
2025-01-28,SKU_44,WH_3,SUP_1,East,200,13,201,0,10.88,17.46,0,0,16,2025,1,28,1,5,16.816916
2025-01-29,SKU_44,WH_3,SUP_1,East,200,13,201,0,10.88,17.46,0,0,16,2025,1,29,2,5,16.585205
2024-12-31,SKU_44,WH_5,SUP_5,South,567,4,246,0,6.08,7.5,0,0,23,2024,12,31,1,1,22.479023
2025-01-01,SKU_44,WH_5,SUP_5,South,567,4,246,0,6.08,7.5,0,0,23,2025,1,1,2,1,22.865906
2025-01-02,SKU_44,WH_5,SUP_5,South,567,4,246,0,6.08,7.5,0,0,23,2025,1,2,3,1,22.653614
2025-01-03,SKU_44,WH_5,SUP_5,South,567,4,246,0,6.08,7.5,0,0,23,2025,1,3,4,1,22.689257
2025-01-04,SKU_44,WH_5,SUP_5,South,567,4,246,0,6.08,7.5,0,0,23,2025,1,4,5,1,22.674377
2025-01-05,SKU_44,WH_5,SUP_5,South,567,4,246,0,6.08,7.5,0,0,23,2025,1,5,6,1,22.675993
2025-01-06,SKU_44,WH_5,SUP_5,South,567,4,246,0,6.08,7.5,0,0,23,2025,1,6,0,2,22.848509
2025-01-07,SKU_44,WH_5,SUP_5,South,567,4,246,0,6.08,7.5,0,0,23,2025,1,7,1,2,22.846457
2025-01-08,SKU_44,WH_5,SUP_5,South,567,4,246,0,6.08,7.5,0,0,23,2025,1,8,2,2,22.97566
2025-01-09,SKU_44,WH_5,SUP_5,South,567,4,246,0,6.08,7.5,0,0,23,2025,1,9,3,2,22.97528
2025-01-10,SKU_44,WH_5,SUP_5,South,567,4,246,0,6.08,7.5,0,0,23,2025,1,10,4,2,22.994652
2025-01-11,SKU_44,WH_5,SUP_5,South,567,4,246,0,6.08,7.5,0,0,23,2025,1,11,5,2,22.968786
2025-01-12,SKU_44,WH_5,SUP_5,South,567,4,246,0,6.08,7.5,0,0,23,2025,1,12,6,2,22.962448
2025-01-13,SKU_44,WH_5,SUP_5,South,567,4,246,0,6.08,7.5,0,0,23,2025,1,13,0,3,23.07387
2025-01-14,SKU_44,WH_5,SUP_5,South,567,4,246,0,6.08,7.5,0,0,23,2025,1,14,1,3,23.155073
2025-01-15,SKU_44,WH_5,SUP_5,South,567,4,246,0,6.08,7.5,0,0,23,2025,1,15,2,3,23.170877
2025-01-16,SKU_44,WH_5,SUP_5,South,567,4,246,0,6.08,7.5,0,0,23,2025,1,16,3,3,23.171549
2025-01-17,SKU_44,WH_5,SUP_5,South,567,4,246,0,6.08,7.5,0,0,23,2025,1,17,4,3,23.134218
2025-01-18,SKU_44,WH_5,SUP_5,South,567,4,246,0,6.08,7.5,0,0,23,2025,1,18,5,3,23.201832
2025-01-19,SKU_44,WH_5,SUP_5,South,567,4,246,0,6.08,7.5,0,0,23,2025,1,19,6,3,23.203447
2025-01-20,SKU_44,WH_5,SUP_5,South,567,4,246,0,6.08,7.5,0,0,23,2025,1,20,0,4,23.024113
2025-01-21,SKU_44,WH_5,SUP_5,South,567,4,246,0,6.08,7.5,0,0,23,2025,1,21,1,4,23.01123
2025-01-22,SKU_44,WH_5,SUP_5,South,567,4,246,0,6.08,7.5,0,0,23,2025,1,22,2,4,23.013773
2025-01-23,SKU_44,WH_5,SUP_5,South,567,4,246,0,6.08,7.5,0,0,23,2025,1,23,3,4,23.013393
2025-01-24,SKU_44,WH_5,SUP_5,South,567,4,246,0,6.08,7.5,0,0,23,2025,1,24,4,4,22.942633
2025-01-25,SKU_44,WH_5,SUP_5,South,567,4,246,0,6.08,7.5,0,0,23,2025,1,25,5,4,22.99071
2025-01-26,SKU_44,WH_5,SUP_5,South,567,4,246,0,6.08,7.5,0,0,23,2025,1,26,6,4,22.990969
2025-01-27,SKU_44,WH_5,SUP_5,South,567,4,246,0,6.08,7.5,0,0,23,2025,1,27,0,5,22.841496
2025-01-28,SKU_44,WH_5,SUP_5,South,567,4,246,0,6.08,7.5,0,0,23,2025,1,28,1,5,22.86029
2025-01-29,SKU_44,WH_5,SUP_5,South,567,4,246,0,6.08,7.5,0,0,23,2025,1,29,2,5,22.843882
2024-12-31,SKU_50,WH_2,SUP_2,North,275,3,230,0,10.3,16.69,0,0,24,2024,12,31,1,1,23.555481
2025-01-01,SKU_50,WH_2,SUP_2,North,275,3,230,0,10.3,16.69,0,0,24,2025,1,1,2,1,23.58419
2025-01-02,SKU_50,WH_2,SUP_2,North,275,3,230,0,10.3,16.69,0,0,24,2025,1,2,3,1,23.664003
2025-01-03,SKU_50,WH_2,SUP_2,North,275,3,230,0,10.3,16.69,0,0,24,2025,1,3,4,1,23.878561
2025-01-04,SKU_50,WH_2,SUP_2,North,275,3,230,0,10.3,16.69,0,0,24,2025,1,4,5,1,23.954393
2025-01-05,SKU_50,WH_2,SUP_2,North,275,3,230,0,10.3,16.69,0,0,24,2025,1,5,6,1,23.961618
2025-01-06,SKU_50,WH_2,SUP_2,North,275,3,230,0,10.3,16.69,0,0,24,2025,1,6,0,2,23.829767
2025-01-07,SKU_50,WH_2,SUP_2,North,275,3,230,0,10.3,16.69,0,0,24,2025,1,7,1,2,23.800323
2025-01-08,SKU_50,WH_2,SUP_2,North,275,3,230,0,10.3,16.69,0,0,24,2025,1,8,2,2,24.011156
2025-01-09,SKU_50,WH_2,SUP_2,North,275,3,230,0,10.3,16.69,0,0,24,2025,1,9,3,2,23.999065
2025-01-10,SKU_50,WH_2,SUP_2,North,275,3,230,0,10.3,16.69,0,0,24,2025,1,10,4,2,23.94263
2025-01-11,SKU_50,WH_2,SUP_2,North,275,3,230,0,10.3,16.69,0,0,24,2025,1,11,5,2,23.98672
2025-01-12,SKU_50,WH_2,SUP_2,North,275,3,230,0,10.3,16.69,0,0,24,2025,1,12,6,2,23.981697
2025-01-13,SKU_50,WH_2,SUP_2,North,275,3,230,0,10.3,16.69,0,0,24,2025,1,13,0,3,24.079405
2025-01-14,SKU_50,WH_2,SUP_2,North,275,3,230,0,10.3,16.69,0,0,24,2025,1,14,1,3,24.228876
2025-01-15,SKU_50,WH_2,SUP_2,North,275,3,230,0,10.3,16.69,0,0,24,2025,1,15,2,3,24.24568
2025-01-16,SKU_50,WH_2,SUP_2,North,275,3,230,0,10.3,16.69,0,0,24,2025,1,16,3,3,24.244432
2025-01-17,SKU_50,WH_2,SUP_2,North,275,3,230,0,10.3,16.69,0,0,24,2025,1,17,4,3,24.21341
2025-01-18,SKU_50,WH_2,SUP_2,North,275,3,230,0,10.3,16.69,0,0,24,2025,1,18,5,3,24.338453
2025-01-19,SKU_50,WH_2,SUP_2,North,275,3,230,0,10.3,16.69,0,0,24,2025,1,19,6,3,24.35649
2025-01-20,SKU_50,WH_2,SUP_2,North,275,3,230,0,10.3,16.69,0,0,24,2025,1,20,0,4,24.145739
2025-01-21,SKU_50,WH_2,SUP_2,North,275,3,230,0,10.3,16.69,0,0,24,2025,1,21,1,4,24.143269
2025-01-22,SKU_50,WH_2,SUP_2,North,275,3,230,0,10.3,16.69,0,0,24,2025,1,22,2,4,24.134155
2025-01-23,SKU_50,WH_2,SUP_2,North,275,3,230,0,10.3,16.69,0,0,24,2025,1,23,3,4,24.122065
2025-01-24,SKU_50,WH_2,SUP_2,North,275,3,230,0,10.3,16.69,0,0,24,2025,1,24,4,4,24.090696
2025-01-25,SKU_50,WH_2,SUP_2,North,275,3,230,0,10.3,16.69,0,0,24,2025,1,25,5,4,24.115543
2025-01-26,SKU_50,WH_2,SUP_2,North,275,3,230,0,10.3,16.69,0,0,24,2025,1,26,6,4,24.12491
2025-01-27,SKU_50,WH_2,SUP_2,North,275,3,230,0,10.3,16.69,0,0,24,2025,1,27,0,5,24.046211
2025-01-28,SKU_50,WH_2,SUP_2,North,275,3,230,0,10.3,16.69,0,0,24,2025,1,28,1,5,24.079544
2025-01-29,SKU_50,WH_2,SUP_2,North,275,3,230,0,10.3,16.69,0,0,24,2025,1,29,2,5,24.03687
2024-12-31,SKU_50,WH_1,SUP_4,North,609,10,245,0,5.3,7.19,0,0,18,2024,12,31,1,1,18.014282
2025-01-01,SKU_50,WH_1,SUP_4,North,609,10,245,0,5.3,7.19,0,0,18,2025,1,1,2,1,18.520103
2025-01-02,SKU_50,WH_1,SUP_4,North,609,10,245,0,5.3,7.19,0,0,18,2025,1,2,3,1,18.147469
2025-01-03,SKU_50,WH_1,SUP_4,North,609,10,245,0,5.3,7.19,0,0,18,2025,1,3,4,1,18.198854
2025-01-04,SKU_50,WH_1,SUP_4,North,609,10,245,0,5.3,7.19,0,0,18,2025,1,4,5,1,18.029428
2025-01-05,SKU_50,WH_1,SUP_4,North,609,10,245,0,5.3,7.19,0,0,18,2025,1,5,6,1,17.992819
2025-01-06,SKU_50,WH_1,SUP_4,North,609,10,245,0,5.3,7.19,0,0,18,2025,1,6,0,2,18.268417
2025-01-07,SKU_50,WH_1,SUP_4,North,609,10,245,0,5.3,7.19,0,0,18,2025,1,7,1,2,18.281727
2025-01-08,SKU_50,WH_1,SUP_4,North,609,10,245,0,5.3,7.19,0,0,18,2025,1,8,2,2,18.346872
2025-01-09,SKU_50,WH_1,SUP_4,North,609,10,245,0,5.3,7.19,0,0,18,2025,1,9,3,2,18.3726
2025-01-10,SKU_50,WH_1,SUP_4,North,609,10,245,0,5.3,7.19,0,0,18,2025,1,10,4,2,18.400639
2025-01-11,SKU_50,WH_1,SUP_4,North,609,10,245,0,5.3,7.19,0,0,18,2025,1,11,5,2,18.344826
2025-01-12,SKU_50,WH_1,SUP_4,North,609,10,245,0,5.3,7.19,0,0,18,2025,1,12,6,2,18.312895
2025-01-13,SKU_50,WH_1,SUP_4,North,609,10,245,0,5.3,7.19,0,0,18,2025,1,13,0,3,18.502417
2025-01-14,SKU_50,WH_1,SUP_4,North,609,10,245,0,5.3,7.19,0,0,18,2025,1,14,1,3,18.478165
2025-01-15,SKU_50,WH_1,SUP_4,North,609,10,245,0,5.3,7.19,0,0,18,2025,1,15,2,3,18.447144
2025-01-16,SKU_50,WH_1,SUP_4,North,609,10,245,0,5.3,7.19,0,0,18,2025,1,16,3,3,18.473923
2025-01-17,SKU_50,WH_1,SUP_4,North,609,10,245,0,5.3,7.19,0,0,18,2025,1,17,4,3,18.45797
2025-01-18,SKU_50,WH_1,SUP_4,North,609,10,245,0,5.3,7.19,0,0,18,2025,1,18,5,3,18.511993
2025-01-19,SKU_50,WH_1,SUP_4,North,609,10,245,0,5.3,7.19,0,0,18,2025,1,19,6,3,18.50781
2025-01-20,SKU_50,WH_1,SUP_4,North,609,10,245,0,5.3,7.19,0,0,18,2025,1,20,0,4,18.384903
2025-01-21,SKU_50,WH_1,SUP_4,North,609,10,245,0,5.3,7.19,0,0,18,2025,1,21,1,4,18.406857
2025-01-22,SKU_50,WH_1,SUP_4,North,609,10,245,0,5.3,7.19,0,0,18,2025,1,22,2,4,18.362574
2025-01-23,SKU_50,WH_1,SUP_4,North,609,10,245,0,5.3,7.19,0,0,18,2025,1,23,3,4,18.388302
2025-01-24,SKU_50,WH_1,SUP_4,North,609,10,245,0,5.3,7.19,0,0,18,2025,1,24,4,4,18.354837
2025-01-25,SKU_50,WH_1,SUP_4,North,609,10,245,0,5.3,7.19,0,0,18,2025,1,25,5,4,18.43318
2025-01-26,SKU_50,WH_1,SUP_4,North,609,10,245,0,5.3,7.19,0,0,18,2025,1,26,6,4,18.44837
2025-01-27,SKU_50,WH_1,SUP_4,North,609,10,245,0,5.3,7.19,0,0,18,2025,1,27,0,5,18.206127
2025-01-28,SKU_50,WH_1,SUP_4,North,609,10,245,0,5.3,7.19,0,0,18,2025,1,28,1,5,18.195255
2025-01-29,SKU_50,WH_1,SUP_4,North,609,10,245,0,5.3,7.19,0,0,18,2025,1,29,2,5,18.129005
2024-12-31,SKU_49,WH_5,SUP_10,East,441,4,254,0,11.58,18.73,0,0,18,2024,12,31,1,1,17.65824
2025-01-01,SKU_49,WH_5,SUP_10,East,441,4,254,0,11.58,18.73,0,0,18,2025,1,1,2,1,18.148655
2025-01-02,SKU_49,WH_5,SUP_10,East,441,4,254,0,11.58,18.73,0,0,18,2025,1,2,3,1,18.16699
2025-01-03,SKU_49,WH_5,SUP_10,East,441,4,254,0,11.58,18.73,0,0,18,2025,1,3,4,1,18.302948
2025-01-04,SKU_49,WH_5,SUP_10,East,441,4,254,0,11.58,18.73,0,0,18,2025,1,4,5,1,18.422626
2025-01-05,SKU_49,WH_5,SUP_10,East,441,4,254,0,11.58,18.73,0,0,18,2025,1,5,6,1,18.382515
2025-01-06,SKU_49,WH_5,SUP_10,East,441,4,254,0,11.58,18.73,0,0,18,2025,1,6,0,2,18.310156
2025-01-07,SKU_49,WH_5,SUP_10,East,441,4,254,0,11.58,18.73,0,0,18,2025,1,7,1,2,18.258755
2025-01-08,SKU_49,WH_5,SUP_10,East,441,4,254,0,11.58,18.73,0,0,18,2025,1,8,2,2,18.404259
2025-01-09,SKU_49,WH_5,SUP_10,East,441,4,254,0,11.58,18.73,0,0,18,2025,1,9,3,2,18.418276
2025-01-10,SKU_49,WH_5,SUP_10,East,441,4,254,0,11.58,18.73,0,0,18,2025,1,10,4,2,18.440914
2025-01-11,SKU_49,WH_5,SUP_10,East,441,4,254,0,11.58,18.73,0,0,18,2025,1,11,5,2,18.453405
2025-01-12,SKU_49,WH_5,SUP_10,East,441,4,254,0,11.58,18.73,0,0,18,2025,1,12,6,2,18.392555
2025-01-13,SKU_49,WH_5,SUP_10,East,441,4,254,0,11.58,18.73,0,0,18,2025,1,13,0,3,18.388433
2025-01-14,SKU_49,WH_5,SUP_10,East,441,4,254,0,11.58,18.73,0,0,18,2025,1,14,1,3,18.421537
2025-01-15,SKU_49,WH_5,SUP_10,East,441,4,254,0,11.58,18.73,0,0,18,2025,1,15,2,3,18.477247
2025-01-16,SKU_49,WH_5,SUP_10,East,441,4,254,0,11.58,18.73,0,0,18,2025,1,16,3,3,18.489553
2025-01-17,SKU_49,WH_5,SUP_10,East,441,4,254,0,11.58,18.73,0,0,18,2025,1,17,4,3,18.442432
2025-01-18,SKU_49,WH_5,SUP_10,East,441,4,254,0,11.58,18.73,0,0,18,2025,1,18,5,3,18.59037
2025-01-19,SKU_49,WH_5,SUP_10,East,441,4,254,0,11.58,18.73,0,0,18,2025,1,19,6,3,18.554037
2025-01-20,SKU_49,WH_5,SUP_10,East,441,4,254,0,11.58,18.73,0,0,18,2025,1,20,0,4,18.27291
2025-01-21,SKU_49,WH_5,SUP_10,East,441,4,254,0,11.58,18.73,0,0,18,2025,1,21,1,4,18.263659
2025-01-22,SKU_49,WH_5,SUP_10,East,441,4,254,0,11.58,18.73,0,0,18,2025,1,22,2,4,18.306107
2025-01-23,SKU_49,WH_5,SUP_10,East,441,4,254,0,11.58,18.73,0,0,18,2025,1,23,3,4,18.320124
2025-01-24,SKU_49,WH_5,SUP_10,East,441,4,254,0,11.58,18.73,0,0,18,2025,1,24,4,4,18.26926
2025-01-25,SKU_49,WH_5,SUP_10,East,441,4,254,0,11.58,18.73,0,0,18,2025,1,25,5,4,18.349209
2025-01-26,SKU_49,WH_5,SUP_10,East,441,4,254,0,11.58,18.73,0,0,18,2025,1,26,6,4,18.335232
2025-01-27,SKU_49,WH_5,SUP_10,East,441,4,254,0,11.58,18.73,0,0,18,2025,1,27,0,5,18.008398
2025-01-28,SKU_49,WH_5,SUP_10,East,441,4,254,0,11.58,18.73,0,0,18,2025,1,28,1,5,18.04828
2025-01-29,SKU_49,WH_5,SUP_10,East,441,4,254,0,11.58,18.73,0,0,18,2025,1,29,2,5,18.087263
2024-12-31,SKU_49,WH_4,SUP_10,East,422,14,347,0,9.67,12.64,0,0,13,2024,12,31,1,1,12.994126
2025-01-01,SKU_49,WH_4,SUP_10,East,422,14,347,0,9.67,12.64,0,0,13,2025,1,1,2,1,13.580112
2025-01-02,SKU_49,WH_4,SUP_10,East,422,14,347,0,9.67,12.64,0,0,13,2025,1,2,3,1,13.40665
2025-01-03,SKU_49,WH_4,SUP_10,East,422,14,347,0,9.67,12.64,0,0,13,2025,1,3,4,1,13.43689
2025-01-04,SKU_49,WH_4,SUP_10,East,422,14,347,0,9.67,12.64,0,0,13,2025,1,4,5,1,13.321486
2025-01-05,SKU_49,WH_4,SUP_10,East,422,14,347,0,9.67,12.64,0,0,13,2025,1,5,6,1,13.295061
2025-01-06,SKU_49,WH_4,SUP_10,East,422,14,347,0,9.67,12.64,0,0,13,2025,1,6,0,2,13.425751
2025-01-07,SKU_49,WH_4,SUP_10,East,422,14,347,0,9.67,12.64,0,0,13,2025,1,7,1,2,13.089496
2025-01-08,SKU_49,WH_4,SUP_10,East,422,14,347,0,9.67,12.64,0,0,13,2025,1,8,2,2,13.401734
2025-01-09,SKU_49,WH_4,SUP_10,East,422,14,347,0,9.67,12.64,0,0,13,2025,1,9,3,2,13.381555
2025-01-10,SKU_49,WH_4,SUP_10,East,422,14,347,0,9.67,12.64,0,0,13,2025,1,10,4,2,13.44015
2025-01-11,SKU_49,WH_4,SUP_10,East,422,14,347,0,9.67,12.64,0,0,13,2025,1,11,5,2,13.433819
2025-01-12,SKU_49,WH_4,SUP_10,East,422,14,347,0,9.67,12.64,0,0,13,2025,1,12,6,2,13.386657
2025-01-13,SKU_49,WH_4,SUP_10,East,422,14,347,0,9.67,12.64,0,0,13,2025,1,13,0,3,13.280673
2025-01-14,SKU_49,WH_4,SUP_10,East,422,14,347,0,9.67,12.64,0,0,13,2025,1,14,1,3,13.284811
2025-01-15,SKU_49,WH_4,SUP_10,East,422,14,347,0,9.67,12.64,0,0,13,2025,1,15,2,3,13.344948
2025-01-16,SKU_49,WH_4,SUP_10,East,422,14,347,0,9.67,12.64,0,0,13,2025,1,16,3,3,13.357253
2025-01-17,SKU_49,WH_4,SUP_10,East,422,14,347,0,9.67,12.64,0,0,13,2025,1,17,4,3,13.347913
2025-01-18,SKU_49,WH_4,SUP_10,East,422,14,347,0,9.67,12.64,0,0,13,2025,1,18,5,3,13.497689
2025-01-19,SKU_49,WH_4,SUP_10,East,422,14,347,0,9.67,12.64,0,0,13,2025,1,19,6,3,13.498089
2025-01-20,SKU_49,WH_4,SUP_10,East,422,14,347,0,9.67,12.64,0,0,13,2025,1,20,0,4,13.301582
2025-01-21,SKU_49,WH_4,SUP_10,East,422,14,347,0,9.67,12.64,0,0,13,2025,1,21,1,4,13.2596245
2025-01-22,SKU_49,WH_4,SUP_10,East,422,14,347,0,9.67,12.64,0,0,13,2025,1,22,2,4,13.3064995
2025-01-23,SKU_49,WH_4,SUP_10,East,422,14,347,0,9.67,12.64,0,0,13,2025,1,23,3,4,13.320516
2025-01-24,SKU_49,WH_4,SUP_10,East,422,14,347,0,9.67,12.64,0,0,13,2025,1,24,4,4,13.332551
2025-01-25,SKU_49,WH_4,SUP_10,East,422,14,347,0,9.67,12.64,0,0,13,2025,1,25,5,4,13.4557295
2025-01-26,SKU_49,WH_4,SUP_10,East,422,14,347,0,9.67,12.64,0,0,13,2025,1,26,6,4,13.505918
2025-01-27,SKU_49,WH_4,SUP_10,East,422,14,347,0,9.67,12.64,0,0,13,2025,1,27,0,5,13.407878
2025-01-28,SKU_49,WH_4,SUP_10,East,422,14,347,0,9.67,12.64,0,0,13,2025,1,28,1,5,13.420402
2025-01-29,SKU_49,WH_4,SUP_10,East,422,14,347,0,9.67,12.64,0,0,13,2025,1,29,2,5,13.462406
2024-12-31,SKU_49,WH_3,SUP_5,West,385,12,201,0,8.59,14.29,1,0,29,2024,12,31,1,1,27.87714
2025-01-01,SKU_49,WH_3,SUP_5,West,385,12,201,0,8.59,14.29,1,0,29,2025,1,1,2,1,28.248137
2025-01-02,SKU_49,WH_3,SUP_5,West,385,12,201,0,8.59,14.29,1,0,29,2025,1,2,3,1,28.213215
2025-01-03,SKU_49,WH_3,SUP_5,West,385,12,201,0,8.59,14.29,1,0,29,2025,1,3,4,1,28.581165
2025-01-04,SKU_49,WH_3,SUP_5,West,385,12,201,0,8.59,14.29,1,0,29,2025,1,4,5,1,28.681572
2025-01-05,SKU_49,WH_3,SUP_5,West,385,12,201,0,8.59,14.29,1,0,29,2025,1,5,6,1,29.11871
2025-01-06,SKU_49,WH_3,SUP_5,West,385,12,201,0,8.59,14.29,1,0,29,2025,1,6,0,2,28.244938
2025-01-07,SKU_49,WH_3,SUP_5,West,385,12,201,0,8.59,14.29,1,0,29,2025,1,7,1,2,28.426792
2025-01-08,SKU_49,WH_3,SUP_5,West,385,12,201,0,8.59,14.29,1,0,29,2025,1,8,2,2,28.467916
2025-01-09,SKU_49,WH_3,SUP_5,West,385,12,201,0,8.59,14.29,1,0,29,2025,1,9,3,2,28.46065
2025-01-10,SKU_49,WH_3,SUP_5,West,385,12,201,0,8.59,14.29,1,0,29,2025,1,10,4,2,28.579103
2025-01-11,SKU_49,WH_3,SUP_5,West,385,12,201,0,8.59,14.29,1,0,29,2025,1,11,5,2,28.535368
2025-01-12,SKU_49,WH_3,SUP_5,West,385,12,201,0,8.59,14.29,1,0,29,2025,1,12,6,2,28.748816
2025-01-13,SKU_49,WH_3,SUP_5,West,385,12,201,0,8.59,14.29,1,0,29,2025,1,13,0,3,27.848532
2025-01-14,SKU_49,WH_3,SUP_5,West,385,12,201,0,8.59,14.29,1,0,29,2025,1,14,1,3,28.144442
2025-01-15,SKU_49,WH_3,SUP_5,West,385,12,201,0,8.59,14.29,1,0,29,2025,1,15,2,3,28.530577
2025-01-16,SKU_49,WH_3,SUP_5,West,385,12,201,0,8.59,14.29,1,0,29,2025,1,16,3,3,28.545513
2025-01-17,SKU_49,WH_3,SUP_5,West,385,12,201,0,8.59,14.29,1,0,29,2025,1,17,4,3,28.756927
2025-01-18,SKU_49,WH_3,SUP_5,West,385,12,201,0,8.59,14.29,1,0,29,2025,1,18,5,3,28.78233
2025-01-19,SKU_49,WH_3,SUP_5,West,385,12,201,0,8.59,14.29,1,0,29,2025,1,19,6,3,29.081898
2025-01-20,SKU_49,WH_3,SUP_5,West,385,12,201,0,8.59,14.29,1,0,29,2025,1,20,0,4,28.49039
2025-01-21,SKU_49,WH_3,SUP_5,West,385,12,201,0,8.59,14.29,1,0,29,2025,1,21,1,4,28.44201
2025-01-22,SKU_49,WH_3,SUP_5,West,385,12,201,0,8.59,14.29,1,0,29,2025,1,22,2,4,28.60098
2025-01-23,SKU_49,WH_3,SUP_5,West,385,12,201,0,8.59,14.29,1,0,29,2025,1,23,3,4,28.593714
2025-01-24,SKU_49,WH_3,SUP_5,West,385,12,201,0,8.59,14.29,1,0,29,2025,1,24,4,4,28.66171
2025-01-25,SKU_49,WH_3,SUP_5,West,385,12,201,0,8.59,14.29,1,0,29,2025,1,25,5,4,28.65034
2025-01-26,SKU_49,WH_3,SUP_5,West,385,12,201,0,8.59,14.29,1,0,29,2025,1,26,6,4,28.80094
2025-01-27,SKU_49,WH_3,SUP_5,West,385,12,201,0,8.59,14.29,1,0,29,2025,1,27,0,5,28.596199
2025-01-28,SKU_49,WH_3,SUP_5,West,385,12,201,0,8.59,14.29,1,0,29,2025,1,28,1,5,28.73315
2025-01-29,SKU_49,WH_3,SUP_5,West,385,12,201,0,8.59,14.29,1,0,29,2025,1,29,2,5,28.663998
2024-12-31,SKU_49,WH_2,SUP_4,North,558,6,373,0,17.43,22.5,0,0,17,2024,12,31,1,1,17.344221
2025-01-01,SKU_49,WH_2,SUP_4,North,558,6,373,0,17.43,22.5,0,0,17,2025,1,1,2,1,17.381737
2025-01-02,SKU_49,WH_2,SUP_4,North,558,6,373,0,17.43,22.5,0,0,17,2025,1,2,3,1,17.466051
2025-01-03,SKU_49,WH_2,SUP_4,North,558,6,373,0,17.43,22.5,0,0,17,2025,1,3,4,1,17.549715
2025-01-04,SKU_49,WH_2,SUP_4,North,558,6,373,0,17.43,22.5,0,0,17,2025,1,4,5,1,17.58349
2025-01-05,SKU_49,WH_2,SUP_4,North,558,6,373,0,17.43,22.5,0,0,17,2025,1,5,6,1,17.524052
2025-01-06,SKU_49,WH_2,SUP_4,North,558,6,373,0,17.43,22.5,0,0,17,2025,1,6,0,2,17.368805
2025-01-07,SKU_49,WH_2,SUP_4,North,558,6,373,0,17.43,22.5,0,0,17,2025,1,7,1,2,17.454594
2025-01-08,SKU_49,WH_2,SUP_4,North,558,6,373,0,17.43,22.5,0,0,17,2025,1,8,2,2,17.60931
2025-01-09,SKU_49,WH_2,SUP_4,North,558,6,373,0,17.43,22.5,0,0,17,2025,1,9,3,2,17.632309
2025-01-10,SKU_49,WH_2,SUP_4,North,558,6,373,0,17.43,22.5,0,0,17,2025,1,10,4,2,17.674608
2025-01-11,SKU_49,WH_2,SUP_4,North,558,6,373,0,17.43,22.5,0,0,17,2025,1,11,5,2,17.705856
2025-01-12,SKU_49,WH_2,SUP_4,North,558,6,373,0,17.43,22.5,0,0,17,2025,1,12,6,2,17.638464
2025-01-13,SKU_49,WH_2,SUP_4,North,558,6,373,0,17.43,22.5,0,0,17,2025,1,13,0,3,17.611267
2025-01-14,SKU_49,WH_2,SUP_4,North,558,6,373,0,17.43,22.5,0,0,17,2025,1,14,1,3,17.690104
2025-01-15,SKU_49,WH_2,SUP_4,North,558,6,373,0,17.43,22.5,0,0,17,2025,1,15,2,3,17.758703
2025-01-16,SKU_49,WH_2,SUP_4,North,558,6,373,0,17.43,22.5,0,0,17,2025,1,16,3,3,17.78272
2025-01-17,SKU_49,WH_2,SUP_4,North,558,6,373,0,17.43,22.5,0,0,17,2025,1,17,4,3,17.751139
2025-01-18,SKU_49,WH_2,SUP_4,North,558,6,373,0,17.43,22.5,0,0,17,2025,1,18,5,3,17.863085
2025-01-19,SKU_49,WH_2,SUP_4,North,558,6,373,0,17.43,22.5,0,0,17,2025,1,19,6,3,17.803648
2025-01-20,SKU_49,WH_2,SUP_4,North,558,6,373,0,17.43,22.5,0,0,17,2025,1,20,0,4,17.401794
2025-01-21,SKU_49,WH_2,SUP_4,North,558,6,373,0,17.43,22.5,0,0,17,2025,1,21,1,4,17.463129
2025-01-22,SKU_49,WH_2,SUP_4,North,558,6,373,0,17.43,22.5,0,0,17,2025,1,22,2,4,17.519075
2025-01-23,SKU_49,WH_2,SUP_4,North,558,6,373,0,17.43,22.5,0,0,17,2025,1,23,3,4,17.544804
2025-01-24,SKU_49,WH_2,SUP_4,North,558,6,373,0,17.43,22.5,0,0,17,2025,1,24,4,4,17.510437
2025-01-25,SKU_49,WH_2,SUP_4,North,558,6,373,0,17.43,22.5,0,0,17,2025,1,25,5,4,17.563541
2025-01-26,SKU_49,WH_2,SUP_4,North,558,6,373,0,17.43,22.5,0,0,17,2025,1,26,6,4,17.51538
2025-01-27,SKU_49,WH_2,SUP_4,North,558,6,373,0,17.43,22.5,0,0,17,2025,1,27,0,5,17.27988
2025-01-28,SKU_49,WH_2,SUP_4,North,558,6,373,0,17.43,22.5,0,0,17,2025,1,28,1,5,17.368433
2025-01-29,SKU_49,WH_2,SUP_4,North,558,6,373,0,17.43,22.5,0,0,17,2025,1,29,2,5,17.430033
2024-12-31,SKU_49,WH_1,SUP_3,East,599,6,220,0,5.82,7.93,0,0,17,2024,12,31,1,1,16.19009
2025-01-01,SKU_49,WH_1,SUP_3,East,599,6,220,0,5.82,7.93,0,0,17,2025,1,1,2,1,17.22305
2025-01-02,SKU_49,WH_1,SUP_3,East,599,6,220,0,5.82,7.93,0,0,17,2025,1,2,3,1,17.014154
2025-01-03,SKU_49,WH_1,SUP_3,East,599,6,220,0,5.82,7.93,0,0,17,2025,1,3,4,1,17.08409
2025-01-04,SKU_49,WH_1,SUP_3,East,599,6,220,0,5.82,7.93,0,0,17,2025,1,4,5,1,17.082977
2025-01-05,SKU_49,WH_1,SUP_3,East,599,6,220,0,5.82,7.93,0,0,17,2025,1,5,6,1,17.018211
2025-01-06,SKU_49,WH_1,SUP_3,East,599,6,220,0,5.82,7.93,0,0,17,2025,1,6,0,2,17.221506
2025-01-07,SKU_49,WH_1,SUP_3,East,599,6,220,0,5.82,7.93,0,0,17,2025,1,7,1,2,17.153133
2025-01-08,SKU_49,WH_1,SUP_3,East,599,6,220,0,5.82,7.93,0,0,17,2025,1,8,2,2,17.263918
2025-01-09,SKU_49,WH_1,SUP_3,East,599,6,220,0,5.82,7.93,0,0,17,2025,1,9,3,2,17.267883
2025-01-10,SKU_49,WH_1,SUP_3,East,599,6,220,0,5.82,7.93,0,0,17,2025,1,10,4,2,17.265842
2025-01-11,SKU_49,WH_1,SUP_3,East,599,6,220,0,5.82,7.93,0,0,17,2025,1,11,5,2,17.17227
2025-01-12,SKU_49,WH_1,SUP_3,East,599,6,220,0,5.82,7.93,0,0,17,2025,1,12,6,2,17.112185
2025-01-13,SKU_49,WH_1,SUP_3,East,599,6,220,0,5.82,7.93,0,0,17,2025,1,13,0,3,17.338625
2025-01-14,SKU_49,WH_1,SUP_3,East,599,6,220,0,5.82,7.93,0,0,17,2025,1,14,1,3,17.339466
2025-01-15,SKU_49,WH_1,SUP_3,East,599,6,220,0,5.82,7.93,0,0,17,2025,1,15,2,3,17.354084
2025-01-16,SKU_49,WH_1,SUP_3,East,599,6,220,0,5.82,7.93,0,0,17,2025,1,16,3,3,17.380863
2025-01-17,SKU_49,WH_1,SUP_3,East,599,6,220,0,5.82,7.93,0,0,17,2025,1,17,4,3,17.281605
2025-01-18,SKU_49,WH_1,SUP_3,East,599,6,220,0,5.82,7.93,0,0,17,2025,1,18,5,3,17.318409
2025-01-19,SKU_49,WH_1,SUP_3,East,599,6,220,0,5.82,7.93,0,0,17,2025,1,19,6,3,17.270058
2025-01-20,SKU_49,WH_1,SUP_3,East,599,6,220,0,5.82,7.93,0,0,17,2025,1,20,0,4,17.066498
2025-01-21,SKU_49,WH_1,SUP_3,East,599,6,220,0,5.82,7.93,0,0,17,2025,1,21,1,4,17.057556
2025-01-22,SKU_49,WH_1,SUP_3,East,599,6,220,0,5.82,7.93,0,0,17,2025,1,22,2,4,17.105173
2025-01-23,SKU_49,WH_1,SUP_3,East,599,6,220,0,5.82,7.93,0,0,17,2025,1,23,3,4,17.130901
2025-01-24,SKU_49,WH_1,SUP_3,East,599,6,220,0,5.82,7.93,0,0,17,2025,1,24,4,4,17.111673
2025-01-25,SKU_49,WH_1,SUP_3,East,599,6,220,0,5.82,7.93,0,0,17,2025,1,25,5,4,17.146221
2025-01-26,SKU_49,WH_1,SUP_3,East,599,6,220,0,5.82,7.93,0,0,17,2025,1,26,6,4,17.002184
2025-01-27,SKU_49,WH_1,SUP_3,East,599,6,220,0,5.82,7.93,0,0,17,2025,1,27,0,5,16.947952
2025-01-28,SKU_49,WH_1,SUP_3,East,599,6,220,0,5.82,7.93,0,0,17,2025,1,28,1,5,16.987835
2025-01-29,SKU_49,WH_1,SUP_3,East,599,6,220,0,5.82,7.93,0,0,17,2025,1,29,2,5,16.967224
2024-12-31,SKU_48,WH_5,SUP_9,South,369,11,275,0,7.03,10.44,0,0,24,2024,12,31,1,1,23.069067
2025-01-01,SKU_48,WH_5,SUP_9,South,369,11,275,0,7.03,10.44,0,0,24,2025,1,1,2,1,23.318233
2025-01-02,SKU_48,WH_5,SUP_9,South,369,11,275,0,7.03,10.44,0,0,24,2025,1,2,3,1,23.337164
2025-01-03,SKU_48,WH_5,SUP_9,South,369,11,275,0,7.03,10.44,0,0,24,2025,1,3,4,1,23.518532
2025-01-04,SKU_48,WH_5,SUP_9,South,369,11,275,0,7.03,10.44,0,0,24,2025,1,4,5,1,23.494501
2025-01-05,SKU_48,WH_5,SUP_9,South,369,11,275,0,7.03,10.44,0,0,24,2025,1,5,6,1,23.496117
2025-01-06,SKU_48,WH_5,SUP_9,South,369,11,275,0,7.03,10.44,0,0,24,2025,1,6,0,2,23.555504
2025-01-07,SKU_48,WH_5,SUP_9,South,369,11,275,0,7.03,10.44,0,0,24,2025,1,7,1,2,23.468035
2025-01-08,SKU_48,WH_5,SUP_9,South,369,11,275,0,7.03,10.44,0,0,24,2025,1,8,2,2,23.519833
2025-01-09,SKU_48,WH_5,SUP_9,South,369,11,275,0,7.03,10.44,0,0,24,2025,1,9,3,2,23.511223
2025-01-10,SKU_48,WH_5,SUP_9,South,369,11,275,0,7.03,10.44,0,0,24,2025,1,10,4,2,23.491367
2025-01-11,SKU_48,WH_5,SUP_9,South,369,11,275,0,7.03,10.44,0,0,24,2025,1,11,5,2,23.418877
2025-01-12,SKU_48,WH_5,SUP_9,South,369,11,275,0,7.03,10.44,0,0,24,2025,1,12,6,2,23.399755
2025-01-13,SKU_48,WH_5,SUP_9,South,369,11,275,0,7.03,10.44,0,0,24,2025,1,13,0,3,23.637735
2025-01-14,SKU_48,WH_5,SUP_9,South,369,11,275,0,7.03,10.44,0,0,24,2025,1,14,1,3,23.667173
2025-01-15,SKU_48,WH_5,SUP_9,South,369,11,275,0,7.03,10.44,0,0,24,2025,1,15,2,3,23.62003
2025-01-16,SKU_48,WH_5,SUP_9,South,369,11,275,0,7.03,10.44,0,0,24,2025,1,16,3,3,23.609709
2025-01-17,SKU_48,WH_5,SUP_9,South,369,11,275,0,7.03,10.44,0,0,24,2025,1,17,4,3,23.572672
2025-01-18,SKU_48,WH_5,SUP_9,South,369,11,275,0,7.03,10.44,0,0,24,2025,1,18,5,3,23.598349
2025-01-19,SKU_48,WH_5,SUP_9,South,369,11,275,0,7.03,10.44,0,0,24,2025,1,19,6,3,23.730236
2025-01-20,SKU_48,WH_5,SUP_9,South,369,11,275,0,7.03,10.44,0,0,24,2025,1,20,0,4,23.68816
2025-01-21,SKU_48,WH_5,SUP_9,South,369,11,275,0,7.03,10.44,0,0,24,2025,1,21,1,4,23.661701
2025-01-22,SKU_48,WH_5,SUP_9,South,369,11,275,0,7.03,10.44,0,0,24,2025,1,22,2,4,23.62154
2025-01-23,SKU_48,WH_5,SUP_9,South,369,11,275,0,7.03,10.44,0,0,24,2025,1,23,3,4,23.632545
2025-01-24,SKU_48,WH_5,SUP_9,South,369,11,275,0,7.03,10.44,0,0,24,2025,1,24,4,4,23.595316
2025-01-25,SKU_48,WH_5,SUP_9,South,369,11,275,0,7.03,10.44,0,0,24,2025,1,25,5,4,23.566675
2025-01-26,SKU_48,WH_5,SUP_9,South,369,11,275,0,7.03,10.44,0,0,24,2025,1,26,6,4,23.634937
2025-01-27,SKU_48,WH_5,SUP_9,South,369,11,275,0,7.03,10.44,0,0,24,2025,1,27,0,5,23.613531
2025-01-28,SKU_48,WH_5,SUP_9,South,369,11,275,0,7.03,10.44,0,0,24,2025,1,28,1,5,23.605133
2025-01-29,SKU_48,WH_5,SUP_9,South,369,11,275,0,7.03,10.44,0,0,24,2025,1,29,2,5,23.502668
2024-12-31,SKU_48,WH_4,SUP_7,East,486,12,360,0,18.84,31.26,0,0,25,2024,12,31,1,1,25.148048
2025-01-01,SKU_48,WH_4,SUP_7,East,486,12,360,0,18.84,31.26,0,0,25,2025,1,1,2,1,25.202606
2025-01-02,SKU_48,WH_4,SUP_7,East,486,12,360,0,18.84,31.26,0,0,25,2025,1,2,3,1,25.223665
2025-01-03,SKU_48,WH_4,SUP_7,East,486,12,360,0,18.84,31.26,0,0,25,2025,1,3,4,1,25.378199
2025-01-04,SKU_48,WH_4,SUP_7,East,486,12,360,0,18.84,31.26,0,0,25,2025,1,4,5,1,25.359037
2025-01-05,SKU_48,WH_4,SUP_7,East,486,12,360,0,18.84,31.26,0,0,25,2025,1,5,6,1,25.382969
2025-01-06,SKU_48,WH_4,SUP_7,East,486,12,360,0,18.84,31.26,0,0,25,2025,1,6,0,2,25.3551
2025-01-07,SKU_48,WH_4,SUP_7,East,486,12,360,0,18.84,31.26,0,0,25,2025,1,7,1,2,25.42659
2025-01-08,SKU_48,WH_4,SUP_7,East,486,12,360,0,18.84,31.26,0,0,25,2025,1,8,2,2,25.505785
2025-01-09,SKU_48,WH_4,SUP_7,East,486,12,360,0,18.84,31.26,0,0,25,2025,1,9,3,2,25.512228
2025-01-10,SKU_48,WH_4,SUP_7,East,486,12,360,0,18.84,31.26,0,0,25,2025,1,10,4,2,25.56035
2025-01-11,SKU_48,WH_4,SUP_7,East,486,12,360,0,18.84,31.26,0,0,25,2025,1,11,5,2,25.583399
2025-01-12,SKU_48,WH_4,SUP_7,East,486,12,360,0,18.84,31.26,0,0,25,2025,1,12,6,2,25.576233
2025-01-13,SKU_48,WH_4,SUP_7,East,486,12,360,0,18.84,31.26,0,0,25,2025,1,13,0,3,25.458607
2025-01-14,SKU_48,WH_4,SUP_7,East,486,12,360,0,18.84,31.26,0,0,25,2025,1,14,1,3,25.507963
2025-01-15,SKU_48,WH_4,SUP_7,East,486,12,360,0,18.84,31.26,0,0,25,2025,1,15,2,3,25.4889
2025-01-16,SKU_48,WH_4,SUP_7,East,486,12,360,0,18.84,31.26,0,0,25,2025,1,16,3,3,25.486809
2025-01-17,SKU_48,WH_4,SUP_7,East,486,12,360,0,18.84,31.26,0,0,25,2025,1,17,4,3,25.444925
2025-01-18,SKU_48,WH_4,SUP_7,East,486,12,360,0,18.84,31.26,0,0,25,2025,1,18,5,3,25.544239
2025-01-19,SKU_48,WH_4,SUP_7,East,486,12,360,0,18.84,31.26,0,0,25,2025,1,19,6,3,25.548273
2025-01-20,SKU_48,WH_4,SUP_7,East,486,12,360,0,18.84,31.26,0,0,25,2025,1,20,0,4,25.28812
2025-01-21,SKU_48,WH_4,SUP_7,East,486,12,360,0,18.84,31.26,0,0,25,2025,1,21,1,4,25.357983
2025-01-22,SKU_48,WH_4,SUP_7,East,486,12,360,0,18.84,31.26,0,0,25,2025,1,22,2,4,25.261885
2025-01-23,SKU_48,WH_4,SUP_7,East,486,12,360,0,18.84,31.26,0,0,25,2025,1,23,3,4,25.278526
2025-01-24,SKU_48,WH_4,SUP_7,East,486,12,360,0,18.84,31.26,0,0,25,2025,1,24,4,4,25.256763
2025-01-25,SKU_48,WH_4,SUP_7,East,486,12,360,0,18.84,31.26,0,0,25,2025,1,25,5,4,25.247004
2025-01-26,SKU_48,WH_4,SUP_7,East,486,12,360,0,18.84,31.26,0,0,25,2025,1,26,6,4,25.27282
2025-01-27,SKU_48,WH_4,SUP_7,East,486,12,360,0,18.84,31.26,0,0,25,2025,1,27,0,5,25.362795
2025-01-28,SKU_48,WH_4,SUP_7,East,486,12,360,0,18.84,31.26,0,0,25,2025,1,28,1,5,25.45814
2025-01-29,SKU_48,WH_4,SUP_7,East,486,12,360,0,18.84,31.26,0,0,25,2025,1,29,2,5,25.438475
2024-12-31,SKU_48,WH_3,SUP_10,East,660,11,351,0,18.71,25.7,0,0,23,2024,12,31,1,1,23.197603
2025-01-01,SKU_48,WH_3,SUP_10,East,660,11,351,0,18.71,25.7,0,0,23,2025,1,1,2,1,22.928297
2025-01-02,SKU_48,WH_3,SUP_10,East,660,11,351,0,18.71,25.7,0,0,23,2025,1,2,3,1,22.925442
2025-01-03,SKU_48,WH_3,SUP_10,East,660,11,351,0,18.71,25.7,0,0,23,2025,1,3,4,1,22.940886
2025-01-04,SKU_48,WH_3,SUP_10,East,660,11,351,0,18.71,25.7,0,0,23,2025,1,4,5,1,23.014687
2025-01-05,SKU_48,WH_3,SUP_10,East,660,11,351,0,18.71,25.7,0,0,23,2025,1,5,6,1,23.015474
2025-01-06,SKU_48,WH_3,SUP_10,East,660,11,351,0,18.71,25.7,0,0,23,2025,1,6,0,2,23.052792
2025-01-07,SKU_48,WH_3,SUP_10,East,660,11,351,0,18.71,25.7,0,0,23,2025,1,7,1,2,23.047903
2025-01-08,SKU_48,WH_3,SUP_10,East,660,11,351,0,18.71,25.7,0,0,23,2025,1,8,2,2,23.144533
2025-01-09,SKU_48,WH_3,SUP_10,East,660,11,351,0,18.71,25.7,0,0,23,2025,1,9,3,2,23.128595
2025-01-10,SKU_48,WH_3,SUP_10,East,660,11,351,0,18.71,25.7,0,0,23,2025,1,10,4,2,23.130682
2025-01-11,SKU_48,WH_3,SUP_10,East,660,11,351,0,18.71,25.7,0,0,23,2025,1,11,5,2,23.106003
2025-01-12,SKU_48,WH_3,SUP_10,East,660,11,351,0,18.71,25.7,0,0,23,2025,1,12,6,2,23.1114
2025-01-13,SKU_48,WH_3,SUP_10,East,660,11,351,0,18.71,25.7,0,0,23,2025,1,13,0,3,23.17998
2025-01-14,SKU_48,WH_3,SUP_10,East,660,11,351,0,18.71,25.7,0,0,23,2025,1,14,1,3,23.222965
2025-01-15,SKU_48,WH_3,SUP_10,East,660,11,351,0,18.71,25.7,0,0,23,2025,1,15,2,3,23.222979
2025-01-16,SKU_48,WH_3,SUP_10,East,660,11,351,0,18.71,25.7,0,0,23,2025,1,16,3,3,23.220888
2025-01-17,SKU_48,WH_3,SUP_10,East,660,11,351,0,18.71,25.7,0,0,23,2025,1,17,4,3,23.151262
2025-01-18,SKU_48,WH_3,SUP_10,East,660,11,351,0,18.71,25.7,0,0,23,2025,1,18,5,3,23.25816
2025-01-19,SKU_48,WH_3,SUP_10,East,660,11,351,0,18.71,25.7,0,0,23,2025,1,19,6,3,23.258947
2025-01-20,SKU_48,WH_3,SUP_10,East,660,11,351,0,18.71,25.7,0,0,23,2025,1,20,0,4,23.167824
2025-01-21,SKU_48,WH_3,SUP_10,East,660,11,351,0,18.71,25.7,0,0,23,2025,1,21,1,4,23.194443
2025-01-22,SKU_48,WH_3,SUP_10,East,660,11,351,0,18.71,25.7,0,0,23,2025,1,22,2,4,23.17556
2025-01-23,SKU_48,WH_3,SUP_10,East,660,11,351,0,18.71,25.7,0,0,23,2025,1,23,3,4,23.17518
2025-01-24,SKU_48,WH_3,SUP_10,East,660,11,351,0,18.71,25.7,0,0,23,2025,1,24,4,4,23.101814
2025-01-25,SKU_48,WH_3,SUP_10,East,660,11,351,0,18.71,25.7,0,0,23,2025,1,25,5,4,23.092054
2025-01-26,SKU_48,WH_3,SUP_10,East,660,11,351,0,18.71,25.7,0,0,23,2025,1,26,6,4,23.104868
2025-01-27,SKU_48,WH_3,SUP_10,East,660,11,351,0,18.71,25.7,0,0,23,2025,1,27,0,5,22.89396
2025-01-28,SKU_48,WH_3,SUP_10,East,660,11,351,0,18.71,25.7,0,0,23,2025,1,28,1,5,22.981585
2025-01-29,SKU_48,WH_3,SUP_10,East,660,11,351,0,18.71,25.7,0,0,23,2025,1,29,2,5,23.006626
2024-12-31,SKU_48,WH_2,SUP_1,West,527,8,252,0,14.64,23.19,0,0,12,2024,12,31,1,1,12.095712
2025-01-01,SKU_48,WH_2,SUP_1,West,527,8,252,0,14.64,23.19,0,0,12,2025,1,1,2,1,11.914538
2025-01-02,SKU_48,WH_2,SUP_1,West,527,8,252,0,14.64,23.19,0,0,12,2025,1,2,3,1,11.878222
2025-01-03,SKU_48,WH_2,SUP_1,West,527,8,252,0,14.64,23.19,0,0,12,2025,1,3,4,1,11.917588
2025-01-04,SKU_48,WH_2,SUP_1,West,527,8,252,0,14.64,23.19,0,0,12,2025,1,4,5,1,12.083716
2025-01-05,SKU_48,WH_2,SUP_1,West,527,8,252,0,14.64,23.19,0,0,12,2025,1,5,6,1,12.013331
2025-01-06,SKU_48,WH_2,SUP_1,West,527,8,252,0,14.64,23.19,0,0,12,2025,1,6,0,2,11.984142
2025-01-07,SKU_48,WH_2,SUP_1,West,527,8,252,0,14.64,23.19,0,0,12,2025,1,7,1,2,11.902061
2025-01-08,SKU_48,WH_2,SUP_1,West,527,8,252,0,14.64,23.19,0,0,12,2025,1,8,2,2,11.990632
2025-01-09,SKU_48,WH_2,SUP_1,West,527,8,252,0,14.64,23.19,0,0,12,2025,1,9,3,2,12.009386
2025-01-10,SKU_48,WH_2,SUP_1,West,527,8,252,0,14.64,23.19,0,0,12,2025,1,10,4,2,12.068218
2025-01-11,SKU_48,WH_2,SUP_1,West,527,8,252,0,14.64,23.19,0,0,12,2025,1,11,5,2,12.08256
2025-01-12,SKU_48,WH_2,SUP_1,West,527,8,252,0,14.64,23.19,0,0,12,2025,1,12,6,2,12.004221
2025-01-13,SKU_48,WH_2,SUP_1,West,527,8,252,0,14.64,23.19,0,0,12,2025,1,13,0,3,12.063145
2025-01-14,SKU_48,WH_2,SUP_1,West,527,8,252,0,14.64,23.19,0,0,12,2025,1,14,1,3,12.067436
2025-01-15,SKU_48,WH_2,SUP_1,West,527,8,252,0,14.64,23.19,0,0,12,2025,1,15,2,3,12.063701
2025-01-16,SKU_48,WH_2,SUP_1,West,527,8,252,0,14.64,23.19,0,0,12,2025,1,16,3,3,12.087717
2025-01-17,SKU_48,WH_2,SUP_1,West,527,8,252,0,14.64,23.19,0,0,12,2025,1,17,4,3,12.075803
2025-01-18,SKU_48,WH_2,SUP_1,West,527,8,252,0,14.64,23.19,0,0,12,2025,1,18,5,3,12.218515
2025-01-19,SKU_48,WH_2,SUP_1,West,527,8,252,0,14.64,23.19,0,0,12,2025,1,19,6,3,12.155164
2025-01-20,SKU_48,WH_2,SUP_1,West,527,8,252,0,14.64,23.19,0,0,12,2025,1,20,0,4,12.021641
2025-01-21,SKU_48,WH_2,SUP_1,West,527,8,252,0,14.64,23.19,0,0,12,2025,1,21,1,4,12.008966
2025-01-22,SKU_48,WH_2,SUP_1,West,527,8,252,0,14.64,23.19,0,0,12,2025,1,22,2,4,11.994559
2025-01-23,SKU_48,WH_2,SUP_1,West,527,8,252,0,14.64,23.19,0,0,12,2025,1,23,3,4,12.020287
2025-01-24,SKU_48,WH_2,SUP_1,West,527,8,252,0,14.64,23.19,0,0,12,2025,1,24,4,4,12.0650425
2025-01-25,SKU_48,WH_2,SUP_1,West,527,8,252,0,14.64,23.19,0,0,12,2025,1,25,5,4,12.088236
2025-01-26,SKU_48,WH_2,SUP_1,West,527,8,252,0,14.64,23.19,0,0,12,2025,1,26,6,4,12.02182
2025-01-27,SKU_48,WH_2,SUP_1,West,527,8,252,0,14.64,23.19,0,0,12,2025,1,27,0,5,12.014929
2025-01-28,SKU_48,WH_2,SUP_1,West,527,8,252,0,14.64,23.19,0,0,12,2025,1,28,1,5,12.055199
2025-01-29,SKU_48,WH_2,SUP_1,West,527,8,252,0,14.64,23.19,0,0,12,2025,1,29,2,5,12.034736
2024-12-31,SKU_48,WH_1,SUP_8,West,329,2,325,0,16.71,25.13,0,0,22,2024,12,31,1,1,21.951715
2025-01-01,SKU_48,WH_1,SUP_8,West,329,2,325,0,16.71,25.13,0,0,22,2025,1,1,2,1,21.947342
2025-01-02,SKU_48,WH_1,SUP_8,West,329,2,325,0,16.71,25.13,0,0,22,2025,1,2,3,1,21.948397
2025-01-03,SKU_48,WH_1,SUP_8,West,329,2,325,0,16.71,25.13,0,0,22,2025,1,3,4,1,22.12443
2025-01-04,SKU_48,WH_1,SUP_8,West,329,2,325,0,16.71,25.13,0,0,22,2025,1,4,5,1,22.195713
2025-01-05,SKU_48,WH_1,SUP_8,West,329,2,325,0,16.71,25.13,0,0,22,2025,1,5,6,1,22.1965
2025-01-06,SKU_48,WH_1,SUP_8,West,329,2,325,0,16.71,25.13,0,0,22,2025,1,6,0,2,22.004223
2025-01-07,SKU_48,WH_1,SUP_8,West,329,2,325,0,16.71,25.13,0,0,22,2025,1,7,1,2,22.083666
2025-01-08,SKU_48,WH_1,SUP_8,West,329,2,325,0,16.71,25.13,0,0,22,2025,1,8,2,2,22.207497
2025-01-09,SKU_48,WH_1,SUP_8,West,329,2,325,0,16.71,25.13,0,0,22,2025,1,9,3,2,22.200987
2025-01-10,SKU_48,WH_1,SUP_8,West,329,2,325,0,16.71,25.13,0,0,22,2025,1,10,4,2,22.16323
2025-01-11,SKU_48,WH_1,SUP_8,West,329,2,325,0,16.71,25.13,0,0,22,2025,1,11,5,2,22.175722
2025-01-12,SKU_48,WH_1,SUP_8,West,329,2,325,0,16.71,25.13,0,0,22,2025,1,12,6,2,22.146086
2025-01-13,SKU_48,WH_1,SUP_8,West,329,2,325,0,16.71,25.13,0,0,22,2025,1,13,0,3,21.987225
2025-01-14,SKU_48,WH_1,SUP_8,West,329,2,325,0,16.71,25.13,0,0,22,2025,1,14,1,3,22.119566
2025-01-15,SKU_48,WH_1,SUP_8,West,329,2,325,0,16.71,25.13,0,0,22,2025,1,15,2,3,22.151812
2025-01-16,SKU_48,WH_1,SUP_8,West,329,2,325,0,16.71,25.13,0,0,22,2025,1,16,3,3,22.123121
2025-01-17,SKU_48,WH_1,SUP_8,West,329,2,325,0,16.71,25.13,0,0,22,2025,1,17,4,3,22.085957
2025-01-18,SKU_48,WH_1,SUP_8,West,329,2,325,0,16.71,25.13,0,0,22,2025,1,18,5,3,22.236406
2025-01-19,SKU_48,WH_1,SUP_8,West,329,2,325,0,16.71,25.13,0,0,22,2025,1,19,6,3,22.244226
2025-01-20,SKU_48,WH_1,SUP_8,West,329,2,325,0,16.71,25.13,0,0,22,2025,1,20,0,4,21.706236
2025-01-21,SKU_48,WH_1,SUP_8,West,329,2,325,0,16.71,25.13,0,0,22,2025,1,21,1,4,21.820702
2025-01-22,SKU_48,WH_1,SUP_8,West,329,2,325,0,16.71,25.13,0,0,22,2025,1,22,2,4,21.81299
2025-01-23,SKU_48,WH_1,SUP_8,West,329,2,325,0,16.71,25.13,0,0,22,2025,1,23,3,4,21.859325
2025-01-24,SKU_48,WH_1,SUP_8,West,329,2,325,0,16.71,25.13,0,0,22,2025,1,24,4,4,21.731802
2025-01-25,SKU_48,WH_1,SUP_8,West,329,2,325,0,16.71,25.13,0,0,22,2025,1,25,5,4,21.753145
2025-01-26,SKU_48,WH_1,SUP_8,West,329,2,325,0,16.71,25.13,0,0,22,2025,1,26,6,4,21.775639
2025-01-27,SKU_48,WH_1,SUP_8,West,329,2,325,0,16.71,25.13,0,0,22,2025,1,27,0,5,21.434841
2025-01-28,SKU_48,WH_1,SUP_8,West,329,2,325,0,16.71,25.13,0,0,22,2025,1,28,1,5,21.613262
2025-01-29,SKU_48,WH_1,SUP_8,West,329,2,325,0,16.71,25.13,0,0,22,2025,1,29,2,5,21.63902
2024-12-31,SKU_47,WH_5,SUP_10,South,595,8,365,0,10.16,14.03,0,0,26,2024,12,31,1,1,25.249485
2025-01-01,SKU_47,WH_5,SUP_10,South,595,8,365,0,10.16,14.03,0,0,26,2025,1,1,2,1,25.851282
2025-01-02,SKU_47,WH_5,SUP_10,South,595,8,365,0,10.16,14.03,0,0,26,2025,1,2,3,1,25.827686
2025-01-03,SKU_47,WH_5,SUP_10,South,595,8,365,0,10.16,14.03,0,0,26,2025,1,3,4,1,25.870516
2025-01-04,SKU_47,WH_5,SUP_10,South,595,8,365,0,10.16,14.03,0,0,26,2025,1,4,5,1,25.856747
2025-01-05,SKU_47,WH_5,SUP_10,South,595,8,365,0,10.16,14.03,0,0,26,2025,1,5,6,1,25.934692
2025-01-06,SKU_47,WH_5,SUP_10,South,595,8,365,0,10.16,14.03,0,0,26,2025,1,6,0,2,25.782118
2025-01-07,SKU_47,WH_5,SUP_10,South,595,8,365,0,10.16,14.03,0,0,26,2025,1,7,1,2,25.783834
2025-01-08,SKU_47,WH_5,SUP_10,South,595,8,365,0,10.16,14.03,0,0,26,2025,1,8,2,2,25.93474
2025-01-09,SKU_47,WH_5,SUP_10,South,595,8,365,0,10.16,14.03,0,0,26,2025,1,9,3,2,25.927387
2025-01-10,SKU_47,WH_5,SUP_10,South,595,8,365,0,10.16,14.03,0,0,26,2025,1,10,4,2,25.952759
2025-01-11,SKU_47,WH_5,SUP_10,South,595,8,365,0,10.16,14.03,0,0,26,2025,1,11,5,2,25.96069
2025-01-12,SKU_47,WH_5,SUP_10,South,595,8,365,0,10.16,14.03,0,0,26,2025,1,12,6,2,25.975677
2025-01-13,SKU_47,WH_5,SUP_10,South,595,8,365,0,10.16,14.03,0,0,26,2025,1,13,0,3,25.949108
2025-01-14,SKU_47,WH_5,SUP_10,South,595,8,365,0,10.16,14.03,0,0,26,2025,1,14,1,3,25.975689
2025-01-15,SKU_47,WH_5,SUP_10,South,595,8,365,0,10.16,14.03,0,0,26,2025,1,15,2,3,26.010944
2025-01-16,SKU_47,WH_5,SUP_10,South,595,8,365,0,10.16,14.03,0,0,26,2025,1,16,3,3,26.008854
2025-01-17,SKU_47,WH_5,SUP_10,South,595,8,365,0,10.16,14.03,0,0,26,2025,1,17,4,3,26.003414
2025-01-18,SKU_47,WH_5,SUP_10,South,595,8,365,0,10.16,14.03,0,0,26,2025,1,18,5,3,26.14725
2025-01-19,SKU_47,WH_5,SUP_10,South,595,8,365,0,10.16,14.03,0,0,26,2025,1,19,6,3,26.166405
2025-01-20,SKU_47,WH_5,SUP_10,South,595,8,365,0,10.16,14.03,0,0,26,2025,1,20,0,4,26.01513
2025-01-21,SKU_47,WH_5,SUP_10,South,595,8,365,0,10.16,14.03,0,0,26,2025,1,21,1,4,26.028322
2025-01-22,SKU_47,WH_5,SUP_10,South,595,8,365,0,10.16,14.03,0,0,26,2025,1,22,2,4,26.063478
2025-01-23,SKU_47,WH_5,SUP_10,South,595,8,365,0,10.16,14.03,0,0,26,2025,1,23,3,4,26.063099
2025-01-24,SKU_47,WH_5,SUP_10,South,595,8,365,0,10.16,14.03,0,0,26,2025,1,24,4,4,26.05049
2025-01-25,SKU_47,WH_5,SUP_10,South,595,8,365,0,10.16,14.03,0,0,26,2025,1,25,5,4,26.104298
2025-01-26,SKU_47,WH_5,SUP_10,South,595,8,365,0,10.16,14.03,0,0,26,2025,1,26,6,4,26.132885
2025-01-27,SKU_47,WH_5,SUP_10,South,595,8,365,0,10.16,14.03,0,0,26,2025,1,27,0,5,26.13826
2025-01-28,SKU_47,WH_5,SUP_10,South,595,8,365,0,10.16,14.03,0,0,26,2025,1,28,1,5,26.17867
2025-01-29,SKU_47,WH_5,SUP_10,South,595,8,365,0,10.16,14.03,0,0,26,2025,1,29,2,5,26.21948
2024-12-31,SKU_47,WH_4,SUP_1,East,329,5,345,0,13.17,19.21,0,0,20,2024,12,31,1,1,20.491665
2025-01-01,SKU_47,WH_4,SUP_1,East,329,5,345,0,13.17,19.21,0,0,20,2025,1,1,2,1,20.548893
2025-01-02,SKU_47,WH_4,SUP_1,East,329,5,345,0,13.17,19.21,0,0,20,2025,1,2,3,1,20.3689
2025-01-03,SKU_47,WH_4,SUP_1,East,329,5,345,0,13.17,19.21,0,0,20,2025,1,3,4,1,20.56019
2025-01-04,SKU_47,WH_4,SUP_1,East,329,5,345,0,13.17,19.21,0,0,20,2025,1,4,5,1,20.629686
2025-01-05,SKU_47,WH_4,SUP_1,East,329,5,345,0,13.17,19.21,0,0,20,2025,1,5,6,1,20.719746
2025-01-06,SKU_47,WH_4,SUP_1,East,329,5,345,0,13.17,19.21,0,0,20,2025,1,6,0,2,20.681637
2025-01-07,SKU_47,WH_4,SUP_1,East,329,5,345,0,13.17,19.21,0,0,20,2025,1,7,1,2,20.639605
2025-01-08,SKU_47,WH_4,SUP_1,East,329,5,345,0,13.17,19.21,0,0,20,2025,1,8,2,2,20.732931
2025-01-09,SKU_47,WH_4,SUP_1,East,329,5,345,0,13.17,19.21,0,0,20,2025,1,9,3,2,20.555136
2025-01-10,SKU_47,WH_4,SUP_1,East,329,5,345,0,13.17,19.21,0,0,20,2025,1,10,4,2,20.557934
2025-01-11,SKU_47,WH_4,SUP_1,East,329,5,345,0,13.17,19.21,0,0,20,2025,1,11,5,2,20.570425
2025-01-12,SKU_47,WH_4,SUP_1,East,329,5,345,0,13.17,19.21,0,0,20,2025,1,12,6,2,20.575056
2025-01-13,SKU_47,WH_4,SUP_1,East,329,5,345,0,13.17,19.21,0,0,20,2025,1,13,0,3,20.50601
2025-01-14,SKU_47,WH_4,SUP_1,East,329,5,345,0,13.17,19.21,0,0,20,2025,1,14,1,3,20.529455
2025-01-15,SKU_47,WH_4,SUP_1,East,329,5,345,0,13.17,19.21,0,0,20,2025,1,15,2,3,20.535503
2025-01-16,SKU_47,WH_4,SUP_1,East,329,5,345,0,13.17,19.21,0,0,20,2025,1,16,3,3,20.36297
2025-01-17,SKU_47,WH_4,SUP_1,East,329,5,345,0,13.17,19.21,0,0,20,2025,1,17,4,3,20.373806
2025-01-18,SKU_47,WH_4,SUP_1,East,329,5,345,0,13.17,19.21,0,0,20,2025,1,18,5,3,20.521587
2025-01-19,SKU_47,WH_4,SUP_1,East,329,5,345,0,13.17,19.21,0,0,20,2025,1,19,6,3,20.567453
2025-01-20,SKU_47,WH_4,SUP_1,East,329,5,345,0,13.17,19.21,0,0,20,2025,1,20,0,4,20.128544
2025-01-21,SKU_47,WH_4,SUP_1,East,329,5,345,0,13.17,19.21,0,0,20,2025,1,21,1,4,20.138664
2025-01-22,SKU_47,WH_4,SUP_1,East,329,5,345,0,13.17,19.21,0,0,20,2025,1,22,2,4,20.138638
2025-01-23,SKU_47,WH_4,SUP_1,East,329,5,345,0,13.17,19.21,0,0,20,2025,1,23,3,4,20.126547
2025-01-24,SKU_47,WH_4,SUP_1,East,329,5,345,0,13.17,19.21,0,0,20,2025,1,24,4,4,20.146904
2025-01-25,SKU_47,WH_4,SUP_1,East,329,5,345,0,13.17,19.21,0,0,20,2025,1,25,5,4,20.256685
2025-01-26,SKU_47,WH_4,SUP_1,East,329,5,345,0,13.17,19.21,0,0,20,2025,1,26,6,4,20.317225
2025-01-27,SKU_47,WH_4,SUP_1,East,329,5,345,0,13.17,19.21,0,0,20,2025,1,27,0,5,19.747286
2025-01-28,SKU_47,WH_4,SUP_1,East,329,5,345,0,13.17,19.21,0,0,20,2025,1,28,1,5,19.791405
2025-01-29,SKU_47,WH_4,SUP_1,East,329,5,345,0,13.17,19.21,0,0,20,2025,1,29,2,5,19.815094
2024-12-31,SKU_47,WH_3,SUP_7,South,468,10,377,0,7.79,13.38,0,0,26,2024,12,31,1,1,25.551685
2025-01-01,SKU_47,WH_3,SUP_7,South,468,10,377,0,7.79,13.38,0,0,26,2025,1,1,2,1,25.643202
2025-01-02,SKU_47,WH_3,SUP_7,South,468,10,377,0,7.79,13.38,0,0,26,2025,1,2,3,1,25.615364
2025-01-03,SKU_47,WH_3,SUP_7,South,468,10,377,0,7.79,13.38,0,0,26,2025,1,3,4,1,25.80819
2025-01-04,SKU_47,WH_3,SUP_7,South,468,10,377,0,7.79,13.38,0,0,26,2025,1,4,5,1,25.864817
2025-01-05,SKU_47,WH_3,SUP_7,South,468,10,377,0,7.79,13.38,0,0,26,2025,1,5,6,1,25.942762
2025-01-06,SKU_47,WH_3,SUP_7,South,468,10,377,0,7.79,13.38,0,0,26,2025,1,6,0,2,25.89697
2025-01-07,SKU_47,WH_3,SUP_7,South,468,10,377,0,7.79,13.38,0,0,26,2025,1,7,1,2,25.861843
2025-01-08,SKU_47,WH_3,SUP_7,South,468,10,377,0,7.79,13.38,0,0,26,2025,1,8,2,2,25.951714
2025-01-09,SKU_47,WH_3,SUP_7,South,468,10,377,0,7.79,13.38,0,0,26,2025,1,9,3,2,25.939623
2025-01-10,SKU_47,WH_3,SUP_7,South,468,10,377,0,7.79,13.38,0,0,26,2025,1,10,4,2,25.972382
2025-01-11,SKU_47,WH_3,SUP_7,South,468,10,377,0,7.79,13.38,0,0,26,2025,1,11,5,2,25.98927
2025-01-12,SKU_47,WH_3,SUP_7,South,468,10,377,0,7.79,13.38,0,0,26,2025,1,12,6,2,26.004257
2025-01-13,SKU_47,WH_3,SUP_7,South,468,10,377,0,7.79,13.38,0,0,26,2025,1,13,0,3,26.043217
2025-01-14,SKU_47,WH_3,SUP_7,South,468,10,377,0,7.79,13.38,0,0,26,2025,1,14,1,3,26.070808
2025-01-15,SKU_47,WH_3,SUP_7,South,468,10,377,0,7.79,13.38,0,0,26,2025,1,15,2,3,26.048891
2025-01-16,SKU_47,WH_3,SUP_7,South,468,10,377,0,7.79,13.38,0,0,26,2025,1,16,3,3,26.03509
2025-01-17,SKU_47,WH_3,SUP_7,South,468,10,377,0,7.79,13.38,0,0,26,2025,1,17,4,3,26.055285
2025-01-18,SKU_47,WH_3,SUP_7,South,468,10,377,0,7.79,13.38,0,0,26,2025,1,18,5,3,26.254255
2025-01-19,SKU_47,WH_3,SUP_7,South,468,10,377,0,7.79,13.38,0,0,26,2025,1,19,6,3,26.280443
2025-01-20,SKU_47,WH_3,SUP_7,South,468,10,377,0,7.79,13.38,0,0,26,2025,1,20,0,4,26.165182
2025-01-21,SKU_47,WH_3,SUP_7,South,468,10,377,0,7.79,13.38,0,0,26,2025,1,21,1,4,26.175734
2025-01-22,SKU_47,WH_3,SUP_7,South,468,10,377,0,7.79,13.38,0,0,26,2025,1,22,2,4,26.153717
2025-01-23,SKU_47,WH_3,SUP_7,South,468,10,377,0,7.79,13.38,0,0,26,2025,1,23,3,4,26.141626
2025-01-24,SKU_47,WH_3,SUP_7,South,468,10,377,0,7.79,13.38,0,0,26,2025,1,24,4,4,26.117336
2025-01-25,SKU_47,WH_3,SUP_7,South,468,10,377,0,7.79,13.38,0,0,26,2025,1,25,5,4,26.177395
2025-01-26,SKU_47,WH_3,SUP_7,South,468,10,377,0,7.79,13.38,0,0,26,2025,1,26,6,4,26.256348
2025-01-27,SKU_47,WH_3,SUP_7,South,468,10,377,0,7.79,13.38,0,0,26,2025,1,27,0,5,26.309937
2025-01-28,SKU_47,WH_3,SUP_7,South,468,10,377,0,7.79,13.38,0,0,26,2025,1,28,1,5,26.350348
2025-01-29,SKU_47,WH_3,SUP_7,South,468,10,377,0,7.79,13.38,0,0,26,2025,1,29,2,5,26.333984
2024-12-31,SKU_47,WH_2,SUP_7,South,457,11,370,0,8.43,14.52,0,0,23,2024,12,31,1,1,22.727869
2025-01-01,SKU_47,WH_2,SUP_7,South,457,11,370,0,8.43,14.52,0,0,23,2025,1,1,2,1,22.674377
2025-01-02,SKU_47,WH_2,SUP_7,South,457,11,370,0,8.43,14.52,0,0,23,2025,1,2,3,1,22.666605
2025-01-03,SKU_47,WH_2,SUP_7,South,457,11,370,0,8.43,14.52,0,0,23,2025,1,3,4,1,22.847973
2025-01-04,SKU_47,WH_2,SUP_7,South,457,11,370,0,8.43,14.52,0,0,23,2025,1,4,5,1,22.858088
2025-01-05,SKU_47,WH_2,SUP_7,South,457,11,370,0,8.43,14.52,0,0,23,2025,1,5,6,1,22.928822
2025-01-06,SKU_47,WH_2,SUP_7,South,457,11,370,0,8.43,14.52,0,0,23,2025,1,6,0,2,22.898218
2025-01-07,SKU_47,WH_2,SUP_7,South,457,11,370,0,8.43,14.52,0,0,23,2025,1,7,1,2,22.837637
2025-01-08,SKU_47,WH_2,SUP_7,South,457,11,370,0,8.43,14.52,0,0,23,2025,1,8,2,2,22.919636
2025-01-09,SKU_47,WH_2,SUP_7,South,457,11,370,0,8.43,14.52,0,0,23,2025,1,9,3,2,22.907545
2025-01-10,SKU_47,WH_2,SUP_7,South,457,11,370,0,8.43,14.52,0,0,23,2025,1,10,4,2,22.940304
2025-01-11,SKU_47,WH_2,SUP_7,South,457,11,370,0,8.43,14.52,0,0,23,2025,1,11,5,2,22.951506
2025-01-12,SKU_47,WH_2,SUP_7,South,457,11,370,0,8.43,14.52,0,0,23,2025,1,12,6,2,22.966164
2025-01-13,SKU_47,WH_2,SUP_7,South,457,11,370,0,8.43,14.52,0,0,23,2025,1,13,0,3,23.051346
2025-01-14,SKU_47,WH_2,SUP_7,South,457,11,370,0,8.43,14.52,0,0,23,2025,1,14,1,3,23.08005
2025-01-15,SKU_47,WH_2,SUP_7,South,457,11,370,0,8.43,14.52,0,0,23,2025,1,15,2,3,23.05026
2025-01-16,SKU_47,WH_2,SUP_7,South,457,11,370,0,8.43,14.52,0,0,23,2025,1,16,3,3,23.036459
2025-01-17,SKU_47,WH_2,SUP_7,South,457,11,370,0,8.43,14.52,0,0,23,2025,1,17,4,3,23.018911
2025-01-18,SKU_47,WH_2,SUP_7,South,457,11,370,0,8.43,14.52,0,0,23,2025,1,18,5,3,23.210146
2025-01-19,SKU_47,WH_2,SUP_7,South,457,11,370,0,8.43,14.52,0,0,23,2025,1,19,6,3,23.232908
2025-01-20,SKU_47,WH_2,SUP_7,South,457,11,370,0,8.43,14.52,0,0,23,2025,1,20,0,4,23.039534
2025-01-21,SKU_47,WH_2,SUP_7,South,457,11,370,0,8.43,14.52,0,0,23,2025,1,21,1,4,23.024632
2025-01-22,SKU_47,WH_2,SUP_7,South,457,11,370,0,8.43,14.52,0,0,23,2025,1,22,2,4,22.994743
2025-01-23,SKU_47,WH_2,SUP_7,South,457,11,370,0,8.43,14.52,0,0,23,2025,1,23,3,4,22.982653
2025-01-24,SKU_47,WH_2,SUP_7,South,457,11,370,0,8.43,14.52,0,0,23,2025,1,24,4,4,22.958363
2025-01-25,SKU_47,WH_2,SUP_7,South,457,11,370,0,8.43,14.52,0,0,23,2025,1,25,5,4,23.012735
2025-01-26,SKU_47,WH_2,SUP_7,South,457,11,370,0,8.43,14.52,0,0,23,2025,1,26,6,4,23.062168
2025-01-27,SKU_47,WH_2,SUP_7,South,457,11,370,0,8.43,14.52,0,0,23,2025,1,27,0,5,22.88839
2025-01-28,SKU_47,WH_2,SUP_7,South,457,11,370,0,8.43,14.52,0,0,23,2025,1,28,1,5,22.903347
2025-01-29,SKU_47,WH_2,SUP_7,South,457,11,370,0,8.43,14.52,0,0,23,2025,1,29,2,5,22.879112
2024-12-31,SKU_47,WH_1,SUP_5,North,571,9,230,0,8.51,11.89,0,0,18,2024,12,31,1,1,17.810112
2025-01-01,SKU_47,WH_1,SUP_5,North,571,9,230,0,8.51,11.89,0,0,18,2025,1,1,2,1,18.100376
2025-01-02,SKU_47,WH_1,SUP_5,North,571,9,230,0,8.51,11.89,0,0,18,2025,1,2,3,1,18.125599
2025-01-03,SKU_47,WH_1,SUP_5,North,571,9,230,0,8.51,11.89,0,0,18,2025,1,3,4,1,18.207685
2025-01-04,SKU_47,WH_1,SUP_5,North,571,9,230,0,8.51,11.89,0,0,18,2025,1,4,5,1,18.256657
2025-01-05,SKU_47,WH_1,SUP_5,North,571,9,230,0,8.51,11.89,0,0,18,2025,1,5,6,1,18.205315
2025-01-06,SKU_47,WH_1,SUP_5,North,571,9,230,0,8.51,11.89,0,0,18,2025,1,6,0,2,18.205725
2025-01-07,SKU_47,WH_1,SUP_5,North,571,9,230,0,8.51,11.89,0,0,18,2025,1,7,1,2,18.171265
2025-01-08,SKU_47,WH_1,SUP_5,North,571,9,230,0,8.51,11.89,0,0,18,2025,1,8,2,2,18.25027
2025-01-09,SKU_47,WH_1,SUP_5,North,571,9,230,0,8.51,11.89,0,0,18,2025,1,9,3,2,18.276
2025-01-10,SKU_47,WH_1,SUP_5,North,571,9,230,0,8.51,11.89,0,0,18,2025,1,10,4,2,18.334738
2025-01-11,SKU_47,WH_1,SUP_5,North,571,9,230,0,8.51,11.89,0,0,18,2025,1,11,5,2,18.314627
2025-01-12,SKU_47,WH_1,SUP_5,North,571,9,230,0,8.51,11.89,0,0,18,2025,1,12,6,2,18.25533
2025-01-13,SKU_47,WH_1,SUP_5,North,571,9,230,0,8.51,11.89,0,0,18,2025,1,13,0,3,18.34142
2025-01-14,SKU_47,WH_1,SUP_5,North,571,9,230,0,8.51,11.89,0,0,18,2025,1,14,1,3,18.37658
2025-01-15,SKU_47,WH_1,SUP_5,North,571,9,230,0,8.51,11.89,0,0,18,2025,1,15,2,3,18.363281
2025-01-16,SKU_47,WH_1,SUP_5,North,571,9,230,0,8.51,11.89,0,0,18,2025,1,16,3,3,18.387299
2025-01-17,SKU_47,WH_1,SUP_5,North,571,9,230,0,8.51,11.89,0,0,18,2025,1,17,4,3,18.389181
2025-01-18,SKU_47,WH_1,SUP_5,North,571,9,230,0,8.51,11.89,0,0,18,2025,1,18,5,3,18.499125
2025-01-19,SKU_47,WH_1,SUP_5,North,571,9,230,0,8.51,11.89,0,0,18,2025,1,19,6,3,18.467575
2025-01-20,SKU_47,WH_1,SUP_5,North,571,9,230,0,8.51,11.89,0,0,18,2025,1,20,0,4,18.226368
2025-01-21,SKU_47,WH_1,SUP_5,North,571,9,230,0,8.51,11.89,0,0,18,2025,1,21,1,4,18.217426
2025-01-22,SKU_47,WH_1,SUP_5,North,571,9,230,0,8.51,11.89,0,0,18,2025,1,22,2,4,18.184698
2025-01-23,SKU_47,WH_1,SUP_5,North,571,9,230,0,8.51,11.89,0,0,18,2025,1,23,3,4,18.210426
2025-01-24,SKU_47,WH_1,SUP_5,North,571,9,230,0,8.51,11.89,0,0,18,2025,1,24,4,4,18.323032
2025-01-25,SKU_47,WH_1,SUP_5,North,571,9,230,0,8.51,11.89,0,0,18,2025,1,25,5,4,18.350878
2025-01-26,SKU_47,WH_1,SUP_5,North,571,9,230,0,8.51,11.89,0,0,18,2025,1,26,6,4,18.29055
2025-01-27,SKU_47,WH_1,SUP_5,North,571,9,230,0,8.51,11.89,0,0,18,2025,1,27,0,5,17.875965
2025-01-28,SKU_47,WH_1,SUP_5,North,571,9,230,0,8.51,11.89,0,0,18,2025,1,28,1,5,17.89575
2025-01-29,SKU_47,WH_1,SUP_5,North,571,9,230,0,8.51,11.89,0,0,18,2025,1,29,2,5,17.847223
2024-12-31,SKU_46,WH_5,SUP_7,East,297,2,287,0,10.34,15.65,0,0,17,2024,12,31,1,1,16.327917
2025-01-01,SKU_46,WH_5,SUP_7,East,297,2,287,0,10.34,15.65,0,0,17,2025,1,1,2,1,16.661781
2025-01-02,SKU_46,WH_5,SUP_7,East,297,2,287,0,10.34,15.65,0,0,17,2025,1,2,3,1,16.74629
2025-01-03,SKU_46,WH_5,SUP_7,East,297,2,287,0,10.34,15.65,0,0,17,2025,1,3,4,1,16.883158
2025-01-04,SKU_46,WH_5,SUP_7,East,297,2,287,0,10.34,15.65,0,0,17,2025,1,4,5,1,17.011374
2025-01-05,SKU_46,WH_5,SUP_7,East,297,2,287,0,10.34,15.65,0,0,17,2025,1,5,6,1,16.929846
2025-01-06,SKU_46,WH_5,SUP_7,East,297,2,287,0,10.34,15.65,0,0,17,2025,1,6,0,2,16.797796
2025-01-07,SKU_46,WH_5,SUP_7,East,297,2,287,0,10.34,15.65,0,0,17,2025,1,7,1,2,16.856579
2025-01-08,SKU_46,WH_5,SUP_7,East,297,2,287,0,10.34,15.65,0,0,17,2025,1,8,2,2,16.964706
2025-01-09,SKU_46,WH_5,SUP_7,East,297,2,287,0,10.34,15.65,0,0,17,2025,1,9,3,2,16.963934
2025-01-10,SKU_46,WH_5,SUP_7,East,297,2,287,0,10.34,15.65,0,0,17,2025,1,10,4,2,16.926311
2025-01-11,SKU_46,WH_5,SUP_7,East,297,2,287,0,10.34,15.65,0,0,17,2025,1,11,5,2,16.934242
2025-01-12,SKU_46,WH_5,SUP_7,East,297,2,287,0,10.34,15.65,0,0,17,2025,1,12,6,2,16.83078
2025-01-13,SKU_46,WH_5,SUP_7,East,297,2,287,0,10.34,15.65,0,0,17,2025,1,13,0,3,16.776926
2025-01-14,SKU_46,WH_5,SUP_7,East,297,2,287,0,10.34,15.65,0,0,17,2025,1,14,1,3,16.869696
2025-01-15,SKU_46,WH_5,SUP_7,East,297,2,287,0,10.34,15.65,0,0,17,2025,1,15,2,3,16.886238
2025-01-16,SKU_46,WH_5,SUP_7,East,297,2,287,0,10.34,15.65,0,0,17,2025,1,16,3,3,16.88416
2025-01-17,SKU_46,WH_5,SUP_7,East,297,2,287,0,10.34,15.65,0,0,17,2025,1,17,4,3,16.85886
2025-01-18,SKU_46,WH_5,SUP_7,East,297,2,287,0,10.34,15.65,0,0,17,2025,1,18,5,3,17.041956
2025-01-19,SKU_46,WH_5,SUP_7,East,297,2,287,0,10.34,15.65,0,0,17,2025,1,19,6,3,16.964209
2025-01-20,SKU_46,WH_5,SUP_7,East,297,2,287,0,10.34,15.65,0,0,17,2025,1,20,0,4,16.72307
2025-01-21,SKU_46,WH_5,SUP_7,East,297,2,287,0,10.34,15.65,0,0,17,2025,1,21,1,4,16.792143
2025-01-22,SKU_46,WH_5,SUP_7,East,297,2,287,0,10.34,15.65,0,0,17,2025,1,22,2,4,16.788937
2025-01-23,SKU_46,WH_5,SUP_7,East,297,2,287,0,10.34,15.65,0,0,17,2025,1,23,3,4,16.857899
2025-01-24,SKU_46,WH_5,SUP_7,East,297,2,287,0,10.34,15.65,0,0,17,2025,1,24,4,4,16.761734
2025-01-25,SKU_46,WH_5,SUP_7,East,297,2,287,0,10.34,15.65,0,0,17,2025,1,25,5,4,16.809475
2025-01-26,SKU_46,WH_5,SUP_7,East,297,2,287,0,10.34,15.65,0,0,17,2025,1,26,6,4,16.754084
2025-01-27,SKU_46,WH_5,SUP_7,East,297,2,287,0,10.34,15.65,0,0,17,2025,1,27,0,5,16.620161
2025-01-28,SKU_46,WH_5,SUP_7,East,297,2,287,0,10.34,15.65,0,0,17,2025,1,28,1,5,16.726183
2025-01-29,SKU_46,WH_5,SUP_7,East,297,2,287,0,10.34,15.65,0,0,17,2025,1,29,2,5,16.736238
2024-12-31,SKU_46,WH_4,SUP_3,West,596,12,299,0,14.55,19.98,0,0,19,2024,12,31,1,1,18.723698
2025-01-01,SKU_46,WH_4,SUP_3,West,596,12,299,0,14.55,19.98,0,0,19,2025,1,1,2,1,18.965307
2025-01-02,SKU_46,WH_4,SUP_3,West,596,12,299,0,14.55,19.98,0,0,19,2025,1,2,3,1,19.012007
2025-01-03,SKU_46,WH_4,SUP_3,West,596,12,299,0,14.55,19.98,0,0,19,2025,1,3,4,1,19.05392
2025-01-04,SKU_46,WH_4,SUP_3,West,596,12,299,0,14.55,19.98,0,0,19,2025,1,4,5,1,19.132141
2025-01-05,SKU_46,WH_4,SUP_3,West,596,12,299,0,14.55,19.98,0,0,19,2025,1,5,6,1,19.105715
2025-01-06,SKU_46,WH_4,SUP_3,West,596,12,299,0,14.55,19.98,0,0,19,2025,1,6,0,2,19.042477
2025-01-07,SKU_46,WH_4,SUP_3,West,596,12,299,0,14.55,19.98,0,0,19,2025,1,7,1,2,18.983017
2025-01-08,SKU_46,WH_4,SUP_3,West,596,12,299,0,14.55,19.98,0,0,19,2025,1,8,2,2,19.124601
2025-01-09,SKU_46,WH_4,SUP_3,West,596,12,299,0,14.55,19.98,0,0,19,2025,1,9,3,2,19.20466
2025-01-10,SKU_46,WH_4,SUP_3,West,596,12,299,0,14.55,19.98,0,0,19,2025,1,10,4,2,19.223843
2025-01-11,SKU_46,WH_4,SUP_3,West,596,12,299,0,14.55,19.98,0,0,19,2025,1,11,5,2,19.230648
2025-01-12,SKU_46,WH_4,SUP_3,West,596,12,299,0,14.55,19.98,0,0,19,2025,1,12,6,2,19.196268
2025-01-13,SKU_46,WH_4,SUP_3,West,596,12,299,0,14.55,19.98,0,0,19,2025,1,13,0,3,19.218176
2025-01-14,SKU_46,WH_4,SUP_3,West,596,12,299,0,14.55,19.98,0,0,19,2025,1,14,1,3,19.27208
2025-01-15,SKU_46,WH_4,SUP_3,West,596,12,299,0,14.55,19.98,0,0,19,2025,1,15,2,3,19.317497
2025-01-16,SKU_46,WH_4,SUP_3,West,596,12,299,0,14.55,19.98,0,0,19,2025,1,16,3,3,19.353357
2025-01-17,SKU_46,WH_4,SUP_3,West,596,12,299,0,14.55,19.98,0,0,19,2025,1,17,4,3,19.30293
2025-01-18,SKU_46,WH_4,SUP_3,West,596,12,299,0,14.55,19.98,0,0,19,2025,1,18,5,3,19.434237
2025-01-19,SKU_46,WH_4,SUP_3,West,596,12,299,0,14.55,19.98,0,0,19,2025,1,19,6,3,19.427603
2025-01-20,SKU_46,WH_4,SUP_3,West,596,12,299,0,14.55,19.98,0,0,19,2025,1,20,0,4,19.05088
2025-01-21,SKU_46,WH_4,SUP_3,West,596,12,299,0,14.55,19.98,0,0,19,2025,1,21,1,4,19.05184
2025-01-22,SKU_46,WH_4,SUP_3,West,596,12,299,0,14.55,19.98,0,0,19,2025,1,22,2,4,19.136425
2025-01-23,SKU_46,WH_4,SUP_3,West,596,12,299,0,14.55,19.98,0,0,19,2025,1,23,3,4,19.173996
2025-01-24,SKU_46,WH_4,SUP_3,West,596,12,299,0,14.55,19.98,0,0,19,2025,1,24,4,4,19.15839
2025-01-25,SKU_46,WH_4,SUP_3,West,596,12,299,0,14.55,19.98,0,0,19,2025,1,25,5,4,19.200445
2025-01-26,SKU_46,WH_4,SUP_3,West,596,12,299,0,14.55,19.98,0,0,19,2025,1,26,6,4,19.219435
2025-01-27,SKU_46,WH_4,SUP_3,West,596,12,299,0,14.55,19.98,0,0,19,2025,1,27,0,5,18.621828
2025-01-28,SKU_46,WH_4,SUP_3,West,596,12,299,0,14.55,19.98,0,0,19,2025,1,28,1,5,18.659737
2025-01-29,SKU_46,WH_4,SUP_3,West,596,12,299,0,14.55,19.98,0,0,19,2025,1,29,2,5,18.67657
2024-12-31,SKU_46,WH_3,SUP_8,North,344,11,253,0,16.1,21.23,0,0,18,2024,12,31,1,1,17.976715
2025-01-01,SKU_46,WH_3,SUP_8,North,344,11,253,0,16.1,21.23,0,0,18,2025,1,1,2,1,17.91958
2025-01-02,SKU_46,WH_3,SUP_8,North,344,11,253,0,16.1,21.23,0,0,18,2025,1,2,3,1,17.926146
2025-01-03,SKU_46,WH_3,SUP_8,North,344,11,253,0,16.1,21.23,0,0,18,2025,1,3,4,1,18.068506
2025-01-04,SKU_46,WH_3,SUP_8,North,344,11,253,0,16.1,21.23,0,0,18,2025,1,4,5,1,18.211514
2025-01-05,SKU_46,WH_3,SUP_8,North,344,11,253,0,16.1,21.23,0,0,18,2025,1,5,6,1,18.13889
2025-01-06,SKU_46,WH_3,SUP_8,North,344,11,253,0,16.1,21.23,0,0,18,2025,1,6,0,2,18.07187
2025-01-07,SKU_46,WH_3,SUP_8,North,344,11,253,0,16.1,21.23,0,0,18,2025,1,7,1,2,18.029173
2025-01-08,SKU_46,WH_3,SUP_8,North,344,11,253,0,16.1,21.23,0,0,18,2025,1,8,2,2,18.12862
2025-01-09,SKU_46,WH_3,SUP_8,North,344,11,253,0,16.1,21.23,0,0,18,2025,1,9,3,2,18.148218
2025-01-10,SKU_46,WH_3,SUP_8,North,344,11,253,0,16.1,21.23,0,0,18,2025,1,10,4,2,18.192575
2025-01-11,SKU_46,WH_3,SUP_8,North,344,11,253,0,16.1,21.23,0,0,18,2025,1,11,5,2,18.19938
2025-01-12,SKU_46,WH_3,SUP_8,North,344,11,253,0,16.1,21.23,0,0,18,2025,1,12,6,2,18.106018
2025-01-13,SKU_46,WH_3,SUP_8,North,344,11,253,0,16.1,21.23,0,0,18,2025,1,13,0,3,18.106026
2025-01-14,SKU_46,WH_3,SUP_8,North,344,11,253,0,16.1,21.23,0,0,18,2025,1,14,1,3,18.15789
2025-01-15,SKU_46,WH_3,SUP_8,North,344,11,253,0,16.1,21.23,0,0,18,2025,1,15,2,3,18.186007
2025-01-16,SKU_46,WH_3,SUP_8,North,344,11,253,0,16.1,21.23,0,0,18,2025,1,16,3,3,18.183424
2025-01-17,SKU_46,WH_3,SUP_8,North,344,11,253,0,16.1,21.23,0,0,18,2025,1,17,4,3,18.21841
2025-01-18,SKU_46,WH_3,SUP_8,North,344,11,253,0,16.1,21.23,0,0,18,2025,1,18,5,3,18.360662
2025-01-19,SKU_46,WH_3,SUP_8,North,344,11,253,0,16.1,21.23,0,0,18,2025,1,19,6,3,18.28614
2025-01-20,SKU_46,WH_3,SUP_8,North,344,11,253,0,16.1,21.23,0,0,18,2025,1,20,0,4,18.000519
2025-01-21,SKU_46,WH_3,SUP_8,North,344,11,253,0,16.1,21.23,0,0,18,2025,1,21,1,4,18.033123
2025-01-22,SKU_46,WH_3,SUP_8,North,344,11,253,0,16.1,21.23,0,0,18,2025,1,22,2,4,18.048172
2025-01-23,SKU_46,WH_3,SUP_8,North,344,11,253,0,16.1,21.23,0,0,18,2025,1,23,3,4,18.06567
2025-01-24,SKU_46,WH_3,SUP_8,North,344,11,253,0,16.1,21.23,0,0,18,2025,1,24,4,4,18.050463
2025-01-25,SKU_46,WH_3,SUP_8,North,344,11,253,0,16.1,21.23,0,0,18,2025,1,25,5,4,18.092518
2025-01-26,SKU_46,WH_3,SUP_8,North,344,11,253,0,16.1,21.23,0,0,18,2025,1,26,6,4,18.044586
2025-01-27,SKU_46,WH_3,SUP_8,North,344,11,253,0,16.1,21.23,0,0,18,2025,1,27,0,5,17.71183
2025-01-28,SKU_46,WH_3,SUP_8,North,344,11,253,0,16.1,21.23,0,0,18,2025,1,28,1,5,17.781384
2025-01-29,SKU_46,WH_3,SUP_8,North,344,11,253,0,16.1,21.23,0,0,18,2025,1,29,2,5,17.803013
2024-12-31,SKU_46,WH_2,SUP_10,East,620,7,288,0,15.46,23.6,0,0,20,2024,12,31,1,1,20.141209
2025-01-01,SKU_46,WH_2,SUP_10,East,620,7,288,0,15.46,23.6,0,0,20,2025,1,1,2,1,19.947203
2025-01-02,SKU_46,WH_2,SUP_10,East,620,7,288,0,15.46,23.6,0,0,20,2025,1,2,3,1,19.942469
2025-01-03,SKU_46,WH_2,SUP_10,East,620,7,288,0,15.46,23.6,0,0,20,2025,1,3,4,1,20.017738
2025-01-04,SKU_46,WH_2,SUP_10,East,620,7,288,0,15.46,23.6,0,0,20,2025,1,4,5,1,20.107084
2025-01-05,SKU_46,WH_2,SUP_10,East,620,7,288,0,15.46,23.6,0,0,20,2025,1,5,6,1,20.109488
2025-01-06,SKU_46,WH_2,SUP_10,East,620,7,288,0,15.46,23.6,0,0,20,2025,1,6,0,2,20.022137
2025-01-07,SKU_46,WH_2,SUP_10,East,620,7,288,0,15.46,23.6,0,0,20,2025,1,7,1,2,19.962849
2025-01-08,SKU_46,WH_2,SUP_10,East,620,7,288,0,15.46,23.6,0,0,20,2025,1,8,2,2,20.055283
2025-01-09,SKU_46,WH_2,SUP_10,East,620,7,288,0,15.46,23.6,0,0,20,2025,1,9,3,2,20.109234
2025-01-10,SKU_46,WH_2,SUP_10,East,620,7,288,0,15.46,23.6,0,0,20,2025,1,10,4,2,20.16696
2025-01-11,SKU_46,WH_2,SUP_10,East,620,7,288,0,15.46,23.6,0,0,20,2025,1,11,5,2,20.179451
2025-01-12,SKU_46,WH_2,SUP_10,East,620,7,288,0,15.46,23.6,0,0,20,2025,1,12,6,2,20.1739
2025-01-13,SKU_46,WH_2,SUP_10,East,620,7,288,0,15.46,23.6,0,0,20,2025,1,13,0,3,20.176476
2025-01-14,SKU_46,WH_2,SUP_10,East,620,7,288,0,15.46,23.6,0,0,20,2025,1,14,1,3,20.230808
2025-01-15,SKU_46,WH_2,SUP_10,East,620,7,288,0,15.46,23.6,0,0,20,2025,1,15,2,3,20.227076
2025-01-16,SKU_46,WH_2,SUP_10,East,620,7,288,0,15.46,23.6,0,0,20,2025,1,16,3,3,20.236828
2025-01-17,SKU_46,WH_2,SUP_10,East,620,7,288,0,15.46,23.6,0,0,20,2025,1,17,4,3,20.233492
2025-01-18,SKU_46,WH_2,SUP_10,East,620,7,288,0,15.46,23.6,0,0,20,2025,1,18,5,3,20.37246
2025-01-19,SKU_46,WH_2,SUP_10,East,620,7,288,0,15.46,23.6,0,0,20,2025,1,19,6,3,20.374863
2025-01-20,SKU_46,WH_2,SUP_10,East,620,7,288,0,15.46,23.6,0,0,20,2025,1,20,0,4,20.159397
2025-01-21,SKU_46,WH_2,SUP_10,East,620,7,288,0,15.46,23.6,0,0,20,2025,1,21,1,4,20.178942
2025-01-22,SKU_46,WH_2,SUP_10,East,620,7,288,0,15.46,23.6,0,0,20,2025,1,22,2,4,20.145391
2025-01-23,SKU_46,WH_2,SUP_10,East,620,7,288,0,15.46,23.6,0,0,20,2025,1,23,3,4,20.156855
2025-01-24,SKU_46,WH_2,SUP_10,East,620,7,288,0,15.46,23.6,0,0,20,2025,1,24,4,4,20.166351
2025-01-25,SKU_46,WH_2,SUP_10,East,620,7,288,0,15.46,23.6,0,0,20,2025,1,25,5,4,20.214092
2025-01-26,SKU_46,WH_2,SUP_10,East,620,7,288,0,15.46,23.6,0,0,20,2025,1,26,6,4,20.2092
2025-01-27,SKU_46,WH_2,SUP_10,East,620,7,288,0,15.46,23.6,0,0,20,2025,1,27,0,5,19.675632
2025-01-28,SKU_46,WH_2,SUP_10,East,620,7,288,0,15.46,23.6,0,0,20,2025,1,28,1,5,19.732126
2025-01-29,SKU_46,WH_2,SUP_10,East,620,7,288,0,15.46,23.6,0,0,20,2025,1,29,2,5,19.711838
2024-12-31,SKU_46,WH_1,SUP_5,East,533,10,381,0,16.32,28.35,0,0,17,2024,12,31,1,1,17.116606
2025-01-01,SKU_46,WH_1,SUP_5,East,533,10,381,0,16.32,28.35,0,0,17,2025,1,1,2,1,17.217453
2025-01-02,SKU_46,WH_1,SUP_5,East,533,10,381,0,16.32,28.35,0,0,17,2025,1,2,3,1,17.242676
2025-01-03,SKU_46,WH_1,SUP_5,East,533,10,381,0,16.32,28.35,0,0,17,2025,1,3,4,1,17.310835
2025-01-04,SKU_46,WH_1,SUP_5,East,533,10,381,0,16.32,28.35,0,0,17,2025,1,4,5,1,17.50885
2025-01-05,SKU_46,WH_1,SUP_5,East,533,10,381,0,16.32,28.35,0,0,17,2025,1,5,6,1,17.542448
2025-01-06,SKU_46,WH_1,SUP_5,East,533,10,381,0,16.32,28.35,0,0,17,2025,1,6,0,2,17.221605
2025-01-07,SKU_46,WH_1,SUP_5,East,533,10,381,0,16.32,28.35,0,0,17,2025,1,7,1,2,17.249527
2025-01-08,SKU_46,WH_1,SUP_5,East,533,10,381,0,16.32,28.35,0,0,17,2025,1,8,2,2,17.350607
2025-01-09,SKU_46,WH_1,SUP_5,East,533,10,381,0,16.32,28.35,0,0,17,2025,1,9,3,2,17.482168
2025-01-10,SKU_46,WH_1,SUP_5,East,533,10,381,0,16.32,28.35,0,0,17,2025,1,10,4,2,17.508963
2025-01-11,SKU_46,WH_1,SUP_5,East,533,10,381,0,16.32,28.35,0,0,17,2025,1,11,5,2,17.69248
2025-01-12,SKU_46,WH_1,SUP_5,East,533,10,381,0,16.32,28.35,0,0,17,2025,1,12,6,2,17.730688
2025-01-13,SKU_46,WH_1,SUP_5,East,533,10,381,0,16.32,28.35,0,0,17,2025,1,13,0,3,17.52251
2025-01-14,SKU_46,WH_1,SUP_5,East,533,10,381,0,16.32,28.35,0,0,17,2025,1,14,1,3,17.607174
2025-01-15,SKU_46,WH_1,SUP_5,East,533,10,381,0,16.32,28.35,0,0,17,2025,1,15,2,3,17.6155
2025-01-16,SKU_46,WH_1,SUP_5,East,533,10,381,0,16.32,28.35,0,0,17,2025,1,16,3,3,17.65136
2025-01-17,SKU_46,WH_1,SUP_5,East,533,10,381,0,16.32,28.35,0,0,17,2025,1,17,4,3,17.596907
2025-01-18,SKU_46,WH_1,SUP_5,East,533,10,381,0,16.32,28.35,0,0,17,2025,1,18,5,3,17.819155
2025-01-19,SKU_46,WH_1,SUP_5,East,533,10,381,0,16.32,28.35,0,0,17,2025,1,19,6,3,17.784172
2025-01-20,SKU_46,WH_1,SUP_5,East,533,10,381,0,16.32,28.35,0,0,17,2025,1,20,0,4,17.246532
2025-01-21,SKU_46,WH_1,SUP_5,East,533,10,381,0,16.32,28.35,0,0,17,2025,1,21,1,4,17.312637
2025-01-22,SKU_46,WH_1,SUP_5,East,533,10,381,0,16.32,28.35,0,0,17,2025,1,22,2,4,17.306686
2025-01-23,SKU_46,WH_1,SUP_5,East,533,10,381,0,16.32,28.35,0,0,17,2025,1,23,3,4,17.344257
2025-01-24,SKU_46,WH_1,SUP_5,East,533,10,381,0,16.32,28.35,0,0,17,2025,1,24,4,4,17.307827
2025-01-25,SKU_46,WH_1,SUP_5,East,533,10,381,0,16.32,28.35,0,0,17,2025,1,25,5,4,17.484934
2025-01-26,SKU_46,WH_1,SUP_5,East,533,10,381,0,16.32,28.35,0,0,17,2025,1,26,6,4,17.45173
2025-01-27,SKU_46,WH_1,SUP_5,East,533,10,381,0,16.32,28.35,0,0,17,2025,1,27,0,5,17.058077
2025-01-28,SKU_46,WH_1,SUP_5,East,533,10,381,0,16.32,28.35,0,0,17,2025,1,28,1,5,17.121103
2025-01-29,SKU_46,WH_1,SUP_5,East,533,10,381,0,16.32,28.35,0,0,17,2025,1,29,2,5,17.154457
2024-12-31,SKU_45,WH_5,SUP_9,North,458,3,220,0,12.85,18.32,0,0,12,2024,12,31,1,1,11.060657
2025-01-01,SKU_45,WH_5,SUP_9,North,458,3,220,0,12.85,18.32,0,0,12,2025,1,1,2,1,11.449086
2025-01-02,SKU_45,WH_5,SUP_9,North,458,3,220,0,12.85,18.32,0,0,12,2025,1,2,3,1,11.448529
2025-01-03,SKU_45,WH_5,SUP_9,North,458,3,220,0,12.85,18.32,0,0,12,2025,1,3,4,1,11.564172
2025-01-04,SKU_45,WH_5,SUP_9,North,458,3,220,0,12.85,18.32,0,0,12,2025,1,4,5,1,11.644012
2025-01-05,SKU_45,WH_5,SUP_9,North,458,3,220,0,12.85,18.32,0,0,12,2025,1,5,6,1,11.516596
2025-01-06,SKU_45,WH_5,SUP_9,North,458,3,220,0,12.85,18.32,0,0,12,2025,1,6,0,2,11.817426
2025-01-07,SKU_45,WH_5,SUP_9,North,458,3,220,0,12.85,18.32,0,0,12,2025,1,7,1,2,11.784216
2025-01-08,SKU_45,WH_5,SUP_9,North,458,3,220,0,12.85,18.32,0,0,12,2025,1,8,2,2,11.829793
2025-01-09,SKU_45,WH_5,SUP_9,North,458,3,220,0,12.85,18.32,0,0,12,2025,1,9,3,2,11.847291
2025-01-10,SKU_45,WH_5,SUP_9,North,458,3,220,0,12.85,18.32,0,0,12,2025,1,10,4,2,11.837573
2025-01-11,SKU_45,WH_5,SUP_9,North,458,3,220,0,12.85,18.32,0,0,12,2025,1,11,5,2,11.838996
2025-01-12,SKU_45,WH_5,SUP_9,North,458,3,220,0,12.85,18.32,0,0,12,2025,1,12,6,2,11.690843
2025-01-13,SKU_45,WH_5,SUP_9,North,458,3,220,0,12.85,18.32,0,0,12,2025,1,13,0,3,11.847494
2025-01-14,SKU_45,WH_5,SUP_9,North,458,3,220,0,12.85,18.32,0,0,12,2025,1,14,1,3,11.894418
2025-01-15,SKU_45,WH_5,SUP_9,North,458,3,220,0,12.85,18.32,0,0,12,2025,1,15,2,3,11.8502
2025-01-16,SKU_45,WH_5,SUP_9,North,458,3,220,0,12.85,18.32,0,0,12,2025,1,16,3,3,11.865987
2025-01-17,SKU_45,WH_5,SUP_9,North,458,3,220,0,12.85,18.32,0,0,12,2025,1,17,4,3,11.822625
2025-01-18,SKU_45,WH_5,SUP_9,North,458,3,220,0,12.85,18.32,0,0,12,2025,1,18,5,3,11.912789
2025-01-19,SKU_45,WH_5,SUP_9,North,458,3,220,0,12.85,18.32,0,0,12,2025,1,19,6,3,11.867127
2025-01-20,SKU_45,WH_5,SUP_9,North,458,3,220,0,12.85,18.32,0,0,12,2025,1,20,0,4,12.030234
2025-01-21,SKU_45,WH_5,SUP_9,North,458,3,220,0,12.85,18.32,0,0,12,2025,1,21,1,4,12.000017
2025-01-22,SKU_45,WH_5,SUP_9,North,458,3,220,0,12.85,18.32,0,0,12,2025,1,22,2,4,11.959205
2025-01-23,SKU_45,WH_5,SUP_9,North,458,3,220,0,12.85,18.32,0,0,12,2025,1,23,3,4,11.999055
2025-01-24,SKU_45,WH_5,SUP_9,North,458,3,220,0,12.85,18.32,0,0,12,2025,1,24,4,4,11.969503
2025-01-25,SKU_45,WH_5,SUP_9,North,458,3,220,0,12.85,18.32,0,0,12,2025,1,25,5,4,12.006175
2025-01-26,SKU_45,WH_5,SUP_9,North,458,3,220,0,12.85,18.32,0,0,12,2025,1,26,6,4,11.852279
2025-01-27,SKU_45,WH_5,SUP_9,North,458,3,220,0,12.85,18.32,0,0,12,2025,1,27,0,5,12.025746
2025-01-28,SKU_45,WH_5,SUP_9,North,458,3,220,0,12.85,18.32,0,0,12,2025,1,28,1,5,12.038796
2025-01-29,SKU_45,WH_5,SUP_9,North,458,3,220,0,12.85,18.32,0,0,12,2025,1,29,2,5,11.887537
2024-12-31,SKU_45,WH_4,SUP_1,South,583,3,244,0,14.18,17.56,0,0,23,2024,12,31,1,1,22.509892
2025-01-01,SKU_45,WH_4,SUP_1,South,583,3,244,0,14.18,17.56,0,0,23,2025,1,1,2,1,22.724102
2025-01-02,SKU_45,WH_4,SUP_1,South,583,3,244,0,14.18,17.56,0,0,23,2025,1,2,3,1,22.70748
2025-01-03,SKU_45,WH_4,SUP_1,South,583,3,244,0,14.18,17.56,0,0,23,2025,1,3,4,1,22.753878
2025-01-04,SKU_45,WH_4,SUP_1,South,583,3,244,0,14.18,17.56,0,0,23,2025,1,4,5,1,22.806032
2025-01-05,SKU_45,WH_4,SUP_1,South,583,3,244,0,14.18,17.56,0,0,23,2025,1,5,6,1,22.819666
2025-01-06,SKU_45,WH_4,SUP_1,South,583,3,244,0,14.18,17.56,0,0,23,2025,1,6,0,2,22.627407
2025-01-07,SKU_45,WH_4,SUP_1,South,583,3,244,0,14.18,17.56,0,0,23,2025,1,7,1,2,22.79871
2025-01-08,SKU_45,WH_4,SUP_1,South,583,3,244,0,14.18,17.56,0,0,23,2025,1,8,2,2,22.91088
2025-01-09,SKU_45,WH_4,SUP_1,South,583,3,244,0,14.18,17.56,0,0,23,2025,1,9,3,2,22.9105
2025-01-10,SKU_45,WH_4,SUP_1,South,583,3,244,0,14.18,17.56,0,0,23,2025,1,10,4,2,22.971725
2025-01-11,SKU_45,WH_4,SUP_1,South,583,3,244,0,14.18,17.56,0,0,23,2025,1,11,5,2,22.984217
2025-01-12,SKU_45,WH_4,SUP_1,South,583,3,244,0,14.18,17.56,0,0,23,2025,1,12,6,2,22.989897
2025-01-13,SKU_45,WH_4,SUP_1,South,583,3,244,0,14.18,17.56,0,0,23,2025,1,13,0,3,22.799442
2025-01-14,SKU_45,WH_4,SUP_1,South,583,3,244,0,14.18,17.56,0,0,23,2025,1,14,1,3,22.98721
2025-01-15,SKU_45,WH_4,SUP_1,South,583,3,244,0,14.18,17.56,0,0,23,2025,1,15,2,3,22.982117
2025-01-16,SKU_45,WH_4,SUP_1,South,583,3,244,0,14.18,17.56,0,0,23,2025,1,16,3,3,22.980026
2025-01-17,SKU_45,WH_4,SUP_1,South,583,3,244,0,14.18,17.56,0,0,23,2025,1,17,4,3,23.0133
2025-01-18,SKU_45,WH_4,SUP_1,South,583,3,244,0,14.18,17.56,0,0,23,2025,1,18,5,3,23.130825
2025-01-19,SKU_45,WH_4,SUP_1,South,583,3,244,0,14.18,17.56,0,0,23,2025,1,19,6,3,23.144459
2025-01-20,SKU_45,WH_4,SUP_1,South,583,3,244,0,14.18,17.56,0,0,23,2025,1,20,0,4,22.766392
2025-01-21,SKU_45,WH_4,SUP_1,South,583,3,244,0,14.18,17.56,0,0,23,2025,1,21,1,4,22.87255
2025-01-22,SKU_45,WH_4,SUP_1,South,583,3,244,0,14.18,17.56,0,0,23,2025,1,22,2,4,22.854195
2025-01-23,SKU_45,WH_4,SUP_1,South,583,3,244,0,14.18,17.56,0,0,23,2025,1,23,3,4,22.853815
2025-01-24,SKU_45,WH_4,SUP_1,South,583,3,244,0,14.18,17.56,0,0,23,2025,1,24,4,4,22.862398
2025-01-25,SKU_45,WH_4,SUP_1,South,583,3,244,0,14.18,17.56,0,0,23,2025,1,25,5,4,22.91014
2025-01-26,SKU_45,WH_4,SUP_1,South,583,3,244,0,14.18,17.56,0,0,23,2025,1,26,6,4,22.929007
2025-01-27,SKU_45,WH_4,SUP_1,South,583,3,244,0,14.18,17.56,0,0,23,2025,1,27,0,5,22.566978
2025-01-28,SKU_45,WH_4,SUP_1,South,583,3,244,0,14.18,17.56,0,0,23,2025,1,28,1,5,22.72227
2025-01-29,SKU_45,WH_4,SUP_1,South,583,3,244,0,14.18,17.56,0,0,23,2025,1,29,2,5,22.700449
2024-12-31,SKU_45,WH_3,SUP_5,West,578,9,393,0,6.0,9.71,0,0,17,2024,12,31,1,1,16.447203
2025-01-01,SKU_45,WH_3,SUP_5,West,578,9,393,0,6.0,9.71,0,0,17,2025,1,1,2,1,17.111427
2025-01-02,SKU_45,WH_3,SUP_5,West,578,9,393,0,6.0,9.71,0,0,17,2025,1,2,3,1,16.800583
2025-01-03,SKU_45,WH_3,SUP_5,West,578,9,393,0,6.0,9.71,0,0,17,2025,1,3,4,1,16.618011
2025-01-04,SKU_45,WH_3,SUP_5,West,578,9,393,0,6.0,9.71,0,0,17,2025,1,4,5,1,16.809729
2025-01-05,SKU_45,WH_3,SUP_5,West,578,9,393,0,6.0,9.71,0,0,17,2025,1,5,6,1,16.736868
2025-01-06,SKU_45,WH_3,SUP_5,West,578,9,393,0,6.0,9.71,0,0,17,2025,1,6,0,2,16.968765
2025-01-07,SKU_45,WH_3,SUP_5,West,578,9,393,0,6.0,9.71,0,0,17,2025,1,7,1,2,16.998016
2025-01-08,SKU_45,WH_3,SUP_5,West,578,9,393,0,6.0,9.71,0,0,17,2025,1,8,2,2,17.107399
2025-01-09,SKU_45,WH_3,SUP_5,West,578,9,393,0,6.0,9.71,0,0,17,2025,1,9,3,2,17.138208
2025-01-10,SKU_45,WH_3,SUP_5,West,578,9,393,0,6.0,9.71,0,0,17,2025,1,10,4,2,17.14611
2025-01-11,SKU_45,WH_3,SUP_5,West,578,9,393,0,6.0,9.71,0,0,17,2025,1,11,5,2,17.092789
2025-01-12,SKU_45,WH_3,SUP_5,West,578,9,393,0,6.0,9.71,0,0,17,2025,1,12,6,2,17.024609
2025-01-13,SKU_45,WH_3,SUP_5,West,578,9,393,0,6.0,9.71,0,0,17,2025,1,13,0,3,17.034048
2025-01-14,SKU_45,WH_3,SUP_5,West,578,9,393,0,6.0,9.71,0,0,17,2025,1,14,1,3,17.109783
2025-01-15,SKU_45,WH_3,SUP_5,West,578,9,393,0,6.0,9.71,0,0,17,2025,1,15,2,3,17.120726
2025-01-16,SKU_45,WH_3,SUP_5,West,578,9,393,0,6.0,9.71,0,0,17,2025,1,16,3,3,17.171192
2025-01-17,SKU_45,WH_3,SUP_5,West,578,9,393,0,6.0,9.71,0,0,17,2025,1,17,4,3,17.11991
2025-01-18,SKU_45,WH_3,SUP_5,West,578,9,393,0,6.0,9.71,0,0,17,2025,1,18,5,3,17.151903
2025-01-19,SKU_45,WH_3,SUP_5,West,578,9,393,0,6.0,9.71,0,0,17,2025,1,19,6,3,17.111471
2025-01-20,SKU_45,WH_3,SUP_5,West,578,9,393,0,6.0,9.71,0,0,17,2025,1,20,0,4,16.972853
2025-01-21,SKU_45,WH_3,SUP_5,West,578,9,393,0,6.0,9.71,0,0,17,2025,1,21,1,4,16.949186
2025-01-22,SKU_45,WH_3,SUP_5,West,578,9,393,0,6.0,9.71,0,0,17,2025,1,22,2,4,16.949457
2025-01-23,SKU_45,WH_3,SUP_5,West,578,9,393,0,6.0,9.71,0,0,17,2025,1,23,3,4,16.975185
2025-01-24,SKU_45,WH_3,SUP_5,West,578,9,393,0,6.0,9.71,0,0,17,2025,1,24,4,4,16.950249
2025-01-25,SKU_45,WH_3,SUP_5,West,578,9,393,0,6.0,9.71,0,0,17,2025,1,25,5,4,16.925095
2025-01-26,SKU_45,WH_3,SUP_5,West,578,9,393,0,6.0,9.71,0,0,17,2025,1,26,6,4,16.857203
2025-01-27,SKU_45,WH_3,SUP_5,West,578,9,393,0,6.0,9.71,0,0,17,2025,1,27,0,5,16.819921
2025-01-28,SKU_45,WH_3,SUP_5,West,578,9,393,0,6.0,9.71,0,0,17,2025,1,28,1,5,16.806017
2025-01-29,SKU_45,WH_3,SUP_5,West,578,9,393,0,6.0,9.71,0,0,17,2025,1,29,2,5,16.811941
2024-12-31,SKU_45,WH_2,SUP_4,West,386,7,243,0,16.94,22.85,0,0,29,2024,12,31,1,1,28.925934
2025-01-01,SKU_45,WH_2,SUP_4,West,386,7,243,0,16.94,22.85,0,0,29,2025,1,1,2,1,28.80725
2025-01-02,SKU_45,WH_2,SUP_4,West,386,7,243,0,16.94,22.85,0,0,29,2025,1,2,3,1,28.964903
2025-01-03,SKU_45,WH_2,SUP_4,West,386,7,243,0,16.94,22.85,0,0,29,2025,1,3,4,1,29.157124
2025-01-04,SKU_45,WH_2,SUP_4,West,386,7,243,0,16.94,22.85,0,0,29,2025,1,4,5,1,29.06536
2025-01-05,SKU_45,WH_2,SUP_4,West,386,7,243,0,16.94,22.85,0,0,29,2025,1,5,6,1,29.106068
2025-01-06,SKU_45,WH_2,SUP_4,West,386,7,243,0,16.94,22.85,0,0,29,2025,1,6,0,2,28.882908
2025-01-07,SKU_45,WH_2,SUP_4,West,386,7,243,0,16.94,22.85,0,0,29,2025,1,7,1,2,28.998507
2025-01-08,SKU_45,WH_2,SUP_4,West,386,7,243,0,16.94,22.85,0,0,29,2025,1,8,2,2,29.099329
2025-01-09,SKU_45,WH_2,SUP_4,West,386,7,243,0,16.94,22.85,0,0,29,2025,1,9,3,2,29.267378
2025-01-10,SKU_45,WH_2,SUP_4,West,386,7,243,0,16.94,22.85,0,0,29,2025,1,10,4,2,29.108229
2025-01-11,SKU_45,WH_2,SUP_4,West,386,7,243,0,16.94,22.85,0,0,29,2025,1,11,5,2,29.052065
2025-01-12,SKU_45,WH_2,SUP_4,West,386,7,243,0,16.94,22.85,0,0,29,2025,1,12,6,2,29.072037
2025-01-13,SKU_45,WH_2,SUP_4,West,386,7,243,0,16.94,22.85,0,0,29,2025,1,13,0,3,28.93704
2025-01-14,SKU_45,WH_2,SUP_4,West,386,7,243,0,16.94,22.85,0,0,29,2025,1,14,1,3,29.10642
2025-01-15,SKU_45,WH_2,SUP_4,West,386,7,243,0,16.94,22.85,0,0,29,2025,1,15,2,3,29.121426
2025-01-16,SKU_45,WH_2,SUP_4,West,386,7,243,0,16.94,22.85,0,0,29,2025,1,16,3,3,29.188513
2025-01-17,SKU_45,WH_2,SUP_4,West,386,7,243,0,16.94,22.85,0,0,29,2025,1,17,4,3,29.183718
2025-01-18,SKU_45,WH_2,SUP_4,West,386,7,243,0,16.94,22.85,0,0,29,2025,1,18,5,3,29.261024
2025-01-19,SKU_45,WH_2,SUP_4,West,386,7,243,0,16.94,22.85,0,0,29,2025,1,19,6,3,29.261543
2025-01-20,SKU_45,WH_2,SUP_4,West,386,7,243,0,16.94,22.85,0,0,29,2025,1,20,0,4,28.858084
2025-01-21,SKU_45,WH_2,SUP_4,West,386,7,243,0,16.94,22.85,0,0,29,2025,1,21,1,4,28.911047
2025-01-22,SKU_45,WH_2,SUP_4,West,386,7,243,0,16.94,22.85,0,0,29,2025,1,22,2,4,28.906303
2025-01-23,SKU_45,WH_2,SUP_4,West,386,7,243,0,16.94,22.85,0,0,29,2025,1,23,3,4,28.975101
2025-01-24,SKU_45,WH_2,SUP_4,West,386,7,243,0,16.94,22.85,0,0,29,2025,1,24,4,4,28.91866
2025-01-25,SKU_45,WH_2,SUP_4,West,386,7,243,0,16.94,22.85,0,0,29,2025,1,25,5,4,28.896757
2025-01-26,SKU_45,WH_2,SUP_4,West,386,7,243,0,16.94,22.85,0,0,29,2025,1,26,6,4,28.94113
2025-01-27,SKU_45,WH_2,SUP_4,West,386,7,243,0,16.94,22.85,0,0,29,2025,1,27,0,5,28.886118
2025-01-28,SKU_45,WH_2,SUP_4,West,386,7,243,0,16.94,22.85,0,0,29,2025,1,28,1,5,28.985567
2025-01-29,SKU_45,WH_2,SUP_4,West,386,7,243,0,16.94,22.85,0,0,29,2025,1,29,2,5,28.994085
2024-12-31,SKU_45,WH_1,SUP_7,South,386,8,256,0,7.29,10.79,0,0,13,2024,12,31,1,1,13.005666
2025-01-01,SKU_45,WH_1,SUP_7,South,386,8,256,0,7.29,10.79,0,0,13,2025,1,1,2,1,13.313681
2025-01-02,SKU_45,WH_1,SUP_7,South,386,8,256,0,7.29,10.79,0,0,13,2025,1,2,3,1,13.206072
2025-01-03,SKU_45,WH_1,SUP_7,South,386,8,256,0,7.29,10.79,0,0,13,2025,1,3,4,1,13.31668
2025-01-04,SKU_45,WH_1,SUP_7,South,386,8,256,0,7.29,10.79,0,0,13,2025,1,4,5,1,13.374593
2025-01-05,SKU_45,WH_1,SUP_7,South,386,8,256,0,7.29,10.79,0,0,13,2025,1,5,6,1,13.348167
2025-01-06,SKU_45,WH_1,SUP_7,South,386,8,256,0,7.29,10.79,0,0,13,2025,1,6,0,2,13.371356
2025-01-07,SKU_45,WH_1,SUP_7,South,386,8,256,0,7.29,10.79,0,0,13,2025,1,7,1,2,13.362069
2025-01-08,SKU_45,WH_1,SUP_7,South,386,8,256,0,7.29,10.79,0,0,13,2025,1,8,2,2,13.429311
2025-01-09,SKU_45,WH_1,SUP_7,South,386,8,256,0,7.29,10.79,0,0,13,2025,1,9,3,2,13.540096
2025-01-10,SKU_45,WH_1,SUP_7,South,386,8,256,0,7.29,10.79,0,0,13,2025,1,10,4,2,13.373615
2025-01-11,SKU_45,WH_1,SUP_7,South,386,8,256,0,7.29,10.79,0,0,13,2025,1,11,5,2,13.378247
2025-01-12,SKU_45,WH_1,SUP_7,South,386,8,256,0,7.29,10.79,0,0,13,2025,1,12,6,2,13.331085
2025-01-13,SKU_45,WH_1,SUP_7,South,386,8,256,0,7.29,10.79,0,0,13,2025,1,13,0,3,13.203478
2025-01-14,SKU_45,WH_1,SUP_7,South,386,8,256,0,7.29,10.79,0,0,13,2025,1,14,1,3,13.288503
2025-01-15,SKU_45,WH_1,SUP_7,South,386,8,256,0,7.29,10.79,0,0,13,2025,1,15,2,3,13.256801
2025-01-16,SKU_45,WH_1,SUP_7,South,386,8,256,0,7.29,10.79,0,0,13,2025,1,16,3,3,13.283512
2025-01-17,SKU_45,WH_1,SUP_7,South,386,8,256,0,7.29,10.79,0,0,13,2025,1,17,4,3,13.25218
2025-01-18,SKU_45,WH_1,SUP_7,South,386,8,256,0,7.29,10.79,0,0,13,2025,1,18,5,3,13.432359
2025-01-19,SKU_45,WH_1,SUP_7,South,386,8,256,0,7.29,10.79,0,0,13,2025,1,19,6,3,13.412967
2025-01-20,SKU_45,WH_1,SUP_7,South,386,8,256,0,7.29,10.79,0,0,13,2025,1,20,0,4,13.329781
2025-01-21,SKU_45,WH_1,SUP_7,South,386,8,256,0,7.29,10.79,0,0,13,2025,1,21,1,4,13.303319
2025-01-22,SKU_45,WH_1,SUP_7,South,386,8,256,0,7.29,10.79,0,0,13,2025,1,22,2,4,13.258356
2025-01-23,SKU_45,WH_1,SUP_7,South,386,8,256,0,7.29,10.79,0,0,13,2025,1,23,3,4,13.286778
2025-01-24,SKU_45,WH_1,SUP_7,South,386,8,256,0,7.29,10.79,0,0,13,2025,1,24,4,4,13.266322
2025-01-25,SKU_45,WH_1,SUP_7,South,386,8,256,0,7.29,10.79,0,0,13,2025,1,25,5,4,13.308057
2025-01-26,SKU_45,WH_1,SUP_7,South,386,8,256,0,7.29,10.79,0,0,13,2025,1,26,6,4,13.322759
2025-01-27,SKU_45,WH_1,SUP_7,South,386,8,256,0,7.29,10.79,0,0,13,2025,1,27,0,5,13.298877
2025-01-28,SKU_45,WH_1,SUP_7,South,386,8,256,0,7.29,10.79,0,0,13,2025,1,28,1,5,13.334554
2025-01-29,SKU_45,WH_1,SUP_7,South,386,8,256,0,7.29,10.79,0,0,13,2025,1,29,2,5,13.252138
2024-12-31,SKU_44,WH_4,SUP_9,North,302,12,242,0,5.74,9.52,1,0,18,2024,12,31,1,1,16.646069
2025-01-01,SKU_44,WH_4,SUP_9,North,302,12,242,0,5.74,9.52,1,0,18,2025,1,1,2,1,17.714134
2025-01-02,SKU_44,WH_4,SUP_9,North,302,12,242,0,5.74,9.52,1,0,18,2025,1,2,3,1,17.47066
2025-01-03,SKU_44,WH_4,SUP_9,North,302,12,242,0,5.74,9.52,1,0,18,2025,1,3,4,1,18.033442
2025-01-04,SKU_44,WH_4,SUP_9,North,302,12,242,0,5.74,9.52,1,0,18,2025,1,4,5,1,18.089008
2025-01-05,SKU_44,WH_4,SUP_9,North,302,12,242,0,5.74,9.52,1,0,18,2025,1,5,6,1,18.21034
2025-01-06,SKU_44,WH_4,SUP_9,North,302,12,242,0,5.74,9.52,1,0,18,2025,1,6,0,2,17.820436
2025-01-07,SKU_44,WH_4,SUP_9,North,302,12,242,0,5.74,9.52,1,0,18,2025,1,7,1,2,17.759277
2025-01-08,SKU_44,WH_4,SUP_9,North,302,12,242,0,5.74,9.52,1,0,18,2025,1,8,2,2,17.799252
2025-01-09,SKU_44,WH_4,SUP_9,North,302,12,242,0,5.74,9.52,1,0,18,2025,1,9,3,2,17.88486
2025-01-10,SKU_44,WH_4,SUP_9,North,302,12,242,0,5.74,9.52,1,0,18,2025,1,10,4,2,18.111208
2025-01-11,SKU_44,WH_4,SUP_9,North,302,12,242,0,5.74,9.52,1,0,18,2025,1,11,5,2,17.990545
2025-01-12,SKU_44,WH_4,SUP_9,North,302,12,242,0,5.74,9.52,1,0,18,2025,1,12,6,2,17.979002
2025-01-13,SKU_44,WH_4,SUP_9,North,302,12,242,0,5.74,9.52,1,0,18,2025,1,13,0,3,17.599983
2025-01-14,SKU_44,WH_4,SUP_9,North,302,12,242,0,5.74,9.52,1,0,18,2025,1,14,1,3,17.63916
2025-01-15,SKU_44,WH_4,SUP_9,North,302,12,242,0,5.74,9.52,1,0,18,2025,1,15,2,3,17.936708
2025-01-16,SKU_44,WH_4,SUP_9,North,302,12,242,0,5.74,9.52,1,0,18,2025,1,16,3,3,18.047054
2025-01-17,SKU_44,WH_4,SUP_9,North,302,12,242,0,5.74,9.52,1,0,18,2025,1,17,4,3,18.448149
2025-01-18,SKU_44,WH_4,SUP_9,North,302,12,242,0,5.74,9.52,1,0,18,2025,1,18,5,3,18.272854
2025-01-19,SKU_44,WH_4,SUP_9,North,302,12,242,0,5.74,9.52,1,0,18,2025,1,19,6,3,18.434687
2025-01-20,SKU_44,WH_4,SUP_9,North,302,12,242,0,5.74,9.52,1,0,18,2025,1,20,0,4,18.135075
2025-01-21,SKU_44,WH_4,SUP_9,North,302,12,242,0,5.74,9.52,1,0,18,2025,1,21,1,4,18.122774
2025-01-22,SKU_44,WH_4,SUP_9,North,302,12,242,0,5.74,9.52,1,0,18,2025,1,22,2,4,18.228163
2025-01-23,SKU_44,WH_4,SUP_9,North,302,12,242,0,5.74,9.52,1,0,18,2025,1,23,3,4,18.336123
2025-01-24,SKU_44,WH_4,SUP_9,North,302,12,242,0,5.74,9.52,1,0,18,2025,1,24,4,4,18.601196
2025-01-25,SKU_44,WH_4,SUP_9,North,302,12,242,0,5.74,9.52,1,0,18,2025,1,25,5,4,18.514088
2025-01-26,SKU_44,WH_4,SUP_9,North,302,12,242,0,5.74,9.52,1,0,18,2025,1,26,6,4,18.57513
2025-01-27,SKU_44,WH_4,SUP_9,North,302,12,242,0,5.74,9.52,1,0,18,2025,1,27,0,5,17.846241
2025-01-28,SKU_44,WH_4,SUP_9,North,302,12,242,0,5.74,9.52,1,0,18,2025,1,28,1,5,17.880919
2025-01-29,SKU_44,WH_4,SUP_9,North,302,12,242,0,5.74,9.52,1,0,18,2025,1,29,2,5,17.737408
2024-12-31,SKU_38,WH_3,SUP_4,East,469,8,344,0,19.61,30.89,0,0,19,2024,12,31,1,1,18.924616
2025-01-01,SKU_38,WH_3,SUP_4,East,469,8,344,0,19.61,30.89,0,0,19,2025,1,1,2,1,18.911417
2025-01-02,SKU_38,WH_3,SUP_4,East,469,8,344,0,19.61,30.89,0,0,19,2025,1,2,3,1,19.096004
2025-01-03,SKU_38,WH_3,SUP_4,East,469,8,344,0,19.61,30.89,0,0,19,2025,1,3,4,1,19.257288
2025-01-04,SKU_38,WH_3,SUP_4,East,469,8,344,0,19.61,30.89,0,0,19,2025,1,4,5,1,19.3813
2025-01-05,SKU_38,WH_3,SUP_4,East,469,8,344,0,19.61,30.89,0,0,19,2025,1,5,6,1,19.353258
2025-01-06,SKU_38,WH_3,SUP_4,East,469,8,344,0,19.61,30.89,0,0,19,2025,1,6,0,2,19.144653
2025-01-07,SKU_38,WH_3,SUP_4,East,469,8,344,0,19.61,30.89,0,0,19,2025,1,7,1,2,19.174711
2025-01-08,SKU_38,WH_3,SUP_4,East,469,8,344,0,19.61,30.89,0,0,19,2025,1,8,2,2,19.27184
2025-01-09,SKU_38,WH_3,SUP_4,East,469,8,344,0,19.61,30.89,0,0,19,2025,1,9,3,2,19.412931
2025-01-10,SKU_38,WH_3,SUP_4,East,469,8,344,0,19.61,30.89,0,0,19,2025,1,10,4,2,19.464092
2025-01-11,SKU_38,WH_3,SUP_4,East,469,8,344,0,19.61,30.89,0,0,19,2025,1,11,5,2,19.479132
2025-01-12,SKU_38,WH_3,SUP_4,East,469,8,344,0,19.61,30.89,0,0,19,2025,1,12,6,2,19.443136
2025-01-13,SKU_38,WH_3,SUP_4,East,469,8,344,0,19.61,30.89,0,0,19,2025,1,13,0,3,19.240898
2025-01-14,SKU_38,WH_3,SUP_4,East,469,8,344,0,19.61,30.89,0,0,19,2025,1,14,1,3,19.073904
2025-01-15,SKU_38,WH_3,SUP_4,East,469,8,344,0,19.61,30.89,0,0,19,2025,1,15,2,3,19.453972
2025-01-16,SKU_38,WH_3,SUP_4,East,469,8,344,0,19.61,30.89,0,0,19,2025,1,16,3,3,19.469759
2025-01-17,SKU_38,WH_3,SUP_4,East,469,8,344,0,19.61,30.89,0,0,19,2025,1,17,4,3,19.481983
2025-01-18,SKU_38,WH_3,SUP_4,East,469,8,344,0,19.61,30.89,0,0,19,2025,1,18,5,3,19.60375
2025-01-19,SKU_38,WH_3,SUP_4,East,469,8,344,0,19.61,30.89,0,0,19,2025,1,19,6,3,19.606752
2025-01-20,SKU_38,WH_3,SUP_4,East,469,8,344,0,19.61,30.89,0,0,19,2025,1,20,0,4,19.291094
2025-01-21,SKU_38,WH_3,SUP_4,East,469,8,344,0,19.61,30.89,0,0,19,2025,1,21,1,4,19.353271
2025-01-22,SKU_38,WH_3,SUP_4,East,469,8,344,0,19.61,30.89,0,0,19,2025,1,22,2,4,19.274546
2025-01-23,SKU_38,WH_3,SUP_4,East,469,8,344,0,19.61,30.89,0,0,19,2025,1,23,3,4,19.309065
2025-01-24,SKU_38,WH_3,SUP_4,East,469,8,344,0,19.61,30.89,0,0,19,2025,1,24,4,4,19.225561
2025-01-25,SKU_38,WH_3,SUP_4,East,469,8,344,0,19.61,30.89,0,0,19,2025,1,25,5,4,19.28093
2025-01-26,SKU_38,WH_3,SUP_4,East,469,8,344,0,19.61,30.89,0,0,19,2025,1,26,6,4,19.330086
2025-01-27,SKU_38,WH_3,SUP_4,East,469,8,344,0,19.61,30.89,0,0,19,2025,1,27,0,5,18.741844
2025-01-28,SKU_38,WH_3,SUP_4,East,469,8,344,0,19.61,30.89,0,0,19,2025,1,28,1,5,18.802498
2025-01-29,SKU_38,WH_3,SUP_4,East,469,8,344,0,19.61,30.89,0,0,19,2025,1,29,2,5,18.871769
2024-12-31,SKU_38,WH_2,SUP_1,South,510,14,340,0,19.19,26.27,0,0,16,2024,12,31,1,1,15.780583
2025-01-01,SKU_38,WH_2,SUP_1,South,510,14,340,0,19.19,26.27,0,0,16,2025,1,1,2,1,15.871158
2025-01-02,SKU_38,WH_2,SUP_1,South,510,14,340,0,19.19,26.27,0,0,16,2025,1,2,3,1,15.969404
2025-01-03,SKU_38,WH_2,SUP_1,South,510,14,340,0,19.19,26.27,0,0,16,2025,1,3,4,1,15.964555
2025-01-04,SKU_38,WH_2,SUP_1,South,510,14,340,0,19.19,26.27,0,0,16,2025,1,4,5,1,16.006863
2025-01-05,SKU_38,WH_2,SUP_1,South,510,14,340,0,19.19,26.27,0,0,16,2025,1,5,6,1,15.840459
2025-01-06,SKU_38,WH_2,SUP_1,South,510,14,340,0,19.19,26.27,0,0,16,2025,1,6,0,2,15.630815
2025-01-07,SKU_38,WH_2,SUP_1,South,510,14,340,0,19.19,26.27,0,0,16,2025,1,7,1,2,15.797625
2025-01-08,SKU_38,WH_2,SUP_1,South,510,14,340,0,19.19,26.27,0,0,16,2025,1,8,2,2,15.858914
2025-01-09,SKU_38,WH_2,SUP_1,South,510,14,340,0,19.19,26.27,0,0,16,2025,1,9,3,2,15.943446
2025-01-10,SKU_38,WH_2,SUP_1,South,510,14,340,0,19.19,26.27,0,0,16,2025,1,10,4,2,16.003792
2025-01-11,SKU_38,WH_2,SUP_1,South,510,14,340,0,19.19,26.27,0,0,16,2025,1,11,5,2,15.995939
2025-01-12,SKU_38,WH_2,SUP_1,South,510,14,340,0,19.19,26.27,0,0,16,2025,1,12,6,2,15.834136
2025-01-13,SKU_38,WH_2,SUP_1,South,510,14,340,0,19.19,26.27,0,0,16,2025,1,13,0,3,15.5685215
2025-01-14,SKU_38,WH_2,SUP_1,South,510,14,340,0,19.19,26.27,0,0,16,2025,1,14,1,3,15.83761
2025-01-15,SKU_38,WH_2,SUP_1,South,510,14,340,0,19.19,26.27,0,0,16,2025,1,15,2,3,15.792917
2025-01-16,SKU_38,WH_2,SUP_1,South,510,14,340,0,19.19,26.27,0,0,16,2025,1,16,3,3,15.857929
2025-01-17,SKU_38,WH_2,SUP_1,South,510,14,340,0,19.19,26.27,0,0,16,2025,1,17,4,3,15.847542
2025-01-18,SKU_38,WH_2,SUP_1,South,510,14,340,0,19.19,26.27,0,0,16,2025,1,18,5,3,16.003548
2025-01-19,SKU_38,WH_2,SUP_1,South,510,14,340,0,19.19,26.27,0,0,16,2025,1,19,6,3,15.949517
2025-01-20,SKU_38,WH_2,SUP_1,South,510,14,340,0,19.19,26.27,0,0,16,2025,1,20,0,4,15.489274
2025-01-21,SKU_38,WH_2,SUP_1,South,510,14,340,0,19.19,26.27,0,0,16,2025,1,21,1,4,15.722084
2025-01-22,SKU_38,WH_2,SUP_1,South,510,14,340,0,19.19,26.27,0,0,16,2025,1,22,2,4,15.668897
2025-01-23,SKU_38,WH_2,SUP_1,South,510,14,340,0,19.19,26.27,0,0,16,2025,1,23,3,4,15.760112
2025-01-24,SKU_38,WH_2,SUP_1,South,510,14,340,0,19.19,26.27,0,0,16,2025,1,24,4,4,15.7839155
2025-01-25,SKU_38,WH_2,SUP_1,South,510,14,340,0,19.19,26.27,0,0,16,2025,1,25,5,4,15.831707
2025-01-26,SKU_38,WH_2,SUP_1,South,510,14,340,0,19.19,26.27,0,0,16,2025,1,26,6,4,15.820147
2025-01-27,SKU_38,WH_2,SUP_1,South,510,14,340,0,19.19,26.27,0,0,16,2025,1,27,0,5,15.454849
2025-01-28,SKU_38,WH_2,SUP_1,South,510,14,340,0,19.19,26.27,0,0,16,2025,1,28,1,5,15.739495
2025-01-29,SKU_38,WH_2,SUP_1,South,510,14,340,0,19.19,26.27,0,0,16,2025,1,29,2,5,15.665965
2024-12-31,SKU_38,WH_1,SUP_4,East,371,8,208,0,17.86,27.62,0,0,23,2024,12,31,1,1,22.99454
2025-01-01,SKU_38,WH_1,SUP_4,East,371,8,208,0,17.86,27.62,0,0,23,2025,1,1,2,1,22.78909
2025-01-02,SKU_38,WH_1,SUP_4,East,371,8,208,0,17.86,27.62,0,0,23,2025,1,2,3,1,22.863104
2025-01-03,SKU_38,WH_1,SUP_4,East,371,8,208,0,17.86,27.62,0,0,23,2025,1,3,4,1,23.047688
2025-01-04,SKU_38,WH_1,SUP_4,East,371,8,208,0,17.86,27.62,0,0,23,2025,1,4,5,1,23.101507
2025-01-05,SKU_38,WH_1,SUP_4,East,371,8,208,0,17.86,27.62,0,0,23,2025,1,5,6,1,22.973387
2025-01-06,SKU_38,WH_1,SUP_4,East,371,8,208,0,17.86,27.62,0,0,23,2025,1,6,0,2,22.90539
2025-01-07,SKU_38,WH_1,SUP_4,East,371,8,208,0,17.86,27.62,0,0,23,2025,1,7,1,2,22.971016
2025-01-08,SKU_38,WH_1,SUP_4,East,371,8,208,0,17.86,27.62,0,0,23,2025,1,8,2,2,22.98128
2025-01-09,SKU_38,WH_1,SUP_4,East,371,8,208,0,17.86,27.62,0,0,23,2025,1,9,3,2,23.047783
2025-01-10,SKU_38,WH_1,SUP_4,East,371,8,208,0,17.86,27.62,0,0,23,2025,1,10,4,2,23.018381
2025-01-11,SKU_38,WH_1,SUP_4,East,371,8,208,0,17.86,27.62,0,0,23,2025,1,11,5,2,23.030872
2025-01-12,SKU_38,WH_1,SUP_4,East,371,8,208,0,17.86,27.62,0,0,23,2025,1,12,6,2,22.894579
2025-01-13,SKU_38,WH_1,SUP_4,East,371,8,208,0,17.86,27.62,0,0,23,2025,1,13,0,3,22.943201
2025-01-14,SKU_38,WH_1,SUP_4,East,371,8,208,0,17.86,27.62,0,0,23,2025,1,14,1,3,23.096539
2025-01-15,SKU_38,WH_1,SUP_4,East,371,8,208,0,17.86,27.62,0,0,23,2025,1,15,2,3,23.007055
2025-01-16,SKU_38,WH_1,SUP_4,East,371,8,208,0,17.86,27.62,0,0,23,2025,1,16,3,3,23.089447
2025-01-17,SKU_38,WH_1,SUP_4,East,371,8,208,0,17.86,27.62,0,0,23,2025,1,17,4,3,23.077215
2025-01-18,SKU_38,WH_1,SUP_4,East,371,8,208,0,17.86,27.62,0,0,23,2025,1,18,5,3,23.183186
2025-01-19,SKU_38,WH_1,SUP_4,East,371,8,208,0,17.86,27.62,0,0,23,2025,1,19,6,3,23.062098
2025-01-20,SKU_38,WH_1,SUP_4,East,371,8,208,0,17.86,27.62,0,0,23,2025,1,20,0,4,22.820066
2025-01-21,SKU_38,WH_1,SUP_4,East,371,8,208,0,17.86,27.62,0,0,23,2025,1,21,1,4,22.848965
2025-01-22,SKU_38,WH_1,SUP_4,East,371,8,208,0,17.86,27.62,0,0,23,2025,1,22,2,4,22.752878
2025-01-23,SKU_38,WH_1,SUP_4,East,371,8,208,0,17.86,27.62,0,0,23,2025,1,23,3,4,22.796387
2025-01-24,SKU_38,WH_1,SUP_4,East,371,8,208,0,17.86,27.62,0,0,23,2025,1,24,4,4,22.742683
2025-01-25,SKU_38,WH_1,SUP_4,East,371,8,208,0,17.86,27.62,0,0,23,2025,1,25,5,4,22.828402
2025-01-26,SKU_38,WH_1,SUP_4,East,371,8,208,0,17.86,27.62,0,0,23,2025,1,26,6,4,22.807823
2025-01-27,SKU_38,WH_1,SUP_4,East,371,8,208,0,17.86,27.62,0,0,23,2025,1,27,0,5,22.567532
2025-01-28,SKU_38,WH_1,SUP_4,East,371,8,208,0,17.86,27.62,0,0,23,2025,1,28,1,5,22.657434
2025-01-29,SKU_38,WH_1,SUP_4,East,371,8,208,0,17.86,27.62,0,0,23,2025,1,29,2,5,22.526932
2024-12-31,SKU_31,WH_3,SUP_8,West,469,12,374,0,15.12,22.57,0,0,14,2024,12,31,1,1,13.934648
2025-01-01,SKU_31,WH_3,SUP_8,West,469,12,374,0,15.12,22.57,0,0,14,2025,1,1,2,1,14.019066
2025-01-02,SKU_31,WH_3,SUP_8,West,469,12,374,0,15.12,22.57,0,0,14,2025,1,2,3,1,13.905825
2025-01-03,SKU_31,WH_3,SUP_8,West,469,12,374,0,15.12,22.57,0,0,14,2025,1,3,4,1,14.001237
2025-01-04,SKU_31,WH_3,SUP_8,West,469,12,374,0,15.12,22.57,0,0,14,2025,1,4,5,1,14.2214
2025-01-05,SKU_31,WH_3,SUP_8,West,469,12,374,0,15.12,22.57,0,0,14,2025,1,5,6,1,14.186878
2025-01-06,SKU_31,WH_3,SUP_8,West,469,12,374,0,15.12,22.57,0,0,14,2025,1,6,0,2,14.007047
2025-01-07,SKU_31,WH_3,SUP_8,West,469,12,374,0,15.12,22.57,0,0,14,2025,1,7,1,2,14.112309
2025-01-08,SKU_31,WH_3,SUP_8,West,469,12,374,0,15.12,22.57,0,0,14,2025,1,8,2,2,14.249811
2025-01-09,SKU_31,WH_3,SUP_8,West,469,12,374,0,15.12,22.57,0,0,14,2025,1,9,3,2,14.253759
2025-01-10,SKU_31,WH_3,SUP_8,West,469,12,374,0,15.12,22.57,0,0,14,2025,1,10,4,2,14.297288
2025-01-11,SKU_31,WH_3,SUP_8,West,469,12,374,0,15.12,22.57,0,0,14,2025,1,11,5,2,14.301769
2025-01-12,SKU_31,WH_3,SUP_8,West,469,12,374,0,15.12,22.57,0,0,14,2025,1,12,6,2,14.259294
2025-01-13,SKU_31,WH_3,SUP_8,West,469,12,374,0,15.12,22.57,0,0,14,2025,1,13,0,3,13.966972
2025-01-14,SKU_31,WH_3,SUP_8,West,469,12,374,0,15.12,22.57,0,0,14,2025,1,14,1,3,14.137197
2025-01-15,SKU_31,WH_3,SUP_8,West,469,12,374,0,15.12,22.57,0,0,14,2025,1,15,2,3,14.164655
2025-01-16,SKU_31,WH_3,SUP_8,West,469,12,374,0,15.12,22.57,0,0,14,2025,1,16,3,3,14.404232
2025-01-17,SKU_31,WH_3,SUP_8,West,469,12,374,0,15.12,22.57,0,0,14,2025,1,17,4,3,14.408563
2025-01-18,SKU_31,WH_3,SUP_8,West,469,12,374,0,15.12,22.57,0,0,14,2025,1,18,5,3,14.524703
2025-01-19,SKU_31,WH_3,SUP_8,West,469,12,374,0,15.12,22.57,0,0,14,2025,1,19,6,3,14.488283
2025-01-20,SKU_31,WH_3,SUP_8,West,469,12,374,0,15.12,22.57,0,0,14,2025,1,20,0,4,13.76915
2025-01-21,SKU_31,WH_3,SUP_8,West,469,12,374,0,15.12,22.57,0,0,14,2025,1,21,1,4,13.809065
2025-01-22,SKU_31,WH_3,SUP_8,West,469,12,374,0,15.12,22.57,0,0,14,2025,1,22,2,4,13.777698
2025-01-23,SKU_31,WH_3,SUP_8,West,469,12,374,0,15.12,22.57,0,0,14,2025,1,23,3,4,13.791714
2025-01-24,SKU_31,WH_3,SUP_8,West,469,12,374,0,15.12,22.57,0,0,14,2025,1,24,4,4,13.777819
2025-01-25,SKU_31,WH_3,SUP_8,West,469,12,374,0,15.12,22.57,0,0,14,2025,1,25,5,4,13.797313
2025-01-26,SKU_31,WH_3,SUP_8,West,469,12,374,0,15.12,22.57,0,0,14,2025,1,26,6,4,13.81327
2025-01-27,SKU_31,WH_3,SUP_8,West,469,12,374,0,15.12,22.57,0,0,14,2025,1,27,0,5,13.950202
2025-01-28,SKU_31,WH_3,SUP_8,West,469,12,374,0,15.12,22.57,0,0,14,2025,1,28,1,5,14.033599
2025-01-29,SKU_31,WH_3,SUP_8,West,469,12,374,0,15.12,22.57,0,0,14,2025,1,29,2,5,14.029399
2024-12-31,SKU_31,WH_2,SUP_10,South,693,2,305,0,19.03,31.33,1,0,28,2024,12,31,1,1,25.896027
2025-01-01,SKU_31,WH_2,SUP_10,South,693,2,305,0,19.03,31.33,1,0,28,2025,1,1,2,1,28.046099
2025-01-02,SKU_31,WH_2,SUP_10,South,693,2,305,0,19.03,31.33,1,0,28,2025,1,2,3,1,27.77644
2025-01-03,SKU_31,WH_2,SUP_10,South,693,2,305,0,19.03,31.33,1,0,28,2025,1,3,4,1,27.70824
2025-01-04,SKU_31,WH_2,SUP_10,South,693,2,305,0,19.03,31.33,1,0,28,2025,1,4,5,1,27.581131
2025-01-05,SKU_31,WH_2,SUP_10,South,693,2,305,0,19.03,31.33,1,0,28,2025,1,5,6,1,27.801844
2025-01-06,SKU_31,WH_2,SUP_10,South,693,2,305,0,19.03,31.33,1,0,28,2025,1,6,0,2,28.23254
2025-01-07,SKU_31,WH_2,SUP_10,South,693,2,305,0,19.03,31.33,1,0,28,2025,1,7,1,2,28.450367
2025-01-08,SKU_31,WH_2,SUP_10,South,693,2,305,0,19.03,31.33,1,0,28,2025,1,8,2,2,28.512503
2025-01-09,SKU_31,WH_2,SUP_10,South,693,2,305,0,19.03,31.33,1,0,28,2025,1,9,3,2,28.473053
2025-01-10,SKU_31,WH_2,SUP_10,South,693,2,305,0,19.03,31.33,1,0,28,2025,1,10,4,2,28.405106
2025-01-11,SKU_31,WH_2,SUP_10,South,693,2,305,0,19.03,31.33,1,0,28,2025,1,11,5,2,28.40039
2025-01-12,SKU_31,WH_2,SUP_10,South,693,2,305,0,19.03,31.33,1,0,28,2025,1,12,6,2,28.391087
2025-01-13,SKU_31,WH_2,SUP_10,South,693,2,305,0,19.03,31.33,1,0,28,2025,1,13,0,3,27.794226
2025-01-14,SKU_31,WH_2,SUP_10,South,693,2,305,0,19.03,31.33,1,0,28,2025,1,14,1,3,27.894081
2025-01-15,SKU_31,WH_2,SUP_10,South,693,2,305,0,19.03,31.33,1,0,28,2025,1,15,2,3,28.267397
2025-01-16,SKU_31,WH_2,SUP_10,South,693,2,305,0,19.03,31.33,1,0,28,2025,1,16,3,3,28.330269
2025-01-17,SKU_31,WH_2,SUP_10,South,693,2,305,0,19.03,31.33,1,0,28,2025,1,17,4,3,28.509897
2025-01-18,SKU_31,WH_2,SUP_10,South,693,2,305,0,19.03,31.33,1,0,28,2025,1,18,5,3,28.507158
2025-01-19,SKU_31,WH_2,SUP_10,South,693,2,305,0,19.03,31.33,1,0,28,2025,1,19,6,3,28.461775
2025-01-20,SKU_31,WH_2,SUP_10,South,693,2,305,0,19.03,31.33,1,0,28,2025,1,20,0,4,28.041368
2025-01-21,SKU_31,WH_2,SUP_10,South,693,2,305,0,19.03,31.33,1,0,28,2025,1,21,1,4,28.068232
2025-01-22,SKU_31,WH_2,SUP_10,South,693,2,305,0,19.03,31.33,1,0,28,2025,1,22,2,4,28.090923
2025-01-23,SKU_31,WH_2,SUP_10,South,693,2,305,0,19.03,31.33,1,0,28,2025,1,23,3,4,28.171589
2025-01-24,SKU_31,WH_2,SUP_10,South,693,2,305,0,19.03,31.33,1,0,28,2025,1,24,4,4,27.770271
2025-01-25,SKU_31,WH_2,SUP_10,South,693,2,305,0,19.03,31.33,1,0,28,2025,1,25,5,4,27.77295
2025-01-26,SKU_31,WH_2,SUP_10,South,693,2,305,0,19.03,31.33,1,0,28,2025,1,26,6,4,27.803484
2025-01-27,SKU_31,WH_2,SUP_10,South,693,2,305,0,19.03,31.33,1,0,28,2025,1,27,0,5,27.704424
2025-01-28,SKU_31,WH_2,SUP_10,South,693,2,305,0,19.03,31.33,1,0,28,2025,1,28,1,5,27.748833
2025-01-29,SKU_31,WH_2,SUP_10,South,693,2,305,0,19.03,31.33,1,0,28,2025,1,29,2,5,27.794483
2024-12-31,SKU_31,WH_1,SUP_4,South,299,8,259,0,12.2,17.28,0,0,20,2024,12,31,1,1,19.78325
2025-01-01,SKU_31,WH_1,SUP_4,South,299,8,259,0,12.2,17.28,0,0,20,2025,1,1,2,1,19.907516
2025-01-02,SKU_31,WH_1,SUP_4,South,299,8,259,0,12.2,17.28,0,0,20,2025,1,2,3,1,20.003065
2025-01-03,SKU_31,WH_1,SUP_4,South,299,8,259,0,12.2,17.28,0,0,20,2025,1,3,4,1,20.180416
2025-01-04,SKU_31,WH_1,SUP_4,South,299,8,259,0,12.2,17.28,0,0,20,2025,1,4,5,1,20.359236
2025-01-05,SKU_31,WH_1,SUP_4,South,299,8,259,0,12.2,17.28,0,0,20,2025,1,5,6,1,20.506226
2025-01-06,SKU_31,WH_1,SUP_4,South,299,8,259,0,12.2,17.28,0,0,20,2025,1,6,0,2,20.473045
2025-01-07,SKU_31,WH_1,SUP_4,South,299,8,259,0,12.2,17.28,0,0,20,2025,1,7,1,2,20.460506
2025-01-08,SKU_31,WH_1,SUP_4,South,299,8,259,0,12.2,17.28,0,0,20,2025,1,8,2,2,20.536877
2025-01-09,SKU_31,WH_1,SUP_4,South,299,8,259,0,12.2,17.28,0,0,20,2025,1,9,3,2,20.517813
2025-01-10,SKU_31,WH_1,SUP_4,South,299,8,259,0,12.2,17.28,0,0,20,2025,1,10,4,2,20.480354
2025-01-11,SKU_31,WH_1,SUP_4,South,299,8,259,0,12.2,17.28,0,0,20,2025,1,11,5,2,20.492846
2025-01-12,SKU_31,WH_1,SUP_4,South,299,8,259,0,12.2,17.28,0,0,20,2025,1,12,6,2,20.579947
2025-01-13,SKU_31,WH_1,SUP_4,South,299,8,259,0,12.2,17.28,0,0,20,2025,1,13,0,3,20.393414
2025-01-14,SKU_31,WH_1,SUP_4,South,299,8,259,0,12.2,17.28,0,0,20,2025,1,14,1,3,20.464216
2025-01-15,SKU_31,WH_1,SUP_4,South,299,8,259,0,12.2,17.28,0,0,20,2025,1,15,2,3,20.424204
2025-01-16,SKU_31,WH_1,SUP_4,South,299,8,259,0,12.2,17.28,0,0,20,2025,1,16,3,3,20.401276
2025-01-17,SKU_31,WH_1,SUP_4,South,299,8,259,0,12.2,17.28,0,0,20,2025,1,17,4,3,20.379694
2025-01-18,SKU_31,WH_1,SUP_4,South,299,8,259,0,12.2,17.28,0,0,20,2025,1,18,5,3,20.527632
2025-01-19,SKU_31,WH_1,SUP_4,South,299,8,259,0,12.2,17.28,0,0,20,2025,1,19,6,3,20.634012
2025-01-20,SKU_31,WH_1,SUP_4,South,299,8,259,0,12.2,17.28,0,0,20,2025,1,20,0,4,20.384134
2025-01-21,SKU_31,WH_1,SUP_4,South,299,8,259,0,12.2,17.28,0,0,20,2025,1,21,1,4,20.39642
2025-01-22,SKU_31,WH_1,SUP_4,South,299,8,259,0,12.2,17.28,0,0,20,2025,1,22,2,4,20.273474
2025-01-23,SKU_31,WH_1,SUP_4,South,299,8,259,0,12.2,17.28,0,0,20,2025,1,23,3,4,20.261383
2025-01-24,SKU_31,WH_1,SUP_4,South,299,8,259,0,12.2,17.28,0,0,20,2025,1,24,4,4,20.237118
2025-01-25,SKU_31,WH_1,SUP_4,South,299,8,259,0,12.2,17.28,0,0,20,2025,1,25,5,4,20.325628
2025-01-26,SKU_31,WH_1,SUP_4,South,299,8,259,0,12.2,17.28,0,0,20,2025,1,26,6,4,20.460896
2025-01-27,SKU_31,WH_1,SUP_4,South,299,8,259,0,12.2,17.28,0,0,20,2025,1,27,0,5,19.811066
2025-01-28,SKU_31,WH_1,SUP_4,South,299,8,259,0,12.2,17.28,0,0,20,2025,1,28,1,5,19.869534
2025-01-29,SKU_31,WH_1,SUP_4,South,299,8,259,0,12.2,17.28,0,0,20,2025,1,29,2,5,19.811733
2024-12-31,SKU_30,WH_5,SUP_10,North,394,2,224,0,10.83,15.81,0,0,22,2024,12,31,1,1,21.909227
2025-01-01,SKU_30,WH_5,SUP_10,North,394,2,224,0,10.83,15.81,0,0,22,2025,1,1,2,1,21.738798
2025-01-02,SKU_30,WH_5,SUP_10,North,394,2,224,0,10.83,15.81,0,0,22,2025,1,2,3,1,21.728828
2025-01-03,SKU_30,WH_5,SUP_10,North,394,2,224,0,10.83,15.81,0,0,22,2025,1,3,4,1,21.897776
2025-01-04,SKU_30,WH_5,SUP_10,North,394,2,224,0,10.83,15.81,0,0,22,2025,1,4,5,1,22.073185
2025-01-05,SKU_30,WH_5,SUP_10,North,394,2,224,0,10.83,15.81,0,0,22,2025,1,5,6,1,22.075588
2025-01-06,SKU_30,WH_5,SUP_10,North,394,2,224,0,10.83,15.81,0,0,22,2025,1,6,0,2,22.03521
2025-01-07,SKU_30,WH_5,SUP_10,North,394,2,224,0,10.83,15.81,0,0,22,2025,1,7,1,2,22.003649
2025-01-08,SKU_30,WH_5,SUP_10,North,394,2,224,0,10.83,15.81,0,0,22,2025,1,8,2,2,22.0882
2025-01-09,SKU_30,WH_5,SUP_10,North,394,2,224,0,10.83,15.81,0,0,22,2025,1,9,3,2,22.076109
2025-01-10,SKU_30,WH_5,SUP_10,North,394,2,224,0,10.83,15.81,0,0,22,2025,1,10,4,2,22.025465
2025-01-11,SKU_30,WH_5,SUP_10,North,394,2,224,0,10.83,15.81,0,0,22,2025,1,11,5,2,22.036966
2025-01-12,SKU_30,WH_5,SUP_10,North,394,2,224,0,10.83,15.81,0,0,22,2025,1,12,6,2,22.018633
2025-01-13,SKU_30,WH_5,SUP_10,North,394,2,224,0,10.83,15.81,0,0,22,2025,1,13,0,3,22.125706
2025-01-14,SKU_30,WH_5,SUP_10,North,394,2,224,0,10.83,15.81,0,0,22,2025,1,14,1,3,22.17293
2025-01-15,SKU_30,WH_5,SUP_10,North,394,2,224,0,10.83,15.81,0,0,22,2025,1,15,2,3,22.174173
2025-01-16,SKU_30,WH_5,SUP_10,North,394,2,224,0,10.83,15.81,0,0,22,2025,1,16,3,3,22.160372
2025-01-17,SKU_30,WH_5,SUP_10,North,394,2,224,0,10.83,15.81,0,0,22,2025,1,17,4,3,22.10909
2025-01-18,SKU_30,WH_5,SUP_10,North,394,2,224,0,10.83,15.81,0,0,22,2025,1,18,5,3,22.234135
2025-01-19,SKU_30,WH_5,SUP_10,North,394,2,224,0,10.83,15.81,0,0,22,2025,1,19,6,3,22.240316
2025-01-20,SKU_30,WH_5,SUP_10,North,394,2,224,0,10.83,15.81,0,0,22,2025,1,20,0,4,22.07553
2025-01-21,SKU_30,WH_5,SUP_10,North,394,2,224,0,10.83,15.81,0,0,22,2025,1,21,1,4,22.045568
2025-01-22,SKU_30,WH_5,SUP_10,North,394,2,224,0,10.83,15.81,0,0,22,2025,1,22,2,4,22.011353
2025-01-23,SKU_30,WH_5,SUP_10,North,394,2,224,0,10.83,15.81,0,0,22,2025,1,23,3,4,22.071615
2025-01-24,SKU_30,WH_5,SUP_10,North,394,2,224,0,10.83,15.81,0,0,22,2025,1,24,4,4,21.918306
2025-01-25,SKU_30,WH_5,SUP_10,North,394,2,224,0,10.83,15.81,0,0,22,2025,1,25,5,4,21.943153
2025-01-26,SKU_30,WH_5,SUP_10,North,394,2,224,0,10.83,15.81,0,0,22,2025,1,26,6,4,21.9614
2025-01-27,SKU_30,WH_5,SUP_10,North,394,2,224,0,10.83,15.81,0,0,22,2025,1,27,0,5,21.852644
2025-01-28,SKU_30,WH_5,SUP_10,North,394,2,224,0,10.83,15.81,0,0,22,2025,1,28,1,5,21.892527
2025-01-29,SKU_30,WH_5,SUP_10,North,394,2,224,0,10.83,15.81,0,0,22,2025,1,29,2,5,21.870556
2024-12-31,SKU_30,WH_4,SUP_6,West,368,7,252,0,16.11,28.55,0,0,12,2024,12,31,1,1,11.743198
2025-01-01,SKU_30,WH_4,SUP_6,West,368,7,252,0,16.11,28.55,0,0,12,2025,1,1,2,1,11.4434
2025-01-02,SKU_30,WH_4,SUP_6,West,368,7,252,0,16.11,28.55,0,0,12,2025,1,2,3,1,11.412811
2025-01-03,SKU_30,WH_4,SUP_6,West,368,7,252,0,16.11,28.55,0,0,12,2025,1,3,4,1,11.5288105
2025-01-04,SKU_30,WH_4,SUP_6,West,368,7,252,0,16.11,28.55,0,0,12,2025,1,4,5,1,11.644555
2025-01-05,SKU_30,WH_4,SUP_6,West,368,7,252,0,16.11,28.55,0,0,12,2025,1,5,6,1,11.474218
2025-01-06,SKU_30,WH_4,SUP_6,West,368,7,252,0,16.11,28.55,0,0,12,2025,1,6,0,2,11.515007
2025-01-07,SKU_30,WH_4,SUP_6,West,368,7,252,0,16.11,28.55,0,0,12,2025,1,7,1,2,11.383973
2025-01-08,SKU_30,WH_4,SUP_6,West,368,7,252,0,16.11,28.55,0,0,12,2025,1,8,2,2,11.354066
2025-01-09,SKU_30,WH_4,SUP_6,West,368,7,252,0,16.11,28.55,0,0,12,2025,1,9,3,2,11.347537
2025-01-10,SKU_30,WH_4,SUP_6,West,368,7,252,0,16.11,28.55,0,0,12,2025,1,10,4,2,11.321242
2025-01-11,SKU_30,WH_4,SUP_6,West,368,7,252,0,16.11,28.55,0,0,12,2025,1,11,5,2,11.335584
2025-01-12,SKU_30,WH_4,SUP_6,West,368,7,252,0,16.11,28.55,0,0,12,2025,1,12,6,2,11.157074
2025-01-13,SKU_30,WH_4,SUP_6,West,368,7,252,0,16.11,28.55,0,0,12,2025,1,13,0,3,11.4367485
2025-01-14,SKU_30,WH_4,SUP_6,West,368,7,252,0,16.11,28.55,0,0,12,2025,1,14,1,3,11.421077
2025-01-15,SKU_30,WH_4,SUP_6,West,368,7,252,0,16.11,28.55,0,0,12,2025,1,15,2,3,11.304384
2025-01-16,SKU_30,WH_4,SUP_6,West,368,7,252,0,16.11,28.55,0,0,12,2025,1,16,3,3,11.360765
2025-01-17,SKU_30,WH_4,SUP_6,West,368,7,252,0,16.11,28.55,0,0,12,2025,1,17,4,3,11.322898
2025-01-18,SKU_30,WH_4,SUP_6,West,368,7,252,0,16.11,28.55,0,0,12,2025,1,18,5,3,11.428588
2025-01-19,SKU_30,WH_4,SUP_6,West,368,7,252,0,16.11,28.55,0,0,12,2025,1,19,6,3,11.390596
2025-01-20,SKU_30,WH_4,SUP_6,West,368,7,252,0,16.11,28.55,0,0,12,2025,1,20,0,4,11.722843
2025-01-21,SKU_30,WH_4,SUP_6,West,368,7,252,0,16.11,28.55,0,0,12,2025,1,21,1,4,11.71869
2025-01-22,SKU_30,WH_4,SUP_6,West,368,7,252,0,16.11,28.55,0,0,12,2025,1,22,2,4,11.634092
2025-01-23,SKU_30,WH_4,SUP_6,West,368,7,252,0,16.11,28.55,0,0,12,2025,1,23,3,4,11.65159
2025-01-24,SKU_30,WH_4,SUP_6,West,368,7,252,0,16.11,28.55,0,0,12,2025,1,24,4,4,11.622838
2025-01-25,SKU_30,WH_4,SUP_6,West,368,7,252,0,16.11,28.55,0,0,12,2025,1,25,5,4,11.672428
2025-01-26,SKU_30,WH_4,SUP_6,West,368,7,252,0,16.11,28.55,0,0,12,2025,1,26,6,4,11.624574
2025-01-27,SKU_30,WH_4,SUP_6,West,368,7,252,0,16.11,28.55,0,0,12,2025,1,27,0,5,11.83026
2025-01-28,SKU_30,WH_4,SUP_6,West,368,7,252,0,16.11,28.55,0,0,12,2025,1,28,1,5,11.82585
2025-01-29,SKU_30,WH_4,SUP_6,West,368,7,252,0,16.11,28.55,0,0,12,2025,1,29,2,5,11.893932
2024-12-31,SKU_30,WH_3,SUP_2,North,575,4,297,0,10.83,13.91,0,0,16,2024,12,31,1,1,15.812951
2025-01-01,SKU_30,WH_3,SUP_2,North,575,4,297,0,10.83,13.91,0,0,16,2025,1,1,2,1,15.827077
2025-01-02,SKU_30,WH_3,SUP_2,North,575,4,297,0,10.83,13.91,0,0,16,2025,1,2,3,1,15.822249
2025-01-03,SKU_30,WH_3,SUP_2,North,575,4,297,0,10.83,13.91,0,0,16,2025,1,3,4,1,15.8784685
2025-01-04,SKU_30,WH_3,SUP_2,North,575,4,297,0,10.83,13.91,0,0,16,2025,1,4,5,1,15.862071
2025-01-05,SKU_30,WH_3,SUP_2,North,575,4,297,0,10.83,13.91,0,0,16,2025,1,5,6,1,15.81073
2025-01-06,SKU_30,WH_3,SUP_2,North,575,4,297,0,10.83,13.91,0,0,16,2025,1,6,0,2,15.759356
2025-01-07,SKU_30,WH_3,SUP_2,North,575,4,297,0,10.83,13.91,0,0,16,2025,1,7,1,2,15.733199
2025-01-08,SKU_30,WH_3,SUP_2,North,575,4,297,0,10.83,13.91,0,0,16,2025,1,8,2,2,15.821344
2025-01-09,SKU_30,WH_3,SUP_2,North,575,4,297,0,10.83,13.91,0,0,16,2025,1,9,3,2,15.832283
2025-01-10,SKU_30,WH_3,SUP_2,North,575,4,297,0,10.83,13.91,0,0,16,2025,1,10,4,2,15.865155
2025-01-11,SKU_30,WH_3,SUP_2,North,575,4,297,0,10.83,13.91,0,0,16,2025,1,11,5,2,15.778239
2025-01-12,SKU_30,WH_3,SUP_2,North,575,4,297,0,10.83,13.91,0,0,16,2025,1,12,6,2,15.71895
2025-01-13,SKU_30,WH_3,SUP_2,North,575,4,297,0,10.83,13.91,0,0,16,2025,1,13,0,3,15.819842
2025-01-14,SKU_30,WH_3,SUP_2,North,575,4,297,0,10.83,13.91,0,0,16,2025,1,14,1,3,15.81473
2025-01-15,SKU_30,WH_3,SUP_2,North,575,4,297,0,10.83,13.91,0,0,16,2025,1,15,2,3,15.809223
2025-01-16,SKU_30,WH_3,SUP_2,North,575,4,297,0,10.83,13.91,0,0,16,2025,1,16,3,3,15.833239
2025-01-17,SKU_30,WH_3,SUP_2,North,575,4,297,0,10.83,13.91,0,0,16,2025,1,17,4,3,15.809054
2025-01-18,SKU_30,WH_3,SUP_2,North,575,4,297,0,10.83,13.91,0,0,16,2025,1,18,5,3,15.836222
2025-01-19,SKU_30,WH_3,SUP_2,North,575,4,297,0,10.83,13.91,0,0,16,2025,1,19,6,3,15.788659
2025-01-20,SKU_30,WH_3,SUP_2,North,575,4,297,0,10.83,13.91,0,0,16,2025,1,20,0,4,15.915918
2025-01-21,SKU_30,WH_3,SUP_2,North,575,4,297,0,10.83,13.91,0,0,16,2025,1,21,1,4,15.898854
2025-01-22,SKU_30,WH_3,SUP_2,North,575,4,297,0,10.83,13.91,0,0,16,2025,1,22,2,4,15.877225
2025-01-23,SKU_30,WH_3,SUP_2,North,575,4,297,0,10.83,13.91,0,0,16,2025,1,23,3,4,15.922318
2025-01-24,SKU_30,WH_3,SUP_2,North,575,4,297,0,10.83,13.91,0,0,16,2025,1,24,4,4,15.915593
2025-01-25,SKU_30,WH_3,SUP_2,North,575,4,297,0,10.83,13.91,0,0,16,2025,1,25,5,4,15.842019
2025-01-26,SKU_30,WH_3,SUP_2,North,575,4,297,0,10.83,13.91,0,0,16,2025,1,26,6,4,15.84045
2025-01-27,SKU_30,WH_3,SUP_2,North,575,4,297,0,10.83,13.91,0,0,16,2025,1,27,0,5,15.995732
2025-01-28,SKU_30,WH_3,SUP_2,North,575,4,297,0,10.83,13.91,0,0,16,2025,1,28,1,5,16.02213
2025-01-29,SKU_30,WH_3,SUP_2,North,575,4,297,0,10.83,13.91,0,0,16,2025,1,29,2,5,15.980374
2024-12-31,SKU_30,WH_2,SUP_2,East,335,12,231,0,10.06,14.87,0,0,19,2024,12,31,1,1,18.60734
2025-01-01,SKU_30,WH_2,SUP_2,East,335,12,231,0,10.06,14.87,0,0,19,2025,1,1,2,1,18.650537
2025-01-02,SKU_30,WH_2,SUP_2,East,335,12,231,0,10.06,14.87,0,0,19,2025,1,2,3,1,18.688087
2025-01-03,SKU_30,WH_2,SUP_2,East,335,12,231,0,10.06,14.87,0,0,19,2025,1,3,4,1,18.857454
2025-01-04,SKU_30,WH_2,SUP_2,East,335,12,231,0,10.06,14.87,0,0,19,2025,1,4,5,1,19.041164
2025-01-05,SKU_30,WH_2,SUP_2,East,335,12,231,0,10.06,14.87,0,0,19,2025,1,5,6,1,19.014738
2025-01-06,SKU_30,WH_2,SUP_2,East,335,12,231,0,10.06,14.87,0,0,19,2025,1,6,0,2,18.94121
2025-01-07,SKU_30,WH_2,SUP_2,East,335,12,231,0,10.06,14.87,0,0,19,2025,1,7,1,2,18.859037
2025-01-08,SKU_30,WH_2,SUP_2,East,335,12,231,0,10.06,14.87,0,0,19,2025,1,8,2,2,19.007896
2025-01-09,SKU_30,WH_2,SUP_2,East,335,12,231,0,10.06,14.87,0,0,19,2025,1,9,3,2,19.021914
2025-01-10,SKU_30,WH_2,SUP_2,East,335,12,231,0,10.06,14.87,0,0,19,2025,1,10,4,2,19.04608
2025-01-11,SKU_30,WH_2,SUP_2,East,335,12,231,0,10.06,14.87,0,0,19,2025,1,11,5,2,19.07479
2025-01-12,SKU_30,WH_2,SUP_2,East,335,12,231,0,10.06,14.87,0,0,19,2025,1,12,6,2,19.027626
2025-01-13,SKU_30,WH_2,SUP_2,East,335,12,231,0,10.06,14.87,0,0,19,2025,1,13,0,3,19.091753
2025-01-14,SKU_30,WH_2,SUP_2,East,335,12,231,0,10.06,14.87,0,0,19,2025,1,14,1,3,19.137917
2025-01-15,SKU_30,WH_2,SUP_2,East,335,12,231,0,10.06,14.87,0,0,19,2025,1,15,2,3,19.215445
2025-01-16,SKU_30,WH_2,SUP_2,East,335,12,231,0,10.06,14.87,0,0,19,2025,1,16,3,3,19.22775
2025-01-17,SKU_30,WH_2,SUP_2,East,335,12,231,0,10.06,14.87,0,0,19,2025,1,17,4,3,19.171623
2025-01-18,SKU_30,WH_2,SUP_2,East,335,12,231,0,10.06,14.87,0,0,19,2025,1,18,5,3,19.318743
2025-01-19,SKU_30,WH_2,SUP_2,East,335,12,231,0,10.06,14.87,0,0,19,2025,1,19,6,3,19.319141
2025-01-20,SKU_30,WH_2,SUP_2,East,335,12,231,0,10.06,14.87,0,0,19,2025,1,20,0,4,19.110455
2025-01-21,SKU_30,WH_2,SUP_2,East,335,12,231,0,10.06,14.87,0,0,19,2025,1,21,1,4,19.110935
2025-01-22,SKU_30,WH_2,SUP_2,East,335,12,231,0,10.06,14.87,0,0,19,2025,1,22,2,4,19.153004
2025-01-23,SKU_30,WH_2,SUP_2,East,335,12,231,0,10.06,14.87,0,0,19,2025,1,23,3,4,19.18639
2025-01-24,SKU_30,WH_2,SUP_2,East,335,12,231,0,10.06,14.87,0,0,19,2025,1,24,4,4,19.139297
2025-01-25,SKU_30,WH_2,SUP_2,East,335,12,231,0,10.06,14.87,0,0,19,2025,1,25,5,4,19.181353
2025-01-26,SKU_30,WH_2,SUP_2,East,335,12,231,0,10.06,14.87,0,0,19,2025,1,26,6,4,19.22594
2025-01-27,SKU_30,WH_2,SUP_2,East,335,12,231,0,10.06,14.87,0,0,19,2025,1,27,0,5,18.653625
2025-01-28,SKU_30,WH_2,SUP_2,East,335,12,231,0,10.06,14.87,0,0,19,2025,1,28,1,5,18.686958
2025-01-29,SKU_30,WH_2,SUP_2,East,335,12,231,0,10.06,14.87,0,0,19,2025,1,29,2,5,18.640074
2024-12-31,SKU_30,WH_1,SUP_3,South,536,3,336,0,7.27,11.68,0,0,23,2024,12,31,1,1,22.882383
2025-01-01,SKU_30,WH_1,SUP_3,South,536,3,336,0,7.27,11.68,0,0,23,2025,1,1,2,1,22.9314
2025-01-02,SKU_30,WH_1,SUP_3,South,536,3,336,0,7.27,11.68,0,0,23,2025,1,2,3,1,22.93172
2025-01-03,SKU_30,WH_1,SUP_3,South,536,3,336,0,7.27,11.68,0,0,23,2025,1,3,4,1,22.888447
2025-01-04,SKU_30,WH_1,SUP_3,South,536,3,336,0,7.27,11.68,0,0,23,2025,1,4,5,1,22.99905
2025-01-05,SKU_30,WH_1,SUP_3,South,536,3,336,0,7.27,11.68,0,0,23,2025,1,5,6,1,23.001453
2025-01-06,SKU_30,WH_1,SUP_3,South,536,3,336,0,7.27,11.68,0,0,23,2025,1,6,0,2,22.934322
2025-01-07,SKU_30,WH_1,SUP_3,South,536,3,336,0,7.27,11.68,0,0,23,2025,1,7,1,2,22.92144
2025-01-08,SKU_30,WH_1,SUP_3,South,536,3,336,0,7.27,11.68,0,0,23,2025,1,8,2,2,23.034939
2025-01-09,SKU_30,WH_1,SUP_3,South,536,3,336,0,7.27,11.68,0,0,23,2025,1,9,3,2,22.987825
2025-01-10,SKU_30,WH_1,SUP_3,South,536,3,336,0,7.27,11.68,0,0,23,2025,1,10,4,2,23.021969
2025-01-11,SKU_30,WH_1,SUP_3,South,536,3,336,0,7.27,11.68,0,0,23,2025,1,11,5,2,23.038857
2025-01-12,SKU_30,WH_1,SUP_3,South,536,3,336,0,7.27,11.68,0,0,23,2025,1,12,6,2,23.017147
2025-01-13,SKU_30,WH_1,SUP_3,South,536,3,336,0,7.27,11.68,0,0,23,2025,1,13,0,3,23.124582
2025-01-14,SKU_30,WH_1,SUP_3,South,536,3,336,0,7.27,11.68,0,0,23,2025,1,14,1,3,23.136168
2025-01-15,SKU_30,WH_1,SUP_3,South,536,3,336,0,7.27,11.68,0,0,23,2025,1,15,2,3,23.169323
2025-01-16,SKU_30,WH_1,SUP_3,South,536,3,336,0,7.27,11.68,0,0,23,2025,1,16,3,3,23.120018
2025-01-17,SKU_30,WH_1,SUP_3,South,536,3,336,0,7.27,11.68,0,0,23,2025,1,17,4,3,23.110054
2025-01-18,SKU_30,WH_1,SUP_3,South,536,3,336,0,7.27,11.68,0,0,23,2025,1,18,5,3,23.271204
2025-01-19,SKU_30,WH_1,SUP_3,South,536,3,336,0,7.27,11.68,0,0,23,2025,1,19,6,3,23.273607
2025-01-20,SKU_30,WH_1,SUP_3,South,536,3,336,0,7.27,11.68,0,0,23,2025,1,20,0,4,22.939995
2025-01-21,SKU_30,WH_1,SUP_3,South,536,3,336,0,7.27,11.68,0,0,23,2025,1,21,1,4,22.929253
2025-01-22,SKU_30,WH_1,SUP_3,South,536,3,336,0,7.27,11.68,0,0,23,2025,1,22,2,4,22.966246
2025-01-23,SKU_30,WH_1,SUP_3,South,536,3,336,0,7.27,11.68,0,0,23,2025,1,23,3,4,22.948458
2025-01-24,SKU_30,WH_1,SUP_3,South,536,3,336,0,7.27,11.68,0,0,23,2025,1,24,4,4,22.930082
2025-01-25,SKU_30,WH_1,SUP_3,South,536,3,336,0,7.27,11.68,0,0,23,2025,1,25,5,4,23.000994
2025-01-26,SKU_30,WH_1,SUP_3,South,536,3,336,0,7.27,11.68,0,0,23,2025,1,26,6,4,23.028896
2025-01-27,SKU_30,WH_1,SUP_3,South,536,3,336,0,7.27,11.68,0,0,23,2025,1,27,0,5,22.903732
2025-01-28,SKU_30,WH_1,SUP_3,South,536,3,336,0,7.27,11.68,0,0,23,2025,1,28,1,5,22.93258
2025-01-29,SKU_30,WH_1,SUP_3,South,536,3,336,0,7.27,11.68,0,0,23,2025,1,29,2,5,23.050926
2024-12-31,SKU_29,WH_5,SUP_3,North,474,11,218,0,17.01,22.47,1,0,31,2024,12,31,1,1,30.826162
2025-01-01,SKU_29,WH_5,SUP_3,North,474,11,218,0,17.01,22.47,1,0,31,2025,1,1,2,1,30.478567
2025-01-02,SKU_29,WH_5,SUP_3,North,474,11,218,0,17.01,22.47,1,0,31,2025,1,2,3,1,30.373287
2025-01-03,SKU_29,WH_5,SUP_3,North,474,11,218,0,17.01,22.47,1,0,31,2025,1,3,4,1,30.642618
2025-01-04,SKU_29,WH_5,SUP_3,North,474,11,218,0,17.01,22.47,1,0,31,2025,1,4,5,1,30.7141
2025-01-05,SKU_29,WH_5,SUP_3,North,474,11,218,0,17.01,22.47,1,0,31,2025,1,5,6,1,30.89545
2025-01-06,SKU_29,WH_5,SUP_3,North,474,11,218,0,17.01,22.47,1,0,31,2025,1,6,0,2,30.837948
2025-01-07,SKU_29,WH_5,SUP_3,North,474,11,218,0,17.01,22.47,1,0,31,2025,1,7,1,2,30.963316
2025-01-08,SKU_29,WH_5,SUP_3,North,474,11,218,0,17.01,22.47,1,0,31,2025,1,8,2,2,31.00077
2025-01-09,SKU_29,WH_5,SUP_3,North,474,11,218,0,17.01,22.47,1,0,31,2025,1,9,3,2,31.002491
2025-01-10,SKU_29,WH_5,SUP_3,North,474,11,218,0,17.01,22.47,1,0,31,2025,1,10,4,2,31.070484
2025-01-11,SKU_29,WH_5,SUP_3,North,474,11,218,0,17.01,22.47,1,0,31,2025,1,11,5,2,31.049168
2025-01-12,SKU_29,WH_5,SUP_3,North,474,11,218,0,17.01,22.47,1,0,31,2025,1,12,6,2,31.03554
2025-01-13,SKU_29,WH_5,SUP_3,North,474,11,218,0,17.01,22.47,1,0,31,2025,1,13,0,3,30.385763
2025-01-14,SKU_29,WH_5,SUP_3,North,474,11,218,0,17.01,22.47,1,0,31,2025,1,14,1,3,30.7009
2025-01-15,SKU_29,WH_5,SUP_3,North,474,11,218,0,17.01,22.47,1,0,31,2025,1,15,2,3,31.017801
2025-01-16,SKU_29,WH_5,SUP_3,North,474,11,218,0,17.01,22.47,1,0,31,2025,1,16,3,3,31.039625
2025-01-17,SKU_29,WH_5,SUP_3,North,474,11,218,0,17.01,22.47,1,0,31,2025,1,17,4,3,31.31863
2025-01-18,SKU_29,WH_5,SUP_3,North,474,11,218,0,17.01,22.47,1,0,31,2025,1,18,5,3,31.386925
2025-01-19,SKU_29,WH_5,SUP_3,North,474,11,218,0,17.01,22.47,1,0,31,2025,1,19,6,3,31.367338
2025-01-20,SKU_29,WH_5,SUP_3,North,474,11,218,0,17.01,22.47,1,0,31,2025,1,20,0,4,30.708181
2025-01-21,SKU_29,WH_5,SUP_3,North,474,11,218,0,17.01,22.47,1,0,31,2025,1,21,1,4,30.865967
2025-01-22,SKU_29,WH_5,SUP_3,North,474,11,218,0,17.01,22.47,1,0,31,2025,1,22,2,4,30.971935
2025-01-23,SKU_29,WH_5,SUP_3,North,474,11,218,0,17.01,22.47,1,0,31,2025,1,23,3,4,30.971556
2025-01-24,SKU_29,WH_5,SUP_3,North,474,11,218,0,17.01,22.47,1,0,31,2025,1,24,4,4,31.029886
2025-01-25,SKU_29,WH_5,SUP_3,North,474,11,218,0,17.01,22.47,1,0,31,2025,1,25,5,4,31.032955
2025-01-26,SKU_29,WH_5,SUP_3,North,474,11,218,0,17.01,22.47,1,0,31,2025,1,26,6,4,30.95008
2025-01-27,SKU_29,WH_5,SUP_3,North,474,11,218,0,17.01,22.47,1,0,31,2025,1,27,0,5,30.702217
2025-01-28,SKU_29,WH_5,SUP_3,North,474,11,218,0,17.01,22.47,1,0,31,2025,1,28,1,5,30.921028
2025-01-29,SKU_29,WH_5,SUP_3,North,474,11,218,0,17.01,22.47,1,0,31,2025,1,29,2,5,31.021881
2024-12-31,SKU_29,WH_4,SUP_4,North,570,14,334,266,13.96,18.45,0,0,21,2024,12,31,1,1,21.196062
2025-01-01,SKU_29,WH_4,SUP_4,North,570,14,334,266,13.96,18.45,0,0,21,2025,1,1,2,1,20.62208
2025-01-02,SKU_29,WH_4,SUP_4,North,570,14,334,266,13.96,18.45,0,0,21,2025,1,2,3,1,20.76937
2025-01-03,SKU_29,WH_4,SUP_4,North,570,14,334,266,13.96,18.45,0,0,21,2025,1,3,4,1,20.726036
2025-01-04,SKU_29,WH_4,SUP_4,North,570,14,334,266,13.96,18.45,0,0,21,2025,1,4,5,1,20.882036
2025-01-05,SKU_29,WH_4,SUP_4,North,570,14,334,266,13.96,18.45,0,0,21,2025,1,5,6,1,20.857101
2025-01-06,SKU_29,WH_4,SUP_4,North,570,14,334,266,13.96,18.45,0,0,21,2025,1,6,0,2,20.826653
2025-01-07,SKU_29,WH_4,SUP_4,North,570,14,334,266,13.96,18.45,0,0,21,2025,1,7,1,2,20.835175
2025-01-08,SKU_29,WH_4,SUP_4,North,570,14,334,266,13.96,18.45,0,0,21,2025,1,8,2,2,20.80343
2025-01-09,SKU_29,WH_4,SUP_4,North,570,14,334,266,13.96,18.45,0,0,21,2025,1,9,3,2,20.807774
2025-01-10,SKU_29,WH_4,SUP_4,North,570,14,334,266,13.96,18.45,0,0,21,2025,1,10,4,2,20.840446
2025-01-11,SKU_29,WH_4,SUP_4,North,570,14,334,266,13.96,18.45,0,0,21,2025,1,11,5,2,20.971426
2025-01-12,SKU_29,WH_4,SUP_4,North,570,14,334,266,13.96,18.45,0,0,21,2025,1,12,6,2,20.938538
2025-01-13,SKU_29,WH_4,SUP_4,North,570,14,334,266,13.96,18.45,0,0,21,2025,1,13,0,3,20.989904
2025-01-14,SKU_29,WH_4,SUP_4,North,570,14,334,266,13.96,18.45,0,0,21,2025,1,14,1,3,21.03662
2025-01-15,SKU_29,WH_4,SUP_4,North,570,14,334,266,13.96,18.45,0,0,21,2025,1,15,2,3,21.022131
2025-01-16,SKU_29,WH_4,SUP_4,North,570,14,334,266,13.96,18.45,0,0,21,2025,1,16,3,3,21.02004
2025-01-17,SKU_29,WH_4,SUP_4,North,570,14,334,266,13.96,18.45,0,0,21,2025,1,17,4,3,21.015432
2025-01-18,SKU_29,WH_4,SUP_4,North,570,14,334,266,13.96,18.45,0,0,21,2025,1,18,5,3,21.167767
2025-01-19,SKU_29,WH_4,SUP_4,North,570,14,334,266,13.96,18.45,0,0,21,2025,1,19,6,3,21.162624
2025-01-20,SKU_29,WH_4,SUP_4,North,570,14,334,266,13.96,18.45,0,0,21,2025,1,20,0,4,20.85113
2025-01-21,SKU_29,WH_4,SUP_4,North,570,14,334,266,13.96,18.45,0,0,21,2025,1,21,1,4,20.83388
2025-01-22,SKU_29,WH_4,SUP_4,North,570,14,334,266,13.96,18.45,0,0,21,2025,1,22,2,4,20.819803
2025-01-23,SKU_29,WH_4,SUP_4,North,570,14,334,266,13.96,18.45,0,0,21,2025,1,23,3,4,20.819424
2025-01-24,SKU_29,WH_4,SUP_4,North,570,14,334,266,13.96,18.45,0,0,21,2025,1,24,4,4,20.82887
2025-01-25,SKU_29,WH_4,SUP_4,North,570,14,334,266,13.96,18.45,0,0,21,2025,1,25,5,4,20.903252
2025-01-26,SKU_29,WH_4,SUP_4,North,570,14,334,266,13.96,18.45,0,0,21,2025,1,26,6,4,20.928272
2025-01-27,SKU_29,WH_4,SUP_4,North,570,14,334,266,13.96,18.45,0,0,21,2025,1,27,0,5,20.47398
2025-01-28,SKU_29,WH_4,SUP_4,North,570,14,334,266,13.96,18.45,0,0,21,2025,1,28,1,5,20.47482
2025-01-29,SKU_29,WH_4,SUP_4,North,570,14,334,266,13.96,18.45,0,0,21,2025,1,29,2,5,20.440403
2024-12-31,SKU_29,WH_3,SUP_7,North,505,3,273,0,17.71,22.87,1,0,26,2024,12,31,1,1,25.68419
2025-01-01,SKU_29,WH_3,SUP_7,North,505,3,273,0,17.71,22.87,1,0,26,2025,1,1,2,1,25.278013
2025-01-02,SKU_29,WH_3,SUP_7,North,505,3,273,0,17.71,22.87,1,0,26,2025,1,2,3,1,25.05951
2025-01-03,SKU_29,WH_3,SUP_7,North,505,3,273,0,17.71,22.87,1,0,26,2025,1,3,4,1,25.429413
2025-01-04,SKU_29,WH_3,SUP_7,North,505,3,273,0,17.71,22.87,1,0,26,2025,1,4,5,1,25.544376
2025-01-05,SKU_29,WH_3,SUP_7,North,505,3,273,0,17.71,22.87,1,0,26,2025,1,5,6,1,25.708221
2025-01-06,SKU_29,WH_3,SUP_7,North,505,3,273,0,17.71,22.87,1,0,26,2025,1,6,0,2,25.849468
2025-01-07,SKU_29,WH_3,SUP_7,North,505,3,273,0,17.71,22.87,1,0,26,2025,1,7,1,2,25.935728
2025-01-08,SKU_29,WH_3,SUP_7,North,505,3,273,0,17.71,22.87,1,0,26,2025,1,8,2,2,25.921345
2025-01-09,SKU_29,WH_3,SUP_7,North,505,3,273,0,17.71,22.87,1,0,26,2025,1,9,3,2,25.935276
2025-01-10,SKU_29,WH_3,SUP_7,North,505,3,273,0,17.71,22.87,1,0,26,2025,1,10,4,2,26.02029
2025-01-11,SKU_29,WH_3,SUP_7,North,505,3,273,0,17.71,22.87,1,0,26,2025,1,11,5,2,25.992682
2025-01-12,SKU_29,WH_3,SUP_7,North,505,3,273,0,17.71,22.87,1,0,26,2025,1,12,6,2,25.975634
2025-01-13,SKU_29,WH_3,SUP_7,North,505,3,273,0,17.71,22.87,1,0,26,2025,1,13,0,3,25.875513
2025-01-14,SKU_29,WH_3,SUP_7,North,505,3,273,0,17.71,22.87,1,0,26,2025,1,14,1,3,26.055452
2025-01-15,SKU_29,WH_3,SUP_7,North,505,3,273,0,17.71,22.87,1,0,26,2025,1,15,2,3,26.323027
2025-01-16,SKU_29,WH_3,SUP_7,North,505,3,273,0,17.71,22.87,1,0,26,2025,1,16,3,3,26.34485
2025-01-17,SKU_29,WH_3,SUP_7,North,505,3,273,0,17.71,22.87,1,0,26,2025,1,17,4,3,26.568527
2025-01-18,SKU_29,WH_3,SUP_7,North,505,3,273,0,17.71,22.87,1,0,26,2025,1,18,5,3,26.546764
2025-01-19,SKU_29,WH_3,SUP_7,North,505,3,273,0,17.71,22.87,1,0,26,2025,1,19,6,3,26.412004
2025-01-20,SKU_29,WH_3,SUP_7,North,505,3,273,0,17.71,22.87,1,0,26,2025,1,20,0,4,26.369345
2025-01-21,SKU_29,WH_3,SUP_7,North,505,3,273,0,17.71,22.87,1,0,26,2025,1,21,1,4,26.437246
2025-01-22,SKU_29,WH_3,SUP_7,North,505,3,273,0,17.71,22.87,1,0,26,2025,1,22,2,4,26.433249
2025-01-23,SKU_29,WH_3,SUP_7,North,505,3,273,0,17.71,22.87,1,0,26,2025,1,23,3,4,26.418127
2025-01-24,SKU_29,WH_3,SUP_7,North,505,3,273,0,17.71,22.87,1,0,26,2025,1,24,4,4,26.503134
2025-01-25,SKU_29,WH_3,SUP_7,North,505,3,273,0,17.71,22.87,1,0,26,2025,1,25,5,4,26.482918
2025-01-26,SKU_29,WH_3,SUP_7,North,505,3,273,0,17.71,22.87,1,0,26,2025,1,26,6,4,26.441824
2025-01-27,SKU_29,WH_3,SUP_7,North,505,3,273,0,17.71,22.87,1,0,26,2025,1,27,0,5,26.252392
2025-01-28,SKU_29,WH_3,SUP_7,North,505,3,273,0,17.71,22.87,1,0,26,2025,1,28,1,5,26.356491
2025-01-29,SKU_29,WH_3,SUP_7,North,505,3,273,0,17.71,22.87,1,0,26,2025,1,29,2,5,26.39877
2024-12-31,SKU_29,WH_2,SUP_7,East,402,14,346,0,15.38,19.9,1,0,35,2024,12,31,1,1,34.578728
2025-01-01,SKU_29,WH_2,SUP_7,East,402,14,346,0,15.38,19.9,1,0,35,2025,1,1,2,1,34.346977
2025-01-02,SKU_29,WH_2,SUP_7,East,402,14,346,0,15.38,19.9,1,0,35,2025,1,2,3,1,34.37223
2025-01-03,SKU_29,WH_2,SUP_7,East,402,14,346,0,15.38,19.9,1,0,35,2025,1,3,4,1,35.01714
2025-01-04,SKU_29,WH_2,SUP_7,East,402,14,346,0,15.38,19.9,1,0,35,2025,1,4,5,1,35.037884
2025-01-05,SKU_29,WH_2,SUP_7,East,402,14,346,0,15.38,19.9,1,0,35,2025,1,5,6,1,35.175175
2025-01-06,SKU_29,WH_2,SUP_7,East,402,14,346,0,15.38,19.9,1,0,35,2025,1,6,0,2,34.679947
2025-01-07,SKU_29,WH_2,SUP_7,East,402,14,346,0,15.38,19.9,1,0,35,2025,1,7,1,2,34.781765
2025-01-08,SKU_29,WH_2,SUP_7,East,402,14,346,0,15.38,19.9,1,0,35,2025,1,8,2,2,34.850277
2025-01-09,SKU_29,WH_2,SUP_7,East,402,14,346,0,15.38,19.9,1,0,35,2025,1,9,3,2,34.851135
2025-01-10,SKU_29,WH_2,SUP_7,East,402,14,346,0,15.38,19.9,1,0,35,2025,1,10,4,2,34.87692
2025-01-11,SKU_29,WH_2,SUP_7,East,402,14,346,0,15.38,19.9,1,0,35,2025,1,11,5,2,34.835705
2025-01-12,SKU_29,WH_2,SUP_7,East,402,14,346,0,15.38,19.9,1,0,35,2025,1,12,6,2,34.7814
2025-01-13,SKU_29,WH_2,SUP_7,East,402,14,346,0,15.38,19.9,1,0,35,2025,1,13,0,3,34.17205
2025-01-14,SKU_29,WH_2,SUP_7,East,402,14,346,0,15.38,19.9,1,0,35,2025,1,14,1,3,34.535053
2025-01-15,SKU_29,WH_2,SUP_7,East,402,14,346,0,15.38,19.9,1,0,35,2025,1,15,2,3,34.8307
2025-01-16,SKU_29,WH_2,SUP_7,East,402,14,346,0,15.38,19.9,1,0,35,2025,1,16,3,3,34.825123
2025-01-17,SKU_29,WH_2,SUP_7,East,402,14,346,0,15.38,19.9,1,0,35,2025,1,17,4,3,34.99259
2025-01-18,SKU_29,WH_2,SUP_7,East,402,14,346,0,15.38,19.9,1,0,35,2025,1,18,5,3,34.999603
2025-01-19,SKU_29,WH_2,SUP_7,East,402,14,346,0,15.38,19.9,1,0,35,2025,1,19,6,3,34.96278
2025-01-20,SKU_29,WH_2,SUP_7,East,402,14,346,0,15.38,19.9,1,0,35,2025,1,20,0,4,34.888603
2025-01-21,SKU_29,WH_2,SUP_7,East,402,14,346,0,15.38,19.9,1,0,35,2025,1,21,1,4,35.017555
2025-01-22,SKU_29,WH_2,SUP_7,East,402,14,346,0,15.38,19.9,1,0,35,2025,1,22,2,4,34.986
2025-01-23,SKU_29,WH_2,SUP_7,East,402,14,346,0,15.38,19.9,1,0,35,2025,1,23,3,4,34.982136
2025-01-24,SKU_29,WH_2,SUP_7,East,402,14,346,0,15.38,19.9,1,0,35,2025,1,24,4,4,34.973095
2025-01-25,SKU_29,WH_2,SUP_7,East,402,14,346,0,15.38,19.9,1,0,35,2025,1,25,5,4,34.983223
2025-01-26,SKU_29,WH_2,SUP_7,East,402,14,346,0,15.38,19.9,1,0,35,2025,1,26,6,4,34.971527
2025-01-27,SKU_29,WH_2,SUP_7,East,402,14,346,0,15.38,19.9,1,0,35,2025,1,27,0,5,34.76773
2025-01-28,SKU_29,WH_2,SUP_7,East,402,14,346,0,15.38,19.9,1,0,35,2025,1,28,1,5,34.936718
2025-01-29,SKU_29,WH_2,SUP_7,East,402,14,346,0,15.38,19.9,1,0,35,2025,1,29,2,5,35.031197
2024-12-31,SKU_29,WH_1,SUP_5,West,327,5,218,0,7.0,11.27,0,0,22,2024,12,31,1,1,21.65455
2025-01-01,SKU_29,WH_1,SUP_5,West,327,5,218,0,7.0,11.27,0,0,22,2025,1,1,2,1,21.988823
2025-01-02,SKU_29,WH_1,SUP_5,West,327,5,218,0,7.0,11.27,0,0,22,2025,1,2,3,1,21.981293
2025-01-03,SKU_29,WH_1,SUP_5,West,327,5,218,0,7.0,11.27,0,0,22,2025,1,3,4,1,22.131573
2025-01-04,SKU_29,WH_1,SUP_5,West,327,5,218,0,7.0,11.27,0,0,22,2025,1,4,5,1,22.188515
2025-01-05,SKU_29,WH_1,SUP_5,West,327,5,218,0,7.0,11.27,0,0,22,2025,1,5,6,1,21.995192
2025-01-06,SKU_29,WH_1,SUP_5,West,327,5,218,0,7.0,11.27,0,0,22,2025,1,6,0,2,22.049376
2025-01-07,SKU_29,WH_1,SUP_5,West,327,5,218,0,7.0,11.27,0,0,22,2025,1,7,1,2,22.107082
2025-01-08,SKU_29,WH_1,SUP_5,West,327,5,218,0,7.0,11.27,0,0,22,2025,1,8,2,2,22.25287
2025-01-09,SKU_29,WH_1,SUP_5,West,327,5,218,0,7.0,11.27,0,0,22,2025,1,9,3,2,22.18559
2025-01-10,SKU_29,WH_1,SUP_5,West,327,5,218,0,7.0,11.27,0,0,22,2025,1,10,4,2,22.11628
2025-01-11,SKU_29,WH_1,SUP_5,West,327,5,218,0,7.0,11.27,0,0,22,2025,1,11,5,2,22.102236
2025-01-12,SKU_29,WH_1,SUP_5,West,327,5,218,0,7.0,11.27,0,0,22,2025,1,12,6,2,22.045334
2025-01-13,SKU_29,WH_1,SUP_5,West,327,5,218,0,7.0,11.27,0,0,22,2025,1,13,0,3,22.02415
2025-01-14,SKU_29,WH_1,SUP_5,West,327,5,218,0,7.0,11.27,0,0,22,2025,1,14,1,3,22.29335
2025-01-15,SKU_29,WH_1,SUP_5,West,327,5,218,0,7.0,11.27,0,0,22,2025,1,15,2,3,22.36132
2025-01-16,SKU_29,WH_1,SUP_5,West,327,5,218,0,7.0,11.27,0,0,22,2025,1,16,3,3,22.299303
2025-01-17,SKU_29,WH_1,SUP_5,West,327,5,218,0,7.0,11.27,0,0,22,2025,1,17,4,3,22.31787
2025-01-18,SKU_29,WH_1,SUP_5,West,327,5,218,0,7.0,11.27,0,0,22,2025,1,18,5,3,22.381645
2025-01-19,SKU_29,WH_1,SUP_5,West,327,5,218,0,7.0,11.27,0,0,22,2025,1,19,6,3,22.35629
2025-01-20,SKU_29,WH_1,SUP_5,West,327,5,218,0,7.0,11.27,0,0,22,2025,1,20,0,4,21.66972
2025-01-21,SKU_29,WH_1,SUP_5,West,327,5,218,0,7.0,11.27,0,0,22,2025,1,21,1,4,21.824404
2025-01-22,SKU_29,WH_1,SUP_5,West,327,5,218,0,7.0,11.27,0,0,22,2025,1,22,2,4,21.872944
2025-01-23,SKU_29,WH_1,SUP_5,West,327,5,218,0,7.0,11.27,0,0,22,2025,1,23,3,4,21.829742
2025-01-24,SKU_29,WH_1,SUP_5,West,327,5,218,0,7.0,11.27,0,0,22,2025,1,24,4,4,21.933218
2025-01-25,SKU_29,WH_1,SUP_5,West,327,5,218,0,7.0,11.27,0,0,22,2025,1,25,5,4,21.983957
2025-01-26,SKU_29,WH_1,SUP_5,West,327,5,218,0,7.0,11.27,0,0,22,2025,1,26,6,4,21.96167
2025-01-27,SKU_29,WH_1,SUP_5,West,327,5,218,0,7.0,11.27,0,0,22,2025,1,27,0,5,21.256649
2025-01-28,SKU_29,WH_1,SUP_5,West,327,5,218,0,7.0,11.27,0,0,22,2025,1,28,1,5,21.44006
2025-01-29,SKU_29,WH_1,SUP_5,West,327,5,218,0,7.0,11.27,0,0,22,2025,1,29,2,5,21.374014
2024-12-31,SKU_28,WH_5,SUP_7,West,469,12,360,0,15.99,26.08,0,0,19,2024,12,31,1,1,18.584646
2025-01-01,SKU_28,WH_5,SUP_7,West,469,12,360,0,15.99,26.08,0,0,19,2025,1,1,2,1,18.78316
2025-01-02,SKU_28,WH_5,SUP_7,West,469,12,360,0,15.99,26.08,0,0,19,2025,1,2,3,1,18.804976
2025-01-03,SKU_28,WH_5,SUP_7,West,469,12,360,0,15.99,26.08,0,0,19,2025,1,3,4,1,19.023952
2025-01-04,SKU_28,WH_5,SUP_7,West,469,12,360,0,15.99,26.08,0,0,19,2025,1,4,5,1,19.048695
2025-01-05,SKU_28,WH_5,SUP_7,West,469,12,360,0,15.99,26.08,0,0,19,2025,1,5,6,1,19.07652
2025-01-06,SKU_28,WH_5,SUP_7,West,469,12,360,0,15.99,26.08,0,0,19,2025,1,6,0,2,19.011082
2025-01-07,SKU_28,WH_5,SUP_7,West,469,12,360,0,15.99,26.08,0,0,19,2025,1,7,1,2,18.944056
2025-01-08,SKU_28,WH_5,SUP_7,West,469,12,360,0,15.99,26.08,0,0,19,2025,1,8,2,2,19.085974
2025-01-09,SKU_28,WH_5,SUP_7,West,469,12,360,0,15.99,26.08,0,0,19,2025,1,9,3,2,19.138163
2025-01-10,SKU_28,WH_5,SUP_7,West,469,12,360,0,15.99,26.08,0,0,19,2025,1,10,4,2,19.207575
2025-01-11,SKU_28,WH_5,SUP_7,West,469,12,360,0,15.99,26.08,0,0,19,2025,1,11,5,2,19.262108
2025-01-12,SKU_28,WH_5,SUP_7,West,469,12,360,0,15.99,26.08,0,0,19,2025,1,12,6,2,19.218018
2025-01-13,SKU_28,WH_5,SUP_7,West,469,12,360,0,15.99,26.08,0,0,19,2025,1,13,0,3,19.208633
2025-01-14,SKU_28,WH_5,SUP_7,West,469,12,360,0,15.99,26.08,0,0,19,2025,1,14,1,3,19.19404
2025-01-15,SKU_28,WH_5,SUP_7,West,469,12,360,0,15.99,26.08,0,0,19,2025,1,15,2,3,19.243204
2025-01-16,SKU_28,WH_5,SUP_7,West,469,12,360,0,15.99,26.08,0,0,19,2025,1,16,3,3,19.258991
2025-01-17,SKU_28,WH_5,SUP_7,West,469,12,360,0,15.99,26.08,0,0,19,2025,1,17,4,3,19.26923
2025-01-18,SKU_28,WH_5,SUP_7,West,469,12,360,0,15.99,26.08,0,0,19,2025,1,18,5,3,19.444664
2025-01-19,SKU_28,WH_5,SUP_7,West,469,12,360,0,15.99,26.08,0,0,19,2025,1,19,6,3,19.408527
2025-01-20,SKU_28,WH_5,SUP_7,West,469,12,360,0,15.99,26.08,0,0,19,2025,1,20,0,4,19.05741
2025-01-21,SKU_28,WH_5,SUP_7,West,469,12,360,0,15.99,26.08,0,0,19,2025,1,21,1,4,19.091799
2025-01-22,SKU_28,WH_5,SUP_7,West,469,12,360,0,15.99,26.08,0,0,19,2025,1,22,2,4,19.144865
2025-01-23,SKU_28,WH_5,SUP_7,West,469,12,360,0,15.99,26.08,0,0,19,2025,1,23,3,4,19.162363
2025-01-24,SKU_28,WH_5,SUP_7,West,469,12,360,0,15.99,26.08,0,0,19,2025,1,24,4,4,19.20347
2025-01-25,SKU_28,WH_5,SUP_7,West,469,12,360,0,15.99,26.08,0,0,19,2025,1,25,5,4,19.251593
2025-01-26,SKU_28,WH_5,SUP_7,West,469,12,360,0,15.99,26.08,0,0,19,2025,1,26,6,4,19.215479
2025-01-27,SKU_28,WH_5,SUP_7,West,469,12,360,0,15.99,26.08,0,0,19,2025,1,27,0,5,18.553486
2025-01-28,SKU_28,WH_5,SUP_7,West,469,12,360,0,15.99,26.08,0,0,19,2025,1,28,1,5,18.621874
2025-01-29,SKU_28,WH_5,SUP_7,West,469,12,360,0,15.99,26.08,0,0,19,2025,1,29,2,5,18.65201
2024-12-31,SKU_28,WH_4,SUP_2,East,614,3,333,0,6.52,7.94,0,0,17,2024,12,31,1,1,16.683275
2025-01-01,SKU_28,WH_4,SUP_2,East,614,3,333,0,6.52,7.94,0,0,17,2025,1,1,2,1,16.864922
2025-01-02,SKU_28,WH_4,SUP_2,East,614,3,333,0,6.52,7.94,0,0,17,2025,1,2,3,1,17.019167
2025-01-03,SKU_28,WH_4,SUP_2,East,614,3,333,0,6.52,7.94,0,0,17,2025,1,3,4,1,17.075386
2025-01-04,SKU_28,WH_4,SUP_2,East,614,3,333,0,6.52,7.94,0,0,17,2025,1,4,5,1,17.21128
2025-01-05,SKU_28,WH_4,SUP_2,East,614,3,333,0,6.52,7.94,0,0,17,2025,1,5,6,1,17.111511
2025-01-06,SKU_28,WH_4,SUP_2,East,614,3,333,0,6.52,7.94,0,0,17,2025,1,6,0,2,17.017069
2025-01-07,SKU_28,WH_4,SUP_2,East,614,3,333,0,6.52,7.94,0,0,17,2025,1,7,1,2,16.969913
2025-01-08,SKU_28,WH_4,SUP_2,East,614,3,333,0,6.52,7.94,0,0,17,2025,1,8,2,2,17.045534
2025-01-09,SKU_28,WH_4,SUP_2,East,614,3,333,0,6.52,7.94,0,0,17,2025,1,9,3,2,17.096476
2025-01-10,SKU_28,WH_4,SUP_2,East,614,3,333,0,6.52,7.94,0,0,17,2025,1,10,4,2,17.129347
2025-01-11,SKU_28,WH_4,SUP_2,East,614,3,333,0,6.52,7.94,0,0,17,2025,1,11,5,2,17.100912
2025-01-12,SKU_28,WH_4,SUP_2,East,614,3,333,0,6.52,7.94,0,0,17,2025,1,12,6,2,17.005823
2025-01-13,SKU_28,WH_4,SUP_2,East,614,3,333,0,6.52,7.94,0,0,17,2025,1,13,0,3,17.15133
2025-01-14,SKU_28,WH_4,SUP_2,East,614,3,333,0,6.52,7.94,0,0,17,2025,1,14,1,3,17.135721
2025-01-15,SKU_28,WH_4,SUP_2,East,614,3,333,0,6.52,7.94,0,0,17,2025,1,15,2,3,17.115412
2025-01-16,SKU_28,WH_4,SUP_2,East,614,3,333,0,6.52,7.94,0,0,17,2025,1,16,3,3,17.213732
2025-01-17,SKU_28,WH_4,SUP_2,East,614,3,333,0,6.52,7.94,0,0,17,2025,1,17,4,3,17.136375
2025-01-18,SKU_28,WH_4,SUP_2,East,614,3,333,0,6.52,7.94,0,0,17,2025,1,18,5,3,17.231318
2025-01-19,SKU_28,WH_4,SUP_2,East,614,3,333,0,6.52,7.94,0,0,17,2025,1,19,6,3,17.147959
2025-01-20,SKU_28,WH_4,SUP_2,East,614,3,333,0,6.52,7.94,0,0,17,2025,1,20,0,4,16.876745
2025-01-21,SKU_28,WH_4,SUP_2,East,614,3,333,0,6.52,7.94,0,0,17,2025,1,21,1,4,16.85083
2025-01-22,SKU_28,WH_4,SUP_2,East,614,3,333,0,6.52,7.94,0,0,17,2025,1,22,2,4,16.817259
2025-01-23,SKU_28,WH_4,SUP_2,East,614,3,333,0,6.52,7.94,0,0,17,2025,1,23,3,4,16.916513
2025-01-24,SKU_28,WH_4,SUP_2,East,614,3,333,0,6.52,7.94,0,0,17,2025,1,24,4,4,16.85428
2025-01-25,SKU_28,WH_4,SUP_2,East,614,3,333,0,6.52,7.94,0,0,17,2025,1,25,5,4,16.916576
2025-01-26,SKU_28,WH_4,SUP_2,East,614,3,333,0,6.52,7.94,0,0,17,2025,1,26,6,4,16.889263
2025-01-27,SKU_28,WH_4,SUP_2,East,614,3,333,0,6.52,7.94,0,0,17,2025,1,27,0,5,16.728172
2025-01-28,SKU_28,WH_4,SUP_2,East,614,3,333,0,6.52,7.94,0,0,17,2025,1,28,1,5,16.735067
2025-01-29,SKU_28,WH_4,SUP_2,East,614,3,333,0,6.52,7.94,0,0,17,2025,1,29,2,5,16.673462
2024-12-31,SKU_28,WH_3,SUP_4,South,575,10,243,375,10.6,14.06,1,0,22,2024,12,31,1,1,22.03416
2025-01-01,SKU_28,WH_3,SUP_4,South,575,10,243,375,10.6,14.06,1,0,22,2025,1,1,2,1,22.023476
2025-01-02,SKU_28,WH_3,SUP_4,South,575,10,243,375,10.6,14.06,1,0,22,2025,1,2,3,1,21.746088
2025-01-03,SKU_28,WH_3,SUP_4,South,575,10,243,375,10.6,14.06,1,0,22,2025,1,3,4,1,21.763227
2025-01-04,SKU_28,WH_3,SUP_4,South,575,10,243,375,10.6,14.06,1,0,22,2025,1,4,5,1,21.714392
2025-01-05,SKU_28,WH_3,SUP_4,South,575,10,243,375,10.6,14.06,1,0,22,2025,1,5,6,1,21.881678
2025-01-06,SKU_28,WH_3,SUP_4,South,575,10,243,375,10.6,14.06,1,0,22,2025,1,6,0,2,21.90975
2025-01-07,SKU_28,WH_3,SUP_4,South,575,10,243,375,10.6,14.06,1,0,22,2025,1,7,1,2,21.894676
2025-01-08,SKU_28,WH_3,SUP_4,South,575,10,243,375,10.6,14.06,1,0,22,2025,1,8,2,2,21.887093
2025-01-09,SKU_28,WH_3,SUP_4,South,575,10,243,375,10.6,14.06,1,0,22,2025,1,9,3,2,21.851933
2025-01-10,SKU_28,WH_3,SUP_4,South,575,10,243,375,10.6,14.06,1,0,22,2025,1,10,4,2,21.863718
2025-01-11,SKU_28,WH_3,SUP_4,South,575,10,243,375,10.6,14.06,1,0,22,2025,1,11,5,2,21.871387
2025-01-12,SKU_28,WH_3,SUP_4,South,575,10,243,375,10.6,14.06,1,0,22,2025,1,12,6,2,21.868435
2025-01-13,SKU_28,WH_3,SUP_4,South,575,10,243,375,10.6,14.06,1,0,22,2025,1,13,0,3,21.558613
2025-01-14,SKU_28,WH_3,SUP_4,South,575,10,243,375,10.6,14.06,1,0,22,2025,1,14,1,3,21.743301
2025-01-15,SKU_28,WH_3,SUP_4,South,575,10,243,375,10.6,14.06,1,0,22,2025,1,15,2,3,21.529825
2025-01-16,SKU_28,WH_3,SUP_4,South,575,10,243,375,10.6,14.06,1,0,22,2025,1,16,3,3,21.55165
2025-01-17,SKU_28,WH_3,SUP_4,South,575,10,243,375,10.6,14.06,1,0,22,2025,1,17,4,3,21.787716
2025-01-18,SKU_28,WH_3,SUP_4,South,575,10,243,375,10.6,14.06,1,0,22,2025,1,18,5,3,21.809118
2025-01-19,SKU_28,WH_3,SUP_4,South,575,10,243,375,10.6,14.06,1,0,22,2025,1,19,6,3,21.847567
2025-01-20,SKU_28,WH_3,SUP_4,South,575,10,243,375,10.6,14.06,1,0,22,2025,1,20,0,4,21.588057
2025-01-21,SKU_28,WH_3,SUP_4,South,575,10,243,375,10.6,14.06,1,0,22,2025,1,21,1,4,21.968172
2025-01-22,SKU_28,WH_3,SUP_4,South,575,10,243,375,10.6,14.06,1,0,22,2025,1,22,2,4,21.99766
2025-01-23,SKU_28,WH_3,SUP_4,South,575,10,243,375,10.6,14.06,1,0,22,2025,1,23,3,4,21.99728
2025-01-24,SKU_28,WH_3,SUP_4,South,575,10,243,375,10.6,14.06,1,0,22,2025,1,24,4,4,22.091553
2025-01-25,SKU_28,WH_3,SUP_4,South,575,10,243,375,10.6,14.06,1,0,22,2025,1,25,5,4,22.13467
2025-01-26,SKU_28,WH_3,SUP_4,South,575,10,243,375,10.6,14.06,1,0,22,2025,1,26,6,4,22.19607
2025-01-27,SKU_28,WH_3,SUP_4,South,575,10,243,375,10.6,14.06,1,0,22,2025,1,27,0,5,21.88568
2025-01-28,SKU_28,WH_3,SUP_4,South,575,10,243,375,10.6,14.06,1,0,22,2025,1,28,1,5,21.962772
2025-01-29,SKU_28,WH_3,SUP_4,South,575,10,243,375,10.6,14.06,1,0,22,2025,1,29,2,5,21.85215
2024-12-31,SKU_28,WH_2,SUP_8,North,547,2,392,0,13.98,19.33,0,0,15,2024,12,31,1,1,14.737815
2025-01-01,SKU_28,WH_2,SUP_8,North,547,2,392,0,13.98,19.33,0,0,15,2025,1,1,2,1,14.977825
2025-01-02,SKU_28,WH_2,SUP_8,North,547,2,392,0,13.98,19.33,0,0,15,2025,1,2,3,1,14.753728
2025-01-03,SKU_28,WH_2,SUP_8,North,547,2,392,0,13.98,19.33,0,0,15,2025,1,3,4,1,14.823671
2025-01-04,SKU_28,WH_2,SUP_8,North,547,2,392,0,13.98,19.33,0,0,15,2025,1,4,5,1,14.960246
2025-01-05,SKU_28,WH_2,SUP_8,North,547,2,392,0,13.98,19.33,0,0,15,2025,1,5,6,1,14.890718
2025-01-06,SKU_28,WH_2,SUP_8,North,547,2,392,0,13.98,19.33,0,0,15,2025,1,6,0,2,15.046672
2025-01-07,SKU_28,WH_2,SUP_8,North,547,2,392,0,13.98,19.33,0,0,15,2025,1,7,1,2,14.846477
2025-01-08,SKU_28,WH_2,SUP_8,North,547,2,392,0,13.98,19.33,0,0,15,2025,1,8,2,2,14.947973
2025-01-09,SKU_28,WH_2,SUP_8,North,547,2,392,0,13.98,19.33,0,0,15,2025,1,9,3,2,14.963633
2025-01-10,SKU_28,WH_2,SUP_8,North,547,2,392,0,13.98,19.33,0,0,15,2025,1,10,4,2,15.110127
2025-01-11,SKU_28,WH_2,SUP_8,North,547,2,392,0,13.98,19.33,0,0,15,2025,1,11,5,2,15.127877
2025-01-12,SKU_28,WH_2,SUP_8,North,547,2,392,0,13.98,19.33,0,0,15,2025,1,12,6,2,15.050396
2025-01-13,SKU_28,WH_2,SUP_8,North,547,2,392,0,13.98,19.33,0,0,15,2025,1,13,0,3,15.06592
2025-01-14,SKU_28,WH_2,SUP_8,North,547,2,392,0,13.98,19.33,0,0,15,2025,1,14,1,3,14.846904
2025-01-15,SKU_28,WH_2,SUP_8,North,547,2,392,0,13.98,19.33,0,0,15,2025,1,15,2,3,14.842661
2025-01-16,SKU_28,WH_2,SUP_8,North,547,2,392,0,13.98,19.33,0,0,15,2025,1,16,3,3,14.851332
2025-01-17,SKU_28,WH_2,SUP_8,North,547,2,392,0,13.98,19.33,0,0,15,2025,1,17,4,3,14.938207
2025-01-18,SKU_28,WH_2,SUP_8,North,547,2,392,0,13.98,19.33,0,0,15,2025,1,18,5,3,15.052981
2025-01-19,SKU_28,WH_2,SUP_8,North,547,2,392,0,13.98,19.33,0,0,15,2025,1,19,6,3,14.987231
2025-01-20,SKU_28,WH_2,SUP_8,North,547,2,392,0,13.98,19.33,0,0,15,2025,1,20,0,4,15.016286
2025-01-21,SKU_28,WH_2,SUP_8,North,547,2,392,0,13.98,19.33,0,0,15,2025,1,21,1,4,14.785317
2025-01-22,SKU_28,WH_2,SUP_8,North,547,2,392,0,13.98,19.33,0,0,15,2025,1,22,2,4,14.767523
2025-01-23,SKU_28,WH_2,SUP_8,North,547,2,392,0,13.98,19.33,0,0,15,2025,1,23,3,4,14.848194
2025-01-24,SKU_28,WH_2,SUP_8,North,547,2,392,0,13.98,19.33,0,0,15,2025,1,24,4,4,14.767805
2025-01-25,SKU_28,WH_2,SUP_8,North,547,2,392,0,13.98,19.33,0,0,15,2025,1,25,5,4,14.800568
2025-01-26,SKU_28,WH_2,SUP_8,North,547,2,392,0,13.98,19.33,0,0,15,2025,1,26,6,4,14.766088
2025-01-27,SKU_28,WH_2,SUP_8,North,547,2,392,0,13.98,19.33,0,0,15,2025,1,27,0,5,14.863484
2025-01-28,SKU_28,WH_2,SUP_8,North,547,2,392,0,13.98,19.33,0,0,15,2025,1,28,1,5,14.675999
2025-01-29,SKU_28,WH_2,SUP_8,North,547,2,392,0,13.98,19.33,0,0,15,2025,1,29,2,5,14.6638565
2024-12-31,SKU_28,WH_1,SUP_2,East,645,10,208,0,9.26,11.65,0,0,19,2024,12,31,1,1,18.93411
2025-01-01,SKU_28,WH_1,SUP_2,East,645,10,208,0,9.26,11.65,0,0,19,2025,1,1,2,1,19.606537
2025-01-02,SKU_28,WH_1,SUP_2,East,645,10,208,0,9.26,11.65,0,0,19,2025,1,2,3,1,19.675205
2025-01-03,SKU_28,WH_1,SUP_2,East,645,10,208,0,9.26,11.65,0,0,19,2025,1,3,4,1,19.722462
2025-01-04,SKU_28,WH_1,SUP_2,East,645,10,208,0,9.26,11.65,0,0,19,2025,1,4,5,1,19.799475
2025-01-05,SKU_28,WH_1,SUP_2,East,645,10,208,0,9.26,11.65,0,0,19,2025,1,5,6,1,19.65559
2025-01-06,SKU_28,WH_1,SUP_2,East,645,10,208,0,9.26,11.65,0,0,19,2025,1,6,0,2,19.481071
2025-01-07,SKU_28,WH_1,SUP_2,East,645,10,208,0,9.26,11.65,0,0,19,2025,1,7,1,2,19.437094
2025-01-08,SKU_28,WH_1,SUP_2,East,645,10,208,0,9.26,11.65,0,0,19,2025,1,8,2,2,19.569374
2025-01-09,SKU_28,WH_1,SUP_2,East,645,10,208,0,9.26,11.65,0,0,19,2025,1,9,3,2,19.607616
2025-01-10,SKU_28,WH_1,SUP_2,East,645,10,208,0,9.26,11.65,0,0,19,2025,1,10,4,2,19.63733
2025-01-11,SKU_28,WH_1,SUP_2,East,645,10,208,0,9.26,11.65,0,0,19,2025,1,11,5,2,19.64526
2025-01-12,SKU_28,WH_1,SUP_2,East,645,10,208,0,9.26,11.65,0,0,19,2025,1,12,6,2,19.58496
2025-01-13,SKU_28,WH_1,SUP_2,East,645,10,208,0,9.26,11.65,0,0,19,2025,1,13,0,3,19.524984
2025-01-14,SKU_28,WH_1,SUP_2,East,645,10,208,0,9.26,11.65,0,0,19,2025,1,14,1,3,19.644745
2025-01-15,SKU_28,WH_1,SUP_2,East,645,10,208,0,9.26,11.65,0,0,19,2025,1,15,2,3,19.680859
2025-01-16,SKU_28,WH_1,SUP_2,East,645,10,208,0,9.26,11.65,0,0,19,2025,1,16,3,3,19.75217
2025-01-17,SKU_28,WH_1,SUP_2,East,645,10,208,0,9.26,11.65,0,0,19,2025,1,17,4,3,19.712667
2025-01-18,SKU_28,WH_1,SUP_2,East,645,10,208,0,9.26,11.65,0,0,19,2025,1,18,5,3,19.846783
2025-01-19,SKU_28,WH_1,SUP_2,East,645,10,208,0,9.26,11.65,0,0,19,2025,1,19,6,3,19.81423
2025-01-20,SKU_28,WH_1,SUP_2,East,645,10,208,0,9.26,11.65,0,0,19,2025,1,20,0,4,19.249983
2025-01-21,SKU_28,WH_1,SUP_2,East,645,10,208,0,9.26,11.65,0,0,19,2025,1,21,1,4,19.247822
2025-01-22,SKU_28,WH_1,SUP_2,East,645,10,208,0,9.26,11.65,0,0,19,2025,1,22,2,4,19.264505
2025-01-23,SKU_28,WH_1,SUP_2,East,645,10,208,0,9.26,11.65,0,0,19,2025,1,23,3,4,19.356897
2025-01-24,SKU_28,WH_1,SUP_2,East,645,10,208,0,9.26,11.65,0,0,19,2025,1,24,4,4,19.401628
2025-01-25,SKU_28,WH_1,SUP_2,East,645,10,208,0,9.26,11.65,0,0,19,2025,1,25,5,4,19.44937
2025-01-26,SKU_28,WH_1,SUP_2,East,645,10,208,0,9.26,11.65,0,0,19,2025,1,26,6,4,19.416945
2025-01-27,SKU_28,WH_1,SUP_2,East,645,10,208,0,9.26,11.65,0,0,19,2025,1,27,0,5,18.65771
2025-01-28,SKU_28,WH_1,SUP_2,East,645,10,208,0,9.26,11.65,0,0,19,2025,1,28,1,5,18.697592
2025-01-29,SKU_28,WH_1,SUP_2,East,645,10,208,0,9.26,11.65,0,0,19,2025,1,29,2,5,18.563425
2024-12-31,SKU_27,WH_5,SUP_2,West,467,2,353,0,17.89,25.71,0,0,13,2024,12,31,1,1,12.313974
2025-01-01,SKU_27,WH_5,SUP_2,West,467,2,353,0,17.89,25.71,0,0,13,2025,1,1,2,1,12.728968
2025-01-02,SKU_27,WH_5,SUP_2,West,467,2,353,0,17.89,25.71,0,0,13,2025,1,2,3,1,12.66122
2025-01-03,SKU_27,WH_5,SUP_2,West,467,2,353,0,17.89,25.71,0,0,13,2025,1,3,4,1,12.74539
2025-01-04,SKU_27,WH_5,SUP_2,West,467,2,353,0,17.89,25.71,0,0,13,2025,1,4,5,1,12.880526
2025-01-05,SKU_27,WH_5,SUP_2,West,467,2,353,0,17.89,25.71,0,0,13,2025,1,5,6,1,12.8093815
2025-01-06,SKU_27,WH_5,SUP_2,West,467,2,353,0,17.89,25.71,0,0,13,2025,1,6,0,2,12.773828
2025-01-07,SKU_27,WH_5,SUP_2,West,467,2,353,0,17.89,25.71,0,0,13,2025,1,7,1,2,12.734566
2025-01-08,SKU_27,WH_5,SUP_2,West,467,2,353,0,17.89,25.71,0,0,13,2025,1,8,2,2,12.7958975
2025-01-09,SKU_27,WH_5,SUP_2,West,467,2,353,0,17.89,25.71,0,0,13,2025,1,9,3,2,12.833295
2025-01-10,SKU_27,WH_5,SUP_2,West,467,2,353,0,17.89,25.71,0,0,13,2025,1,10,4,2,12.870312
2025-01-11,SKU_27,WH_5,SUP_2,West,467,2,353,0,17.89,25.71,0,0,13,2025,1,11,5,2,12.884653
2025-01-12,SKU_27,WH_5,SUP_2,West,467,2,353,0,17.89,25.71,0,0,13,2025,1,12,6,2,12.818119
2025-01-13,SKU_27,WH_5,SUP_2,West,467,2,353,0,17.89,25.71,0,0,13,2025,1,13,0,3,12.775075
2025-01-14,SKU_27,WH_5,SUP_2,West,467,2,353,0,17.89,25.71,0,0,13,2025,1,14,1,3,12.811425
2025-01-15,SKU_27,WH_5,SUP_2,West,467,2,353,0,17.89,25.71,0,0,13,2025,1,15,2,3,12.809667
2025-01-16,SKU_27,WH_5,SUP_2,West,467,2,353,0,17.89,25.71,0,0,13,2025,1,16,3,3,12.850443
2025-01-17,SKU_27,WH_5,SUP_2,West,467,2,353,0,17.89,25.71,0,0,13,2025,1,17,4,3,12.878007
2025-01-18,SKU_27,WH_5,SUP_2,West,467,2,353,0,17.89,25.71,0,0,13,2025,1,18,5,3,13.030309
2025-01-19,SKU_27,WH_5,SUP_2,West,467,2,353,0,17.89,25.71,0,0,13,2025,1,19,6,3,12.959165
2025-01-20,SKU_27,WH_5,SUP_2,West,467,2,353,0,17.89,25.71,0,0,13,2025,1,20,0,4,12.864565
2025-01-21,SKU_27,WH_5,SUP_2,West,467,2,353,0,17.89,25.71,0,0,13,2025,1,21,1,4,12.916383
2025-01-22,SKU_27,WH_5,SUP_2,West,467,2,353,0,17.89,25.71,0,0,13,2025,1,22,2,4,12.915937
2025-01-23,SKU_27,WH_5,SUP_2,West,467,2,353,0,17.89,25.71,0,0,13,2025,1,23,3,4,13.007749
2025-01-24,SKU_27,WH_5,SUP_2,West,467,2,353,0,17.89,25.71,0,0,13,2025,1,24,4,4,12.892007
2025-01-25,SKU_27,WH_5,SUP_2,West,467,2,353,0,17.89,25.71,0,0,13,2025,1,25,5,4,12.947663
2025-01-26,SKU_27,WH_5,SUP_2,West,467,2,353,0,17.89,25.71,0,0,13,2025,1,26,6,4,12.899291
2025-01-27,SKU_27,WH_5,SUP_2,West,467,2,353,0,17.89,25.71,0,0,13,2025,1,27,0,5,12.889966
2025-01-28,SKU_27,WH_5,SUP_2,West,467,2,353,0,17.89,25.71,0,0,13,2025,1,28,1,5,12.985266
2025-01-29,SKU_27,WH_5,SUP_2,West,467,2,353,0,17.89,25.71,0,0,13,2025,1,29,2,5,13.034882
2024-12-31,SKU_27,WH_4,SUP_4,East,315,14,289,0,13.84,20.65,0,0,26,2024,12,31,1,1,25.38911
2025-01-01,SKU_27,WH_4,SUP_4,East,315,14,289,0,13.84,20.65,0,0,26,2025,1,1,2,1,25.153553
2025-01-02,SKU_27,WH_4,SUP_4,East,315,14,289,0,13.84,20.65,0,0,26,2025,1,2,3,1,25.173304
2025-01-03,SKU_27,WH_4,SUP_4,East,315,14,289,0,13.84,20.65,0,0,26,2025,1,3,4,1,25.298973
2025-01-04,SKU_27,WH_4,SUP_4,East,315,14,289,0,13.84,20.65,0,0,26,2025,1,4,5,1,25.466673
2025-01-05,SKU_27,WH_4,SUP_4,East,315,14,289,0,13.84,20.65,0,0,26,2025,1,5,6,1,25.476288
2025-01-06,SKU_27,WH_4,SUP_4,East,315,14,289,0,13.84,20.65,0,0,26,2025,1,6,0,2,25.322165
2025-01-07,SKU_27,WH_4,SUP_4,East,315,14,289,0,13.84,20.65,0,0,26,2025,1,7,1,2,25.376307
2025-01-08,SKU_27,WH_4,SUP_4,East,315,14,289,0,13.84,20.65,0,0,26,2025,1,8,2,2,25.319653
2025-01-09,SKU_27,WH_4,SUP_4,East,315,14,289,0,13.84,20.65,0,0,26,2025,1,9,3,2,25.307562
2025-01-10,SKU_27,WH_4,SUP_4,East,315,14,289,0,13.84,20.65,0,0,26,2025,1,10,4,2,25.314795
2025-01-11,SKU_27,WH_4,SUP_4,East,315,14,289,0,13.84,20.65,0,0,26,2025,1,11,5,2,25.434458
2025-01-12,SKU_27,WH_4,SUP_4,East,315,14,289,0,13.84,20.65,0,0,26,2025,1,12,6,2,25.413649
2025-01-13,SKU_27,WH_4,SUP_4,East,315,14,289,0,13.84,20.65,0,0,26,2025,1,13,0,3,25.398865
2025-01-14,SKU_27,WH_4,SUP_4,East,315,14,289,0,13.84,20.65,0,0,26,2025,1,14,1,3,25.485859
2025-01-15,SKU_27,WH_4,SUP_4,East,315,14,289,0,13.84,20.65,0,0,26,2025,1,15,2,3,25.510534
2025-01-16,SKU_27,WH_4,SUP_4,East,315,14,289,0,13.84,20.65,0,0,26,2025,1,16,3,3,25.521723
2025-01-17,SKU_27,WH_4,SUP_4,East,315,14,289,0,13.84,20.65,0,0,26,2025,1,17,4,3,25.557323
2025-01-18,SKU_27,WH_4,SUP_4,East,315,14,289,0,13.84,20.65,0,0,26,2025,1,18,5,3,25.714758
2025-01-19,SKU_27,WH_4,SUP_4,East,315,14,289,0,13.84,20.65,0,0,26,2025,1,19,6,3,25.72762
2025-01-20,SKU_27,WH_4,SUP_4,East,315,14,289,0,13.84,20.65,0,0,26,2025,1,20,0,4,25.637012
2025-01-21,SKU_27,WH_4,SUP_4,East,315,14,289,0,13.84,20.65,0,0,26,2025,1,21,1,4,25.667862
2025-01-22,SKU_27,WH_4,SUP_4,East,315,14,289,0,13.84,20.65,0,0,26,2025,1,22,2,4,25.672789
2025-01-23,SKU_27,WH_4,SUP_4,East,315,14,289,0,13.84,20.65,0,0,26,2025,1,23,3,4,25.660698
2025-01-24,SKU_27,WH_4,SUP_4,East,315,14,289,0,13.84,20.65,0,0,26,2025,1,24,4,4,25.649693
2025-01-25,SKU_27,WH_4,SUP_4,East,315,14,289,0,13.84,20.65,0,0,26,2025,1,25,5,4,25.706404
2025-01-26,SKU_27,WH_4,SUP_4,East,315,14,289,0,13.84,20.65,0,0,26,2025,1,26,6,4,25.775032
2025-01-27,SKU_27,WH_4,SUP_4,East,315,14,289,0,13.84,20.65,0,0,26,2025,1,27,0,5,25.703606
2025-01-28,SKU_27,WH_4,SUP_4,East,315,14,289,0,13.84,20.65,0,0,26,2025,1,28,1,5,25.772984
2025-01-29,SKU_27,WH_4,SUP_4,East,315,14,289,0,13.84,20.65,0,0,26,2025,1,29,2,5,25.84066
2024-12-31,SKU_27,WH_3,SUP_3,East,568,3,296,0,9.18,15.91,1,0,42,2024,12,31,1,1,40.71274
2025-01-01,SKU_27,WH_3,SUP_3,East,568,3,296,0,9.18,15.91,1,0,42,2025,1,1,2,1,40.352764
2025-01-02,SKU_27,WH_3,SUP_3,East,568,3,296,0,9.18,15.91,1,0,42,2025,1,2,3,1,40.354794
2025-01-03,SKU_27,WH_3,SUP_3,East,568,3,296,0,9.18,15.91,1,0,42,2025,1,3,4,1,40.328
2025-01-04,SKU_27,WH_3,SUP_3,East,568,3,296,0,9.18,15.91,1,0,42,2025,1,4,5,1,40.60696
2025-01-05,SKU_27,WH_3,SUP_3,East,568,3,296,0,9.18,15.91,1,0,42,2025,1,5,6,1,40.762753
2025-01-06,SKU_27,WH_3,SUP_3,East,568,3,296,0,9.18,15.91,1,0,42,2025,1,6,0,2,41.28019
2025-01-07,SKU_27,WH_3,SUP_3,East,568,3,296,0,9.18,15.91,1,0,42,2025,1,7,1,2,41.23998
2025-01-08,SKU_27,WH_3,SUP_3,East,568,3,296,0,9.18,15.91,1,0,42,2025,1,8,2,2,41.177116
2025-01-09,SKU_27,WH_3,SUP_3,East,568,3,296,0,9.18,15.91,1,0,42,2025,1,9,3,2,41.12464
2025-01-10,SKU_27,WH_3,SUP_3,East,568,3,296,0,9.18,15.91,1,0,42,2025,1,10,4,2,41.1428
2025-01-11,SKU_27,WH_3,SUP_3,East,568,3,296,0,9.18,15.91,1,0,42,2025,1,11,5,2,41.144157
2025-01-12,SKU_27,WH_3,SUP_3,East,568,3,296,0,9.18,15.91,1,0,42,2025,1,12,6,2,41.16689
2025-01-13,SKU_27,WH_3,SUP_3,East,568,3,296,0,9.18,15.91,1,0,42,2025,1,13,0,3,41.449474
2025-01-14,SKU_27,WH_3,SUP_3,East,568,3,296,0,9.18,15.91,1,0,42,2025,1,14,1,3,41.357853
2025-01-15,SKU_27,WH_3,SUP_3,East,568,3,296,0,9.18,15.91,1,0,42,2025,1,15,2,3,41.567745
2025-01-16,SKU_27,WH_3,SUP_3,East,568,3,296,0,9.18,15.91,1,0,42,2025,1,16,3,3,41.52816
2025-01-17,SKU_27,WH_3,SUP_3,East,568,3,296,0,9.18,15.91,1,0,42,2025,1,17,4,3,41.820297
2025-01-18,SKU_27,WH_3,SUP_3,East,568,3,296,0,9.18,15.91,1,0,42,2025,1,18,5,3,41.826893
2025-01-19,SKU_27,WH_3,SUP_3,East,568,3,296,0,9.18,15.91,1,0,42,2025,1,19,6,3,41.703705
2025-01-20,SKU_27,WH_3,SUP_3,East,568,3,296,0,9.18,15.91,1,0,42,2025,1,20,0,4,41.74949
2025-01-21,SKU_27,WH_3,SUP_3,East,568,3,296,0,9.18,15.91,1,0,42,2025,1,21,1,4,41.629982
2025-01-22,SKU_27,WH_3,SUP_3,East,568,3,296,0,9.18,15.91,1,0,42,2025,1,22,2,4,41.66043
2025-01-23,SKU_27,WH_3,SUP_3,East,568,3,296,0,9.18,15.91,1,0,42,2025,1,23,3,4,41.58016
2025-01-24,SKU_27,WH_3,SUP_3,East,568,3,296,0,9.18,15.91,1,0,42,2025,1,24,4,4,41.57861
2025-01-25,SKU_27,WH_3,SUP_3,East,568,3,296,0,9.18,15.91,1,0,42,2025,1,25,5,4,41.587357
2025-01-26,SKU_27,WH_3,SUP_3,East,568,3,296,0,9.18,15.91,1,0,42,2025,1,26,6,4,41.6336
2025-01-27,SKU_27,WH_3,SUP_3,East,568,3,296,0,9.18,15.91,1,0,42,2025,1,27,0,5,41.84388
2025-01-28,SKU_27,WH_3,SUP_3,East,568,3,296,0,9.18,15.91,1,0,42,2025,1,28,1,5,41.71756
2025-01-29,SKU_27,WH_3,SUP_3,East,568,3,296,0,9.18,15.91,1,0,42,2025,1,29,2,5,41.642727
2024-12-31,SKU_27,WH_2,SUP_6,South,464,4,223,0,16.3,21.54,0,0,16,2024,12,31,1,1,15.972424
2025-01-01,SKU_27,WH_2,SUP_6,South,464,4,223,0,16.3,21.54,0,0,16,2025,1,1,2,1,16.027657
2025-01-02,SKU_27,WH_2,SUP_6,South,464,4,223,0,16.3,21.54,0,0,16,2025,1,2,3,1,16.129404
2025-01-03,SKU_27,WH_2,SUP_6,South,464,4,223,0,16.3,21.54,0,0,16,2025,1,3,4,1,16.228338
2025-01-04,SKU_27,WH_2,SUP_6,South,464,4,223,0,16.3,21.54,0,0,16,2025,1,4,5,1,16.283401
2025-01-05,SKU_27,WH_2,SUP_6,South,464,4,223,0,16.3,21.54,0,0,16,2025,1,5,6,1,16.318615
2025-01-06,SKU_27,WH_2,SUP_6,South,464,4,223,0,16.3,21.54,0,0,16,2025,1,6,0,2,16.213541
2025-01-07,SKU_27,WH_2,SUP_6,South,464,4,223,0,16.3,21.54,0,0,16,2025,1,7,1,2,16.156294
2025-01-08,SKU_27,WH_2,SUP_6,South,464,4,223,0,16.3,21.54,0,0,16,2025,1,8,2,2,16.190098
2025-01-09,SKU_27,WH_2,SUP_6,South,464,4,223,0,16.3,21.54,0,0,16,2025,1,9,3,2,16.177616
2025-01-10,SKU_27,WH_2,SUP_6,South,464,4,223,0,16.3,21.54,0,0,16,2025,1,10,4,2,16.195267
2025-01-11,SKU_27,WH_2,SUP_6,South,464,4,223,0,16.3,21.54,0,0,16,2025,1,11,5,2,16.209608
2025-01-12,SKU_27,WH_2,SUP_6,South,464,4,223,0,16.3,21.54,0,0,16,2025,1,12,6,2,16.236868
2025-01-13,SKU_27,WH_2,SUP_6,South,464,4,223,0,16.3,21.54,0,0,16,2025,1,13,0,3,16.128613
2025-01-14,SKU_27,WH_2,SUP_6,South,464,4,223,0,16.3,21.54,0,0,16,2025,1,14,1,3,16.13162
2025-01-15,SKU_27,WH_2,SUP_6,South,464,4,223,0,16.3,21.54,0,0,16,2025,1,15,2,3,16.092138
2025-01-16,SKU_27,WH_2,SUP_6,South,464,4,223,0,16.3,21.54,0,0,16,2025,1,16,3,3,16.141994
2025-01-17,SKU_27,WH_2,SUP_6,South,464,4,223,0,16.3,21.54,0,0,16,2025,1,17,4,3,16.209688
2025-01-18,SKU_27,WH_2,SUP_6,South,464,4,223,0,16.3,21.54,0,0,16,2025,1,18,5,3,16.359476
2025-01-19,SKU_27,WH_2,SUP_6,South,464,4,223,0,16.3,21.54,0,0,16,2025,1,19,6,3,16.326107
2025-01-20,SKU_27,WH_2,SUP_6,South,464,4,223,0,16.3,21.54,0,0,16,2025,1,20,0,4,16.043114
2025-01-21,SKU_27,WH_2,SUP_6,South,464,4,223,0,16.3,21.54,0,0,16,2025,1,21,1,4,16.09363
2025-01-22,SKU_27,WH_2,SUP_6,South,464,4,223,0,16.3,21.54,0,0,16,2025,1,22,2,4,16.03472
2025-01-23,SKU_27,WH_2,SUP_6,South,464,4,223,0,16.3,21.54,0,0,16,2025,1,23,3,4,16.061295
2025-01-24,SKU_27,WH_2,SUP_6,South,464,4,223,0,16.3,21.54,0,0,16,2025,1,24,4,4,16.036102
2025-01-25,SKU_27,WH_2,SUP_6,South,464,4,223,0,16.3,21.54,0,0,16,2025,1,25,5,4,16.085695
2025-01-26,SKU_27,WH_2,SUP_6,South,464,4,223,0,16.3,21.54,0,0,16,2025,1,26,6,4,16.056
2025-01-27,SKU_27,WH_2,SUP_6,South,464,4,223,0,16.3,21.54,0,0,16,2025,1,27,0,5,16.044033
2025-01-28,SKU_27,WH_2,SUP_6,South,464,4,223,0,16.3,21.54,0,0,16,2025,1,28,1,5,16.027643
2025-01-29,SKU_27,WH_2,SUP_6,South,464,4,223,0,16.3,21.54,0,0,16,2025,1,29,2,5,15.988164
2024-12-31,SKU_27,WH_1,SUP_6,West,673,2,389,0,5.89,7.48,0,0,22,2024,12,31,1,1,21.92641
2025-01-01,SKU_27,WH_1,SUP_6,West,673,2,389,0,5.89,7.48,0,0,22,2025,1,1,2,1,21.898125
2025-01-02,SKU_27,WH_1,SUP_6,West,673,2,389,0,5.89,7.48,0,0,22,2025,1,2,3,1,21.714169
2025-01-03,SKU_27,WH_1,SUP_6,West,673,2,389,0,5.89,7.48,0,0,22,2025,1,3,4,1,21.762016
2025-01-04,SKU_27,WH_1,SUP_6,West,673,2,389,0,5.89,7.48,0,0,22,2025,1,4,5,1,21.660551
2025-01-05,SKU_27,WH_1,SUP_6,West,673,2,389,0,5.89,7.48,0,0,22,2025,1,5,6,1,21.641438
2025-01-06,SKU_27,WH_1,SUP_6,West,673,2,389,0,5.89,7.48,0,0,22,2025,1,6,0,2,21.992035
2025-01-07,SKU_27,WH_1,SUP_6,West,673,2,389,0,5.89,7.48,0,0,22,2025,1,7,1,2,21.933174
2025-01-08,SKU_27,WH_1,SUP_6,West,673,2,389,0,5.89,7.48,0,0,22,2025,1,8,2,2,21.98347
2025-01-09,SKU_27,WH_1,SUP_6,West,673,2,389,0,5.89,7.48,0,0,22,2025,1,9,3,2,21.983572
2025-01-10,SKU_27,WH_1,SUP_6,West,673,2,389,0,5.89,7.48,0,0,22,2025,1,10,4,2,21.976229
2025-01-11,SKU_27,WH_1,SUP_6,West,673,2,389,0,5.89,7.48,0,0,22,2025,1,11,5,2,21.88543
2025-01-12,SKU_27,WH_1,SUP_6,West,673,2,389,0,5.89,7.48,0,0,22,2025,1,12,6,2,21.870996
2025-01-13,SKU_27,WH_1,SUP_6,West,673,2,389,0,5.89,7.48,0,0,22,2025,1,13,0,3,22.167768
2025-01-14,SKU_27,WH_1,SUP_6,West,673,2,389,0,5.89,7.48,0,0,22,2025,1,14,1,3,22.105692
2025-01-15,SKU_27,WH_1,SUP_6,West,673,2,389,0,5.89,7.48,0,0,22,2025,1,15,2,3,22.097662
2025-01-16,SKU_27,WH_1,SUP_6,West,673,2,389,0,5.89,7.48,0,0,22,2025,1,16,3,3,22.123323
2025-01-17,SKU_27,WH_1,SUP_6,West,673,2,389,0,5.89,7.48,0,0,22,2025,1,17,4,3,22.112597
2025-01-18,SKU_27,WH_1,SUP_6,West,673,2,389,0,5.89,7.48,0,0,22,2025,1,18,5,3,22.117422
2025-01-19,SKU_27,WH_1,SUP_6,West,673,2,389,0,5.89,7.48,0,0,22,2025,1,19,6,3,22.114721
2025-01-20,SKU_27,WH_1,SUP_6,West,673,2,389,0,5.89,7.48,0,0,22,2025,1,20,0,4,21.996685
2025-01-21,SKU_27,WH_1,SUP_6,West,673,2,389,0,5.89,7.48,0,0,22,2025,1,21,1,4,21.94353
2025-01-22,SKU_27,WH_1,SUP_6,West,673,2,389,0,5.89,7.48,0,0,22,2025,1,22,2,4,21.924828
2025-01-23,SKU_27,WH_1,SUP_6,West,673,2,389,0,5.89,7.48,0,0,22,2025,1,23,3,4,21.979393
2025-01-24,SKU_27,WH_1,SUP_6,West,673,2,389,0,5.89,7.48,0,0,22,2025,1,24,4,4,21.725346
2025-01-25,SKU_27,WH_1,SUP_6,West,673,2,389,0,5.89,7.48,0,0,22,2025,1,25,5,4,21.636236
2025-01-26,SKU_27,WH_1,SUP_6,West,673,2,389,0,5.89,7.48,0,0,22,2025,1,26,6,4,21.661583
2025-01-27,SKU_27,WH_1,SUP_6,West,673,2,389,0,5.89,7.48,0,0,22,2025,1,27,0,5,21.714735
2025-01-28,SKU_27,WH_1,SUP_6,West,673,2,389,0,5.89,7.48,0,0,22,2025,1,28,1,5,21.65323
2025-01-29,SKU_27,WH_1,SUP_6,West,673,2,389,0,5.89,7.48,0,0,22,2025,1,29,2,5,21.640182
2024-12-31,SKU_26,WH_5,SUP_10,East,399,4,393,0,17.15,27.81,1,0,33,2024,12,31,1,1,32.7246
2025-01-01,SKU_26,WH_5,SUP_10,East,399,4,393,0,17.15,27.81,1,0,33,2025,1,1,2,1,31.673485
2025-01-02,SKU_26,WH_5,SUP_10,East,399,4,393,0,17.15,27.81,1,0,33,2025,1,2,3,1,32.101192
2025-01-03,SKU_26,WH_5,SUP_10,East,399,4,393,0,17.15,27.81,1,0,33,2025,1,3,4,1,33.070072
2025-01-04,SKU_26,WH_5,SUP_10,East,399,4,393,0,17.15,27.81,1,0,33,2025,1,4,5,1,33.100807
2025-01-05,SKU_26,WH_5,SUP_10,East,399,4,393,0,17.15,27.81,1,0,33,2025,1,5,6,1,33.282265
2025-01-06,SKU_26,WH_5,SUP_10,East,399,4,393,0,17.15,27.81,1,0,33,2025,1,6,0,2,32.828472
2025-01-07,SKU_26,WH_5,SUP_10,East,399,4,393,0,17.15,27.81,1,0,33,2025,1,7,1,2,32.88787
2025-01-08,SKU_26,WH_5,SUP_10,East,399,4,393,0,17.15,27.81,1,0,33,2025,1,8,2,2,33.002167
2025-01-09,SKU_26,WH_5,SUP_10,East,399,4,393,0,17.15,27.81,1,0,33,2025,1,9,3,2,33.095116
2025-01-10,SKU_26,WH_5,SUP_10,East,399,4,393,0,17.15,27.81,1,0,33,2025,1,10,4,2,32.956684
2025-01-11,SKU_26,WH_5,SUP_10,East,399,4,393,0,17.15,27.81,1,0,33,2025,1,11,5,2,32.951965
2025-01-12,SKU_26,WH_5,SUP_10,East,399,4,393,0,17.15,27.81,1,0,33,2025,1,12,6,2,32.996796
2025-01-13,SKU_26,WH_5,SUP_10,East,399,4,393,0,17.15,27.81,1,0,33,2025,1,13,0,3,32.783905
2025-01-14,SKU_26,WH_5,SUP_10,East,399,4,393,0,17.15,27.81,1,0,33,2025,1,14,1,3,32.83032
2025-01-15,SKU_26,WH_5,SUP_10,East,399,4,393,0,17.15,27.81,1,0,33,2025,1,15,2,3,33.05744
2025-01-16,SKU_26,WH_5,SUP_10,East,399,4,393,0,17.15,27.81,1,0,33,2025,1,16,3,3,33.095943
2025-01-17,SKU_26,WH_5,SUP_10,East,399,4,393,0,17.15,27.81,1,0,33,2025,1,17,4,3,33.11483
2025-01-18,SKU_26,WH_5,SUP_10,East,399,4,393,0,17.15,27.81,1,0,33,2025,1,18,5,3,33.108944
2025-01-19,SKU_26,WH_5,SUP_10,East,399,4,393,0,17.15,27.81,1,0,33,2025,1,19,6,3,33.00765
2025-01-20,SKU_26,WH_5,SUP_10,East,399,4,393,0,17.15,27.81,1,0,33,2025,1,20,0,4,32.6266
2025-01-21,SKU_26,WH_5,SUP_10,East,399,4,393,0,17.15,27.81,1,0,33,2025,1,21,1,4,32.684956
2025-01-22,SKU_26,WH_5,SUP_10,East,399,4,393,0,17.15,27.81,1,0,33,2025,1,22,2,4,32.802803
2025-01-23,SKU_26,WH_5,SUP_10,East,399,4,393,0,17.15,27.81,1,0,33,2025,1,23,3,4,32.80242
2025-01-24,SKU_26,WH_5,SUP_10,East,399,4,393,0,17.15,27.81,1,0,33,2025,1,24,4,4,32.743134
2025-01-25,SKU_26,WH_5,SUP_10,East,399,4,393,0,17.15,27.81,1,0,33,2025,1,25,5,4,32.79588
2025-01-26,SKU_26,WH_5,SUP_10,East,399,4,393,0,17.15,27.81,1,0,33,2025,1,26,6,4,32.822365
2025-01-27,SKU_26,WH_5,SUP_10,East,399,4,393,0,17.15,27.81,1,0,33,2025,1,27,0,5,32.60102
2025-01-28,SKU_26,WH_5,SUP_10,East,399,4,393,0,17.15,27.81,1,0,33,2025,1,28,1,5,32.66557
2025-01-29,SKU_26,WH_5,SUP_10,East,399,4,393,0,17.15,27.81,1,0,33,2025,1,29,2,5,32.824745
2024-12-31,SKU_26,WH_4,SUP_7,West,509,14,331,0,8.71,13.65,1,0,26,2024,12,31,1,1,25.431719
2025-01-01,SKU_26,WH_4,SUP_7,West,509,14,331,0,8.71,13.65,1,0,26,2025,1,1,2,1,25.416458
2025-01-02,SKU_26,WH_4,SUP_7,West,509,14,331,0,8.71,13.65,1,0,26,2025,1,2,3,1,25.254538
2025-01-03,SKU_26,WH_4,SUP_7,West,509,14,331,0,8.71,13.65,1,0,26,2025,1,3,4,1,25.375776
2025-01-04,SKU_26,WH_4,SUP_7,West,509,14,331,0,8.71,13.65,1,0,26,2025,1,4,5,1,25.44105
2025-01-05,SKU_26,WH_4,SUP_7,West,509,14,331,0,8.71,13.65,1,0,26,2025,1,5,6,1,25.616032
2025-01-06,SKU_26,WH_4,SUP_7,West,509,14,331,0,8.71,13.65,1,0,26,2025,1,6,0,2,25.67425
2025-01-07,SKU_26,WH_4,SUP_7,West,509,14,331,0,8.71,13.65,1,0,26,2025,1,7,1,2,25.747107
2025-01-08,SKU_26,WH_4,SUP_7,West,509,14,331,0,8.71,13.65,1,0,26,2025,1,8,2,2,25.741936
2025-01-09,SKU_26,WH_4,SUP_7,West,509,14,331,0,8.71,13.65,1,0,26,2025,1,9,3,2,25.742037
2025-01-10,SKU_26,WH_4,SUP_7,West,509,14,331,0,8.71,13.65,1,0,26,2025,1,10,4,2,25.766327
2025-01-11,SKU_26,WH_4,SUP_7,West,509,14,331,0,8.71,13.65,1,0,26,2025,1,11,5,2,25.731686
2025-01-12,SKU_26,WH_4,SUP_7,West,509,14,331,0,8.71,13.65,1,0,26,2025,1,12,6,2,25.72785
2025-01-13,SKU_26,WH_4,SUP_7,West,509,14,331,0,8.71,13.65,1,0,26,2025,1,13,0,3,25.362295
2025-01-14,SKU_26,WH_4,SUP_7,West,509,14,331,0,8.71,13.65,1,0,26,2025,1,14,1,3,25.75644
2025-01-15,SKU_26,WH_4,SUP_7,West,509,14,331,0,8.71,13.65,1,0,26,2025,1,15,2,3,26.028442
2025-01-16,SKU_26,WH_4,SUP_7,West,509,14,331,0,8.71,13.65,1,0,26,2025,1,16,3,3,26.050266
2025-01-17,SKU_26,WH_4,SUP_7,West,509,14,331,0,8.71,13.65,1,0,26,2025,1,17,4,3,26.162428
2025-01-18,SKU_26,WH_4,SUP_7,West,509,14,331,0,8.71,13.65,1,0,26,2025,1,18,5,3,26.175758
2025-01-19,SKU_26,WH_4,SUP_7,West,509,14,331,0,8.71,13.65,1,0,26,2025,1,19,6,3,26.200317
2025-01-20,SKU_26,WH_4,SUP_7,West,509,14,331,0,8.71,13.65,1,0,26,2025,1,20,0,4,26.09781
2025-01-21,SKU_26,WH_4,SUP_7,West,509,14,331,0,8.71,13.65,1,0,26,2025,1,21,1,4,26.16719
2025-01-22,SKU_26,WH_4,SUP_7,West,509,14,331,0,8.71,13.65,1,0,26,2025,1,22,2,4,26.200636
2025-01-23,SKU_26,WH_4,SUP_7,West,509,14,331,0,8.71,13.65,1,0,26,2025,1,23,3,4,26.224747
2025-01-24,SKU_26,WH_4,SUP_7,West,509,14,331,0,8.71,13.65,1,0,26,2025,1,24,4,4,26.260923
2025-01-25,SKU_26,WH_4,SUP_7,West,509,14,331,0,8.71,13.65,1,0,26,2025,1,25,5,4,26.29046
2025-01-26,SKU_26,WH_4,SUP_7,West,509,14,331,0,8.71,13.65,1,0,26,2025,1,26,6,4,26.368492
2025-01-27,SKU_26,WH_4,SUP_7,West,509,14,331,0,8.71,13.65,1,0,26,2025,1,27,0,5,26.199083
2025-01-28,SKU_26,WH_4,SUP_7,West,509,14,331,0,8.71,13.65,1,0,26,2025,1,28,1,5,26.251902
2025-01-29,SKU_26,WH_4,SUP_7,West,509,14,331,0,8.71,13.65,1,0,26,2025,1,29,2,5,26.244326
2024-12-31,SKU_26,WH_3,SUP_2,West,508,14,222,0,7.66,9.43,1,0,15,2024,12,31,1,1,14.501032
2025-01-01,SKU_26,WH_3,SUP_2,West,508,14,222,0,7.66,9.43,1,0,15,2025,1,1,2,1,15.045526
2025-01-02,SKU_26,WH_3,SUP_2,West,508,14,222,0,7.66,9.43,1,0,15,2025,1,2,3,1,15.095384
2025-01-03,SKU_26,WH_3,SUP_2,West,508,14,222,0,7.66,9.43,1,0,15,2025,1,3,4,1,15.439269
2025-01-04,SKU_26,WH_3,SUP_2,West,508,14,222,0,7.66,9.43,1,0,15,2025,1,4,5,1,15.504726
2025-01-05,SKU_26,WH_3,SUP_2,West,508,14,222,0,7.66,9.43,1,0,15,2025,1,5,6,1,15.546339
2025-01-06,SKU_26,WH_3,SUP_2,West,508,14,222,0,7.66,9.43,1,0,15,2025,1,6,0,2,15.30214
2025-01-07,SKU_26,WH_3,SUP_2,West,508,14,222,0,7.66,9.43,1,0,15,2025,1,7,1,2,15.343084
2025-01-08,SKU_26,WH_3,SUP_2,West,508,14,222,0,7.66,9.43,1,0,15,2025,1,8,2,2,15.481811
2025-01-09,SKU_26,WH_3,SUP_2,West,508,14,222,0,7.66,9.43,1,0,15,2025,1,9,3,2,15.63034
2025-01-10,SKU_26,WH_3,SUP_2,West,508,14,222,0,7.66,9.43,1,0,15,2025,1,10,4,2,15.949359
2025-01-11,SKU_26,WH_3,SUP_2,West,508,14,222,0,7.66,9.43,1,0,15,2025,1,11,5,2,15.90976
2025-01-12,SKU_26,WH_3,SUP_2,West,508,14,222,0,7.66,9.43,1,0,15,2025,1,12,6,2,15.817953
2025-01-13,SKU_26,WH_3,SUP_2,West,508,14,222,0,7.66,9.43,1,0,15,2025,1,13,0,3,15.1128845
2025-01-14,SKU_26,WH_3,SUP_2,West,508,14,222,0,7.66,9.43,1,0,15,2025,1,14,1,3,15.428733
2025-01-15,SKU_26,WH_3,SUP_2,West,508,14,222,0,7.66,9.43,1,0,15,2025,1,15,2,3,15.810547
2025-01-16,SKU_26,WH_3,SUP_2,West,508,14,222,0,7.66,9.43,1,0,15,2025,1,16,3,3,15.972141
2025-01-17,SKU_26,WH_3,SUP_2,West,508,14,222,0,7.66,9.43,1,0,15,2025,1,17,4,3,16.354767
2025-01-18,SKU_26,WH_3,SUP_2,West,508,14,222,0,7.66,9.43,1,0,15,2025,1,18,5,3,16.364504
2025-01-19,SKU_26,WH_3,SUP_2,West,508,14,222,0,7.66,9.43,1,0,15,2025,1,19,6,3,16.295523
2025-01-20,SKU_26,WH_3,SUP_2,West,508,14,222,0,7.66,9.43,1,0,15,2025,1,20,0,4,15.690375
2025-01-21,SKU_26,WH_3,SUP_2,West,508,14,222,0,7.66,9.43,1,0,15,2025,1,21,1,4,15.771415
2025-01-22,SKU_26,WH_3,SUP_2,West,508,14,222,0,7.66,9.43,1,0,15,2025,1,22,2,4,15.908499
2025-01-23,SKU_26,WH_3,SUP_2,West,508,14,222,0,7.66,9.43,1,0,15,2025,1,23,3,4,16.091108
2025-01-24,SKU_26,WH_3,SUP_2,West,508,14,222,0,7.66,9.43,1,0,15,2025,1,24,4,4,16.498842
2025-01-25,SKU_26,WH_3,SUP_2,West,508,14,222,0,7.66,9.43,1,0,15,2025,1,25,5,4,16.516142
2025-01-26,SKU_26,WH_3,SUP_2,West,508,14,222,0,7.66,9.43,1,0,15,2025,1,26,6,4,16.426378
2025-01-27,SKU_26,WH_3,SUP_2,West,508,14,222,0,7.66,9.43,1,0,15,2025,1,27,0,5,15.629516
2025-01-28,SKU_26,WH_3,SUP_2,West,508,14,222,0,7.66,9.43,1,0,15,2025,1,28,1,5,15.783246
2025-01-29,SKU_26,WH_3,SUP_2,West,508,14,222,0,7.66,9.43,1,0,15,2025,1,29,2,5,15.428895
2024-12-31,SKU_26,WH_2,SUP_10,South,434,5,273,0,8.5,11.16,0,0,26,2024,12,31,1,1,25.408787
2025-01-01,SKU_26,WH_2,SUP_10,South,434,5,273,0,8.5,11.16,0,0,26,2025,1,1,2,1,25.674213
2025-01-02,SKU_26,WH_2,SUP_10,South,434,5,273,0,8.5,11.16,0,0,26,2025,1,2,3,1,25.659468
2025-01-03,SKU_26,WH_2,SUP_10,South,434,5,273,0,8.5,11.16,0,0,26,2025,1,3,4,1,25.837729
2025-01-04,SKU_26,WH_2,SUP_10,South,434,5,273,0,8.5,11.16,0,0,26,2025,1,4,5,1,25.894161
2025-01-05,SKU_26,WH_2,SUP_10,South,434,5,273,0,8.5,11.16,0,0,26,2025,1,5,6,1,25.903776
2025-01-06,SKU_26,WH_2,SUP_10,South,434,5,273,0,8.5,11.16,0,0,26,2025,1,6,0,2,25.860098
2025-01-07,SKU_26,WH_2,SUP_10,South,434,5,273,0,8.5,11.16,0,0,26,2025,1,7,1,2,25.844225
2025-01-08,SKU_26,WH_2,SUP_10,South,434,5,273,0,8.5,11.16,0,0,26,2025,1,8,2,2,25.927393
2025-01-09,SKU_26,WH_2,SUP_10,South,434,5,273,0,8.5,11.16,0,0,26,2025,1,9,3,2,25.908329
2025-01-10,SKU_26,WH_2,SUP_10,South,434,5,273,0,8.5,11.16,0,0,26,2025,1,10,4,2,25.932951
2025-01-11,SKU_26,WH_2,SUP_10,South,434,5,273,0,8.5,11.16,0,0,26,2025,1,11,5,2,25.935734
2025-01-12,SKU_26,WH_2,SUP_10,South,434,5,273,0,8.5,11.16,0,0,26,2025,1,12,6,2,25.924612
2025-01-13,SKU_26,WH_2,SUP_10,South,434,5,273,0,8.5,11.16,0,0,26,2025,1,13,0,3,25.966055
2025-01-14,SKU_26,WH_2,SUP_10,South,434,5,273,0,8.5,11.16,0,0,26,2025,1,14,1,3,26.032524
2025-01-15,SKU_26,WH_2,SUP_10,South,434,5,273,0,8.5,11.16,0,0,26,2025,1,15,2,3,26.01675
2025-01-16,SKU_26,WH_2,SUP_10,South,434,5,273,0,8.5,11.16,0,0,26,2025,1,16,3,3,26.002949
2025-01-17,SKU_26,WH_2,SUP_10,South,434,5,273,0,8.5,11.16,0,0,26,2025,1,17,4,3,25.985126
2025-01-18,SKU_26,WH_2,SUP_10,South,434,5,273,0,8.5,11.16,0,0,26,2025,1,18,5,3,26.132784
2025-01-19,SKU_26,WH_2,SUP_10,South,434,5,273,0,8.5,11.16,0,0,26,2025,1,19,6,3,26.145645
2025-01-20,SKU_26,WH_2,SUP_10,South,434,5,273,0,8.5,11.16,0,0,26,2025,1,20,0,4,26.058321
2025-01-21,SKU_26,WH_2,SUP_10,South,434,5,273,0,8.5,11.16,0,0,26,2025,1,21,1,4,26.075983
2025-01-22,SKU_26,WH_2,SUP_10,South,434,5,273,0,8.5,11.16,0,0,26,2025,1,22,2,4,26.046947
2025-01-23,SKU_26,WH_2,SUP_10,South,434,5,273,0,8.5,11.16,0,0,26,2025,1,23,3,4,26.034857
2025-01-24,SKU_26,WH_2,SUP_10,South,434,5,273,0,8.5,11.16,0,0,26,2025,1,24,4,4,25.96136
2025-01-25,SKU_26,WH_2,SUP_10,South,434,5,273,0,8.5,11.16,0,0,26,2025,1,25,5,4,26.0121
2025-01-26,SKU_26,WH_2,SUP_10,South,434,5,273,0,8.5,11.16,0,0,26,2025,1,26,6,4,26.055006
2025-01-27,SKU_26,WH_2,SUP_10,South,434,5,273,0,8.5,11.16,0,0,26,2025,1,27,0,5,26.118788
2025-01-28,SKU_26,WH_2,SUP_10,South,434,5,273,0,8.5,11.16,0,0,26,2025,1,28,1,5,26.178724
2025-01-29,SKU_26,WH_2,SUP_10,South,434,5,273,0,8.5,11.16,0,0,26,2025,1,29,2,5,26.130737
2024-12-31,SKU_31,WH_4,SUP_7,North,521,3,257,0,19.66,27.81,0,0,18,2024,12,31,1,1,17.577871
2025-01-01,SKU_31,WH_4,SUP_7,North,521,3,257,0,19.66,27.81,0,0,18,2025,1,1,2,1,17.65606
2025-01-02,SKU_31,WH_4,SUP_7,North,521,3,257,0,19.66,27.81,0,0,18,2025,1,2,3,1,17.937735
2025-01-03,SKU_31,WH_4,SUP_7,North,521,3,257,0,19.66,27.81,0,0,18,2025,1,3,4,1,17.99717
2025-01-04,SKU_31,WH_4,SUP_7,North,521,3,257,0,19.66,27.81,0,0,18,2025,1,4,5,1,18.11093
2025-01-05,SKU_31,WH_4,SUP_7,North,521,3,257,0,19.66,27.81,0,0,18,2025,1,5,6,1,18.06878
2025-01-06,SKU_31,WH_4,SUP_7,North,521,3,257,0,19.66,27.81,0,0,18,2025,1,6,0,2,18.102167
2025-01-07,SKU_31,WH_4,SUP_7,North,521,3,257,0,19.66,27.81,0,0,18,2025,1,7,1,2,18.215572
2025-01-08,SKU_31,WH_4,SUP_7,North,521,3,257,0,19.66,27.81,0,0,18,2025,1,8,2,2,18.282185
2025-01-09,SKU_31,WH_4,SUP_7,North,521,3,257,0,19.66,27.81,0,0,18,2025,1,9,3,2,18.363224
2025-01-10,SKU_31,WH_4,SUP_7,North,521,3,257,0,19.66,27.81,0,0,18,2025,1,10,4,2,18.404917
2025-01-11,SKU_31,WH_4,SUP_7,North,521,3,257,0,19.66,27.81,0,0,18,2025,1,11,5,2,18.361324
2025-01-12,SKU_31,WH_4,SUP_7,North,521,3,257,0,19.66,27.81,0,0,18,2025,1,12,6,2,18.311224
2025-01-13,SKU_31,WH_4,SUP_7,North,521,3,257,0,19.66,27.81,0,0,18,2025,1,13,0,3,18.248402
2025-01-14,SKU_31,WH_4,SUP_7,North,521,3,257,0,19.66,27.81,0,0,18,2025,1,14,1,3,18.403534
2025-01-15,SKU_31,WH_4,SUP_7,North,521,3,257,0,19.66,27.81,0,0,18,2025,1,15,2,3,18.366423
2025-01-16,SKU_31,WH_4,SUP_7,North,521,3,257,0,19.66,27.81,0,0,18,2025,1,16,3,3,18.43144
2025-01-17,SKU_31,WH_4,SUP_7,North,521,3,257,0,19.66,27.81,0,0,18,2025,1,17,4,3,18.399645
2025-01-18,SKU_31,WH_4,SUP_7,North,521,3,257,0,19.66,27.81,0,0,18,2025,1,18,5,3,18.488806
2025-01-19,SKU_31,WH_4,SUP_7,North,521,3,257,0,19.66,27.81,0,0,18,2025,1,19,6,3,18.477703
2025-01-20,SKU_31,WH_4,SUP_7,North,521,3,257,0,19.66,27.81,0,0,18,2025,1,20,0,4,18.139765
2025-01-21,SKU_31,WH_4,SUP_7,North,521,3,257,0,19.66,27.81,0,0,18,2025,1,21,1,4,18.157986
2025-01-22,SKU_31,WH_4,SUP_7,North,521,3,257,0,19.66,27.81,0,0,18,2025,1,22,2,4,18.013296
2025-01-23,SKU_31,WH_4,SUP_7,North,521,3,257,0,19.66,27.81,0,0,18,2025,1,23,3,4,18.080025
2025-01-24,SKU_31,WH_4,SUP_7,North,521,3,257,0,19.66,27.81,0,0,18,2025,1,24,4,4,18.069138
2025-01-25,SKU_31,WH_4,SUP_7,North,521,3,257,0,19.66,27.81,0,0,18,2025,1,25,5,4,18.060795
2025-01-26,SKU_31,WH_4,SUP_7,North,521,3,257,0,19.66,27.81,0,0,18,2025,1,26,6,4,18.048767
2025-01-27,SKU_31,WH_4,SUP_7,North,521,3,257,0,19.66,27.81,0,0,18,2025,1,27,0,5,17.804485
2025-01-28,SKU_31,WH_4,SUP_7,North,521,3,257,0,19.66,27.81,0,0,18,2025,1,28,1,5,17.859655
2025-01-29,SKU_31,WH_4,SUP_7,North,521,3,257,0,19.66,27.81,0,0,18,2025,1,29,2,5,17.822544
2024-12-31,SKU_31,WH_5,SUP_5,East,415,4,224,0,8.04,13.58,0,0,24,2024,12,31,1,1,23.864576
2025-01-01,SKU_31,WH_5,SUP_5,East,415,4,224,0,8.04,13.58,0,0,24,2025,1,1,2,1,24.210423
2025-01-02,SKU_31,WH_5,SUP_5,East,415,4,224,0,8.04,13.58,0,0,24,2025,1,2,3,1,24.186052
2025-01-03,SKU_31,WH_5,SUP_5,East,415,4,224,0,8.04,13.58,0,0,24,2025,1,3,4,1,24.341755
2025-01-04,SKU_31,WH_5,SUP_5,East,415,4,224,0,8.04,13.58,0,0,24,2025,1,4,5,1,24.449121
2025-01-05,SKU_31,WH_5,SUP_5,East,415,4,224,0,8.04,13.58,0,0,24,2025,1,5,6,1,24.532417
2025-01-06,SKU_31,WH_5,SUP_5,East,415,4,224,0,8.04,13.58,0,0,24,2025,1,6,0,2,24.418032
2025-01-07,SKU_31,WH_5,SUP_5,East,415,4,224,0,8.04,13.58,0,0,24,2025,1,7,1,2,24.513622
2025-01-08,SKU_31,WH_5,SUP_5,East,415,4,224,0,8.04,13.58,0,0,24,2025,1,8,2,2,24.598173
2025-01-09,SKU_31,WH_5,SUP_5,East,415,4,224,0,8.04,13.58,0,0,24,2025,1,9,3,2,24.586082
2025-01-10,SKU_31,WH_5,SUP_5,East,415,4,224,0,8.04,13.58,0,0,24,2025,1,10,4,2,24.522194
2025-01-11,SKU_31,WH_5,SUP_5,East,415,4,224,0,8.04,13.58,0,0,24,2025,1,11,5,2,24.494501
2025-01-12,SKU_31,WH_5,SUP_5,East,415,4,224,0,8.04,13.58,0,0,24,2025,1,12,6,2,24.55706
2025-01-13,SKU_31,WH_5,SUP_5,East,415,4,224,0,8.04,13.58,0,0,24,2025,1,13,0,3,24.288197
2025-01-14,SKU_31,WH_5,SUP_5,East,415,4,224,0,8.04,13.58,0,0,24,2025,1,14,1,3,24.439648
2025-01-15,SKU_31,WH_5,SUP_5,East,415,4,224,0,8.04,13.58,0,0,24,2025,1,15,2,3,24.410477
2025-01-16,SKU_31,WH_5,SUP_5,East,415,4,224,0,8.04,13.58,0,0,24,2025,1,16,3,3,24.639292
2025-01-17,SKU_31,WH_5,SUP_5,East,415,4,224,0,8.04,13.58,0,0,24,2025,1,17,4,3,24.57976
2025-01-18,SKU_31,WH_5,SUP_5,East,415,4,224,0,8.04,13.58,0,0,24,2025,1,18,5,3,24.696941
2025-01-19,SKU_31,WH_5,SUP_5,East,415,4,224,0,8.04,13.58,0,0,24,2025,1,19,6,3,24.784016
2025-01-20,SKU_31,WH_5,SUP_5,East,415,4,224,0,8.04,13.58,0,0,24,2025,1,20,0,4,24.325388
2025-01-21,SKU_31,WH_5,SUP_5,East,415,4,224,0,8.04,13.58,0,0,24,2025,1,21,1,4,24.324018
2025-01-22,SKU_31,WH_5,SUP_5,East,415,4,224,0,8.04,13.58,0,0,24,2025,1,22,2,4,24.17137
2025-01-23,SKU_31,WH_5,SUP_5,East,415,4,224,0,8.04,13.58,0,0,24,2025,1,23,3,4,24.159279
2025-01-24,SKU_31,WH_5,SUP_5,East,415,4,224,0,8.04,13.58,0,0,24,2025,1,24,4,4,24.099293
2025-01-25,SKU_31,WH_5,SUP_5,East,415,4,224,0,8.04,13.58,0,0,24,2025,1,25,5,4,24.119556
2025-01-26,SKU_31,WH_5,SUP_5,East,415,4,224,0,8.04,13.58,0,0,24,2025,1,26,6,4,24.206993
2025-01-27,SKU_31,WH_5,SUP_5,East,415,4,224,0,8.04,13.58,0,0,24,2025,1,27,0,5,24.094963
2025-01-28,SKU_31,WH_5,SUP_5,East,415,4,224,0,8.04,13.58,0,0,24,2025,1,28,1,5,24.12527
2025-01-29,SKU_31,WH_5,SUP_5,East,415,4,224,0,8.04,13.58,0,0,24,2025,1,29,2,5,24.1033
2024-12-31,SKU_32,WH_1,SUP_6,West,623,6,291,0,15.59,20.25,0,0,22,2024,12,31,1,1,22.2488
2025-01-01,SKU_32,WH_1,SUP_6,West,623,6,291,0,15.59,20.25,0,0,22,2025,1,1,2,1,22.079018
2025-01-02,SKU_32,WH_1,SUP_6,West,623,6,291,0,15.59,20.25,0,0,22,2025,1,2,3,1,22.088684
2025-01-03,SKU_32,WH_1,SUP_6,West,623,6,291,0,15.59,20.25,0,0,22,2025,1,3,4,1,22.133614
2025-01-04,SKU_32,WH_1,SUP_6,West,623,6,291,0,15.59,20.25,0,0,22,2025,1,4,5,1,22.197231
2025-01-05,SKU_32,WH_1,SUP_6,West,623,6,291,0,15.59,20.25,0,0,22,2025,1,5,6,1,22.178352
2025-01-06,SKU_32,WH_1,SUP_6,West,623,6,291,0,15.59,20.25,0,0,22,2025,1,6,0,2,22.16968
2025-01-07,SKU_32,WH_1,SUP_6,West,623,6,291,0,15.59,20.25,0,0,22,2025,1,7,1,2,22.15211
2025-01-08,SKU_32,WH_1,SUP_6,West,623,6,291,0,15.59,20.25,0,0,22,2025,1,8,2,2,22.222279
2025-01-09,SKU_32,WH_1,SUP_6,West,623,6,291,0,15.59,20.25,0,0,22,2025,1,9,3,2,22.19553
2025-01-10,SKU_32,WH_1,SUP_6,West,623,6,291,0,15.59,20.25,0,0,22,2025,1,10,4,2,22.228521
2025-01-11,SKU_32,WH_1,SUP_6,West,623,6,291,0,15.59,20.25,0,0,22,2025,1,11,5,2,22.241013
2025-01-12,SKU_32,WH_1,SUP_6,West,623,6,291,0,15.59,20.25,0,0,22,2025,1,12,6,2,22.21418
2025-01-13,SKU_32,WH_1,SUP_6,West,623,6,291,0,15.59,20.25,0,0,22,2025,1,13,0,3,22.321342
2025-01-14,SKU_32,WH_1,SUP_6,West,623,6,291,0,15.59,20.25,0,0,22,2025,1,14,1,3,22.367094
2025-01-15,SKU_32,WH_1,SUP_6,West,623,6,291,0,15.59,20.25,0,0,22,2025,1,15,2,3,22.354057
2025-01-16,SKU_32,WH_1,SUP_6,West,623,6,291,0,15.59,20.25,0,0,22,2025,1,16,3,3,22.351967
2025-01-17,SKU_32,WH_1,SUP_6,West,623,6,291,0,15.59,20.25,0,0,22,2025,1,17,4,3,22.314823
2025-01-18,SKU_32,WH_1,SUP_6,West,623,6,291,0,15.59,20.25,0,0,22,2025,1,18,5,3,22.451815
2025-01-19,SKU_32,WH_1,SUP_6,West,623,6,291,0,15.59,20.25,0,0,22,2025,1,19,6,3,22.436714
2025-01-20,SKU_32,WH_1,SUP_6,West,623,6,291,0,15.59,20.25,0,0,22,2025,1,20,0,4,22.074524
2025-01-21,SKU_32,WH_1,SUP_6,West,623,6,291,0,15.59,20.25,0,0,22,2025,1,21,1,4,22.091719
2025-01-22,SKU_32,WH_1,SUP_6,West,623,6,291,0,15.59,20.25,0,0,22,2025,1,22,2,4,22.06542
2025-01-23,SKU_32,WH_1,SUP_6,West,623,6,291,0,15.59,20.25,0,0,22,2025,1,23,3,4,22.06504
2025-01-24,SKU_32,WH_1,SUP_6,West,623,6,291,0,15.59,20.25,0,0,22,2025,1,24,4,4,22.03455
2025-01-25,SKU_32,WH_1,SUP_6,West,623,6,291,0,15.59,20.25,0,0,22,2025,1,25,5,4,22.08229
2025-01-26,SKU_32,WH_1,SUP_6,West,623,6,291,0,15.59,20.25,0,0,22,2025,1,26,6,4,22.067728
2025-01-27,SKU_32,WH_1,SUP_6,West,623,6,291,0,15.59,20.25,0,0,22,2025,1,27,0,5,21.943735
2025-01-28,SKU_32,WH_1,SUP_6,West,623,6,291,0,15.59,20.25,0,0,22,2025,1,28,1,5,21.95377
2025-01-29,SKU_32,WH_1,SUP_6,West,623,6,291,0,15.59,20.25,0,0,22,2025,1,29,2,5,21.940733
2024-12-31,SKU_32,WH_2,SUP_9,North,495,2,256,0,17.39,21.92,0,0,26,2024,12,31,1,1,25.38583
2025-01-01,SKU_32,WH_2,SUP_9,North,495,2,256,0,17.39,21.92,0,0,26,2025,1,1,2,1,25.562235
2025-01-02,SKU_32,WH_2,SUP_9,North,495,2,256,0,17.39,21.92,0,0,26,2025,1,2,3,1,25.529783
2025-01-03,SKU_32,WH_2,SUP_9,North,495,2,256,0,17.39,21.92,0,0,26,2025,1,3,4,1,25.641354
2025-01-04,SKU_32,WH_2,SUP_9,North,495,2,256,0,17.39,21.92,0,0,26,2025,1,4,5,1,25.681082
2025-01-05,SKU_32,WH_2,SUP_9,North,495,2,256,0,17.39,21.92,0,0,26,2025,1,5,6,1,25.680584
2025-01-06,SKU_32,WH_2,SUP_9,North,495,2,256,0,17.39,21.92,0,0,26,2025,1,6,0,2,25.652803
2025-01-07,SKU_32,WH_2,SUP_9,North,495,2,256,0,17.39,21.92,0,0,26,2025,1,7,1,2,25.656403
2025-01-08,SKU_32,WH_2,SUP_9,North,495,2,256,0,17.39,21.92,0,0,26,2025,1,8,2,2,25.734678
2025-01-09,SKU_32,WH_2,SUP_9,North,495,2,256,0,17.39,21.92,0,0,26,2025,1,9,3,2,25.743378
2025-01-10,SKU_32,WH_2,SUP_9,North,495,2,256,0,17.39,21.92,0,0,26,2025,1,10,4,2,25.781487
2025-01-11,SKU_32,WH_2,SUP_9,North,495,2,256,0,17.39,21.92,0,0,26,2025,1,11,5,2,25.796677
2025-01-12,SKU_32,WH_2,SUP_9,North,495,2,256,0,17.39,21.92,0,0,26,2025,1,12,6,2,25.765081
2025-01-13,SKU_32,WH_2,SUP_9,North,495,2,256,0,17.39,21.92,0,0,26,2025,1,13,0,3,25.7816
2025-01-14,SKU_32,WH_2,SUP_9,North,495,2,256,0,17.39,21.92,0,0,26,2025,1,14,1,3,25.898827
2025-01-15,SKU_32,WH_2,SUP_9,North,495,2,256,0,17.39,21.92,0,0,26,2025,1,15,2,3,25.887308
2025-01-16,SKU_32,WH_2,SUP_9,North,495,2,256,0,17.39,21.92,0,0,26,2025,1,16,3,3,25.894297
2025-01-17,SKU_32,WH_2,SUP_9,North,495,2,256,0,17.39,21.92,0,0,26,2025,1,17,4,3,25.872252
2025-01-18,SKU_32,WH_2,SUP_9,North,495,2,256,0,17.39,21.92,0,0,26,2025,1,18,5,3,25.976181
2025-01-19,SKU_32,WH_2,SUP_9,North,495,2,256,0,17.39,21.92,0,0,26,2025,1,19,6,3,26.00591
2025-01-20,SKU_32,WH_2,SUP_9,North,495,2,256,0,17.39,21.92,0,0,26,2025,1,20,0,4,25.910118
2025-01-21,SKU_32,WH_2,SUP_9,North,495,2,256,0,17.39,21.92,0,0,26,2025,1,21,1,4,25.968176
2025-01-22,SKU_32,WH_2,SUP_9,North,495,2,256,0,17.39,21.92,0,0,26,2025,1,22,2,4,25.96364
2025-01-23,SKU_32,WH_2,SUP_9,North,495,2,256,0,17.39,21.92,0,0,26,2025,1,23,3,4,26.069712
2025-01-24,SKU_32,WH_2,SUP_9,North,495,2,256,0,17.39,21.92,0,0,26,2025,1,24,4,4,25.838196
2025-01-25,SKU_32,WH_2,SUP_9,North,495,2,256,0,17.39,21.92,0,0,26,2025,1,25,5,4,25.888636
2025-01-26,SKU_32,WH_2,SUP_9,North,495,2,256,0,17.39,21.92,0,0,26,2025,1,26,6,4,25.863588
2025-01-27,SKU_32,WH_2,SUP_9,North,495,2,256,0,17.39,21.92,0,0,26,2025,1,27,0,5,25.863491
2025-01-28,SKU_32,WH_2,SUP_9,North,495,2,256,0,17.39,21.92,0,0,26,2025,1,28,1,5,25.939318
2025-01-29,SKU_32,WH_2,SUP_9,North,495,2,256,0,17.39,21.92,0,0,26,2025,1,29,2,5,25.92366
2024-12-31,SKU_37,WH_5,SUP_8,South,234,3,249,0,18.62,32.27,0,0,16,2024,12,31,1,1,16.668144
2025-01-01,SKU_37,WH_5,SUP_8,South,234,3,249,0,18.62,32.27,0,0,16,2025,1,1,2,1,15.893036
2025-01-02,SKU_37,WH_5,SUP_8,South,234,3,249,0,18.62,32.27,0,0,16,2025,1,2,3,1,16.164488
2025-01-03,SKU_37,WH_5,SUP_8,South,234,3,249,0,18.62,32.27,0,0,16,2025,1,3,4,1,16.761906
2025-01-04,SKU_37,WH_5,SUP_8,South,234,3,249,0,18.62,32.27,0,0,16,2025,1,4,5,1,16.851568
2025-01-05,SKU_37,WH_5,SUP_8,South,234,3,249,0,18.62,32.27,0,0,16,2025,1,5,6,1,16.747143
2025-01-06,SKU_37,WH_5,SUP_8,South,234,3,249,0,18.62,32.27,0,0,16,2025,1,6,0,2,16.282547
2025-01-07,SKU_37,WH_5,SUP_8,South,234,3,249,0,18.62,32.27,0,0,16,2025,1,7,1,2,16.54406
2025-01-08,SKU_37,WH_5,SUP_8,South,234,3,249,0,18.62,32.27,0,0,16,2025,1,8,2,2,16.69191
2025-01-09,SKU_37,WH_5,SUP_8,South,234,3,249,0,18.62,32.27,0,0,16,2025,1,9,3,2,16.714104
2025-01-10,SKU_37,WH_5,SUP_8,South,234,3,249,0,18.62,32.27,0,0,16,2025,1,10,4,2,16.81432
2025-01-11,SKU_37,WH_5,SUP_8,South,234,3,249,0,18.62,32.27,0,0,16,2025,1,11,5,2,16.822584
2025-01-12,SKU_37,WH_5,SUP_8,South,234,3,249,0,18.62,32.27,0,0,16,2025,1,12,6,2,16.705912
2025-01-13,SKU_37,WH_5,SUP_8,South,234,3,249,0,18.62,32.27,0,0,16,2025,1,13,0,3,16.441156
2025-01-14,SKU_37,WH_5,SUP_8,South,234,3,249,0,18.62,32.27,0,0,16,2025,1,14,1,3,16.377201
2025-01-15,SKU_37,WH_5,SUP_8,South,234,3,249,0,18.62,32.27,0,0,16,2025,1,15,2,3,16.546696
2025-01-16,SKU_37,WH_5,SUP_8,South,234,3,249,0,18.62,32.27,0,0,16,2025,1,16,3,3,16.601166
2025-01-17,SKU_37,WH_5,SUP_8,South,234,3,249,0,18.62,32.27,0,0,16,2025,1,17,4,3,16.692797
2025-01-18,SKU_37,WH_5,SUP_8,South,234,3,249,0,18.62,32.27,0,0,16,2025,1,18,5,3,16.79454
2025-01-19,SKU_37,WH_5,SUP_8,South,234,3,249,0,18.62,32.27,0,0,16,2025,1,19,6,3,16.690115
2025-01-20,SKU_37,WH_5,SUP_8,South,234,3,249,0,18.62,32.27,0,0,16,2025,1,20,0,4,15.993424
2025-01-21,SKU_37,WH_5,SUP_8,South,234,3,249,0,18.62,32.27,0,0,16,2025,1,21,1,4,16.06046
2025-01-22,SKU_37,WH_5,SUP_8,South,234,3,249,0,18.62,32.27,0,0,16,2025,1,22,2,4,15.974017
2025-01-23,SKU_37,WH_5,SUP_8,South,234,3,249,0,18.62,32.27,0,0,16,2025,1,23,3,4,16.025925
2025-01-24,SKU_37,WH_5,SUP_8,South,234,3,249,0,18.62,32.27,0,0,16,2025,1,24,4,4,16.083143
2025-01-25,SKU_37,WH_5,SUP_8,South,234,3,249,0,18.62,32.27,0,0,16,2025,1,25,5,4,16.126657
2025-01-26,SKU_37,WH_5,SUP_8,South,234,3,249,0,18.62,32.27,0,0,16,2025,1,26,6,4,16.052755
2025-01-27,SKU_37,WH_5,SUP_8,South,234,3,249,0,18.62,32.27,0,0,16,2025,1,27,0,5,15.854169
2025-01-28,SKU_37,WH_5,SUP_8,South,234,3,249,0,18.62,32.27,0,0,16,2025,1,28,1,5,16.15041
2025-01-29,SKU_37,WH_5,SUP_8,South,234,3,249,0,18.62,32.27,0,0,16,2025,1,29,2,5,16.141544
2024-12-31,SKU_37,WH_4,SUP_7,West,426,13,320,0,7.33,10.48,0,0,25,2024,12,31,1,1,24.769577
2025-01-01,SKU_37,WH_4,SUP_7,West,426,13,320,0,7.33,10.48,0,0,25,2025,1,1,2,1,24.554478
2025-01-02,SKU_37,WH_4,SUP_7,West,426,13,320,0,7.33,10.48,0,0,25,2025,1,2,3,1,24.358013
2025-01-03,SKU_37,WH_4,SUP_7,West,426,13,320,0,7.33,10.48,0,0,25,2025,1,3,4,1,24.484371
2025-01-04,SKU_37,WH_4,SUP_7,West,426,13,320,0,7.33,10.48,0,0,25,2025,1,4,5,1,24.641304
2025-01-05,SKU_37,WH_4,SUP_7,West,426,13,320,0,7.33,10.48,0,0,25,2025,1,5,6,1,24.643707
2025-01-06,SKU_37,WH_4,SUP_7,West,426,13,320,0,7.33,10.48,0,0,25,2025,1,6,0,2,24.640211
2025-01-07,SKU_37,WH_4,SUP_7,West,426,13,320,0,7.33,10.48,0,0,25,2025,1,7,1,2,24.618547
2025-01-08,SKU_37,WH_4,SUP_7,West,426,13,320,0,7.33,10.48,0,0,25,2025,1,8,2,2,24.702057
2025-01-09,SKU_37,WH_4,SUP_7,West,426,13,320,0,7.33,10.48,0,0,25,2025,1,9,3,2,24.47049
2025-01-10,SKU_37,WH_4,SUP_7,West,426,13,320,0,7.33,10.48,0,0,25,2025,1,10,4,2,24.49384
2025-01-11,SKU_37,WH_4,SUP_7,West,426,13,320,0,7.33,10.48,0,0,25,2025,1,11,5,2,24.564598
2025-01-12,SKU_37,WH_4,SUP_7,West,426,13,320,0,7.33,10.48,0,0,25,2025,1,12,6,2,24.546265
2025-01-13,SKU_37,WH_4,SUP_7,West,426,13,320,0,7.33,10.48,0,0,25,2025,1,13,0,3,24.7348
2025-01-14,SKU_37,WH_4,SUP_7,West,426,13,320,0,7.33,10.48,0,0,25,2025,1,14,1,3,24.74827
2025-01-15,SKU_37,WH_4,SUP_7,West,426,13,320,0,7.33,10.48,0,0,25,2025,1,15,2,3,24.739475
2025-01-16,SKU_37,WH_4,SUP_7,West,426,13,320,0,7.33,10.48,0,0,25,2025,1,16,3,3,24.612345
2025-01-17,SKU_37,WH_4,SUP_7,West,426,13,320,0,7.33,10.48,0,0,25,2025,1,17,4,3,24.620655
2025-01-18,SKU_37,WH_4,SUP_7,West,426,13,320,0,7.33,10.48,0,0,25,2025,1,18,5,3,24.813435
2025-01-19,SKU_37,WH_4,SUP_7,West,426,13,320,0,7.33,10.48,0,0,25,2025,1,19,6,3,24.838877
2025-01-20,SKU_37,WH_4,SUP_7,West,426,13,320,0,7.33,10.48,0,0,25,2025,1,20,0,4,24.948841
2025-01-21,SKU_37,WH_4,SUP_7,West,426,13,320,0,7.33,10.48,0,0,25,2025,1,21,1,4,24.919096
2025-01-22,SKU_37,WH_4,SUP_7,West,426,13,320,0,7.33,10.48,0,0,25,2025,1,22,2,4,24.89704
2025-01-23,SKU_37,WH_4,SUP_7,West,426,13,320,0,7.33,10.48,0,0,25,2025,1,23,3,4,24.768883
2025-01-24,SKU_37,WH_4,SUP_7,West,426,13,320,0,7.33,10.48,0,0,25,2025,1,24,4,4,24.724241
2025-01-25,SKU_37,WH_4,SUP_7,West,426,13,320,0,7.33,10.48,0,0,25,2025,1,25,5,4,24.781473
2025-01-26,SKU_37,WH_4,SUP_7,West,426,13,320,0,7.33,10.48,0,0,25,2025,1,26,6,4,24.865183
2025-01-27,SKU_37,WH_4,SUP_7,West,426,13,320,0,7.33,10.48,0,0,25,2025,1,27,0,5,25.060905
2025-01-28,SKU_37,WH_4,SUP_7,West,426,13,320,0,7.33,10.48,0,0,25,2025,1,28,1,5,25.0678
2025-01-29,SKU_37,WH_4,SUP_7,West,426,13,320,0,7.33,10.48,0,0,25,2025,1,29,2,5,25.014936
2024-12-31,SKU_37,WH_3,SUP_10,North,387,3,216,0,9.09,15.78,0,0,34,2024,12,31,1,1,34.353207
2025-01-01,SKU_37,WH_3,SUP_10,North,387,3,216,0,9.09,15.78,0,0,34,2025,1,1,2,1,33.861134
2025-01-02,SKU_37,WH_3,SUP_10,North,387,3,216,0,9.09,15.78,0,0,34,2025,1,2,3,1,33.592453
2025-01-03,SKU_37,WH_3,SUP_10,North,387,3,216,0,9.09,15.78,0,0,34,2025,1,3,4,1,34.16854
2025-01-04,SKU_37,WH_3,SUP_10,North,387,3,216,0,9.09,15.78,0,0,34,2025,1,4,5,1,34.393845
2025-01-05,SKU_37,WH_3,SUP_10,North,387,3,216,0,9.09,15.78,0,0,34,2025,1,5,6,1,34.376175
2025-01-06,SKU_37,WH_3,SUP_10,North,387,3,216,0,9.09,15.78,0,0,34,2025,1,6,0,2,34.285625
2025-01-07,SKU_37,WH_3,SUP_10,North,387,3,216,0,9.09,15.78,0,0,34,2025,1,7,1,2,34.309467
2025-01-08,SKU_37,WH_3,SUP_10,North,387,3,216,0,9.09,15.78,0,0,34,2025,1,8,2,2,34.4361
2025-01-09,SKU_37,WH_3,SUP_10,North,387,3,216,0,9.09,15.78,0,0,34,2025,1,9,3,2,34.267284
2025-01-10,SKU_37,WH_3,SUP_10,North,387,3,216,0,9.09,15.78,0,0,34,2025,1,10,4,2,34.201927
2025-01-11,SKU_37,WH_3,SUP_10,North,387,3,216,0,9.09,15.78,0,0,34,2025,1,11,5,2,34.29783
2025-01-12,SKU_37,WH_3,SUP_10,North,387,3,216,0,9.09,15.78,0,0,34,2025,1,12,6,2,34.259422
2025-01-13,SKU_37,WH_3,SUP_10,North,387,3,216,0,9.09,15.78,0,0,34,2025,1,13,0,3,34.272186
2025-01-14,SKU_37,WH_3,SUP_10,North,387,3,216,0,9.09,15.78,0,0,34,2025,1,14,1,3,34.340908
2025-01-15,SKU_37,WH_3,SUP_10,North,387,3,216,0,9.09,15.78,0,0,34,2025,1,15,2,3,34.37775
2025-01-16,SKU_37,WH_3,SUP_10,North,387,3,216,0,9.09,15.78,0,0,34,2025,1,16,3,3,34.258846
2025-01-17,SKU_37,WH_3,SUP_10,North,387,3,216,0,9.09,15.78,0,0,34,2025,1,17,4,3,34.220654
2025-01-18,SKU_37,WH_3,SUP_10,North,387,3,216,0,9.09,15.78,0,0,34,2025,1,18,5,3,34.410027
2025-01-19,SKU_37,WH_3,SUP_10,North,387,3,216,0,9.09,15.78,0,0,34,2025,1,19,6,3,34.367275
2025-01-20,SKU_37,WH_3,SUP_10,North,387,3,216,0,9.09,15.78,0,0,34,2025,1,20,0,4,34.209316
2025-01-21,SKU_37,WH_3,SUP_10,North,387,3,216,0,9.09,15.78,0,0,34,2025,1,21,1,4,34.25187
2025-01-22,SKU_37,WH_3,SUP_10,North,387,3,216,0,9.09,15.78,0,0,34,2025,1,22,2,4,34.29034
2025-01-23,SKU_37,WH_3,SUP_10,North,387,3,216,0,9.09,15.78,0,0,34,2025,1,23,3,4,34.17315
2025-01-24,SKU_37,WH_3,SUP_10,North,387,3,216,0,9.09,15.78,0,0,34,2025,1,24,4,4,34.09509
2025-01-25,SKU_37,WH_3,SUP_10,North,387,3,216,0,9.09,15.78,0,0,34,2025,1,25,5,4,34.184254
2025-01-26,SKU_37,WH_3,SUP_10,North,387,3,216,0,9.09,15.78,0,0,34,2025,1,26,6,4,34.194946
2025-01-27,SKU_37,WH_3,SUP_10,North,387,3,216,0,9.09,15.78,0,0,34,2025,1,27,0,5,34.29667
2025-01-28,SKU_37,WH_3,SUP_10,North,387,3,216,0,9.09,15.78,0,0,34,2025,1,28,1,5,34.413933
2025-01-29,SKU_37,WH_3,SUP_10,North,387,3,216,0,9.09,15.78,0,0,34,2025,1,29,2,5,34.35999
2024-12-31,SKU_37,WH_2,SUP_4,West,374,14,355,0,13.16,19.46,0,0,20,2024,12,31,1,1,19.601463
2025-01-01,SKU_37,WH_2,SUP_4,West,374,14,355,0,13.16,19.46,0,0,20,2025,1,1,2,1,19.362633
2025-01-02,SKU_37,WH_2,SUP_4,West,374,14,355,0,13.16,19.46,0,0,20,2025,1,2,3,1,19.243685
2025-01-03,SKU_37,WH_2,SUP_4,West,374,14,355,0,13.16,19.46,0,0,20,2025,1,3,4,1,19.384304
2025-01-04,SKU_37,WH_2,SUP_4,West,374,14,355,0,13.16,19.46,0,0,20,2025,1,4,5,1,19.547976
2025-01-05,SKU_37,WH_2,SUP_4,West,374,14,355,0,13.16,19.46,0,0,20,2025,1,5,6,1,19.542284
2025-01-06,SKU_37,WH_2,SUP_4,West,374,14,355,0,13.16,19.46,0,0,20,2025,1,6,0,2,19.450062
2025-01-07,SKU_37,WH_2,SUP_4,West,374,14,355,0,13.16,19.46,0,0,20,2025,1,7,1,2,19.439547
2025-01-08,SKU_37,WH_2,SUP_4,West,374,14,355,0,13.16,19.46,0,0,20,2025,1,8,2,2,19.39694
2025-01-09,SKU_37,WH_2,SUP_4,West,374,14,355,0,13.16,19.46,0,0,20,2025,1,9,3,2,19.270462
2025-01-10,SKU_37,WH_2,SUP_4,West,374,14,355,0,13.16,19.46,0,0,20,2025,1,10,4,2,19.297508
2025-01-11,SKU_37,WH_2,SUP_4,West,374,14,355,0,13.16,19.46,0,0,20,2025,1,11,5,2,19.428488
2025-01-12,SKU_37,WH_2,SUP_4,West,374,14,355,0,13.16,19.46,0,0,20,2025,1,12,6,2,19.412037
2025-01-13,SKU_37,WH_2,SUP_4,West,374,14,355,0,13.16,19.46,0,0,20,2025,1,13,0,3,19.48609
2025-01-14,SKU_37,WH_2,SUP_4,West,374,14,355,0,13.16,19.46,0,0,20,2025,1,14,1,3,19.517645
2025-01-15,SKU_37,WH_2,SUP_4,West,374,14,355,0,13.16,19.46,0,0,20,2025,1,15,2,3,19.498781
2025-01-16,SKU_37,WH_2,SUP_4,West,374,14,355,0,13.16,19.46,0,0,20,2025,1,16,3,3,19.553972
2025-01-17,SKU_37,WH_2,SUP_4,West,374,14,355,0,13.16,19.46,0,0,20,2025,1,17,4,3,19.587698
2025-01-18,SKU_37,WH_2,SUP_4,West,374,14,355,0,13.16,19.46,0,0,20,2025,1,18,5,3,19.7478
2025-01-19,SKU_37,WH_2,SUP_4,West,374,14,355,0,13.16,19.46,0,0,20,2025,1,19,6,3,19.768934
2025-01-20,SKU_37,WH_2,SUP_4,West,374,14,355,0,13.16,19.46,0,0,20,2025,1,20,0,4,19.867155
2025-01-21,SKU_37,WH_2,SUP_4,West,374,14,355,0,13.16,19.46,0,0,20,2025,1,21,1,4,19.830215
2025-01-22,SKU_37,WH_2,SUP_4,West,374,14,355,0,13.16,19.46,0,0,20,2025,1,22,2,4,19.805277
2025-01-23,SKU_37,WH_2,SUP_4,West,374,14,355,0,13.16,19.46,0,0,20,2025,1,23,3,4,19.793186
2025-01-24,SKU_37,WH_2,SUP_4,West,374,14,355,0,13.16,19.46,0,0,20,2025,1,24,4,4,19.802486
2025-01-25,SKU_37,WH_2,SUP_4,West,374,14,355,0,13.16,19.46,0,0,20,2025,1,25,5,4,19.855371
2025-01-26,SKU_37,WH_2,SUP_4,West,374,14,355,0,13.16,19.46,0,0,20,2025,1,26,6,4,19.924051
2025-01-27,SKU_37,WH_2,SUP_4,West,374,14,355,0,13.16,19.46,0,0,20,2025,1,27,0,5,19.539446
2025-01-28,SKU_37,WH_2,SUP_4,West,374,14,355,0,13.16,19.46,0,0,20,2025,1,28,1,5,19.541035
2025-01-29,SKU_37,WH_2,SUP_4,West,374,14,355,0,13.16,19.46,0,0,20,2025,1,29,2,5,19.495756
2024-12-31,SKU_37,WH_1,SUP_4,East,332,3,342,0,19.03,27.37,0,0,24,2024,12,31,1,1,23.686253
2025-01-01,SKU_37,WH_1,SUP_4,East,332,3,342,0,19.03,27.37,0,0,24,2025,1,1,2,1,23.414564
2025-01-02,SKU_37,WH_1,SUP_4,East,332,3,342,0,19.03,27.37,0,0,24,2025,1,2,3,1,23.450117
2025-01-03,SKU_37,WH_1,SUP_4,East,332,3,342,0,19.03,27.37,0,0,24,2025,1,3,4,1,23.668842
2025-01-04,SKU_37,WH_1,SUP_4,East,332,3,342,0,19.03,27.37,0,0,24,2025,1,4,5,1,23.874886
2025-01-05,SKU_37,WH_1,SUP_4,East,332,3,342,0,19.03,27.37,0,0,24,2025,1,5,6,1,23.875673
2025-01-06,SKU_37,WH_1,SUP_4,East,332,3,342,0,19.03,27.37,0,0,24,2025,1,6,0,2,23.57733
2025-01-07,SKU_37,WH_1,SUP_4,East,332,3,342,0,19.03,27.37,0,0,24,2025,1,7,1,2,23.804136
2025-01-08,SKU_37,WH_1,SUP_4,East,332,3,342,0,19.03,27.37,0,0,24,2025,1,8,2,2,23.928295
2025-01-09,SKU_37,WH_1,SUP_4,East,332,3,342,0,19.03,27.37,0,0,24,2025,1,9,3,2,23.641262
2025-01-10,SKU_37,WH_1,SUP_4,East,332,3,342,0,19.03,27.37,0,0,24,2025,1,10,4,2,23.644583
2025-01-11,SKU_37,WH_1,SUP_4,East,332,3,342,0,19.03,27.37,0,0,24,2025,1,11,5,2,23.775452
2025-01-12,SKU_37,WH_1,SUP_4,East,332,3,342,0,19.03,27.37,0,0,24,2025,1,12,6,2,23.758379
2025-01-13,SKU_37,WH_1,SUP_4,East,332,3,342,0,19.03,27.37,0,0,24,2025,1,13,0,3,23.559883
2025-01-14,SKU_37,WH_1,SUP_4,East,332,3,342,0,19.03,27.37,0,0,24,2025,1,14,1,3,23.68879
2025-01-15,SKU_37,WH_1,SUP_4,East,332,3,342,0,19.03,27.37,0,0,24,2025,1,15,2,3,23.706427
2025-01-16,SKU_37,WH_1,SUP_4,East,332,3,342,0,19.03,27.37,0,0,24,2025,1,16,3,3,23.686317
2025-01-17,SKU_37,WH_1,SUP_4,East,332,3,342,0,19.03,27.37,0,0,24,2025,1,17,4,3,23.809462
2025-01-18,SKU_37,WH_1,SUP_4,East,332,3,342,0,19.03,27.37,0,0,24,2025,1,18,5,3,24.038298
2025-01-19,SKU_37,WH_1,SUP_4,East,332,3,342,0,19.03,27.37,0,0,24,2025,1,19,6,3,24.046118
2025-01-20,SKU_37,WH_1,SUP_4,East,332,3,342,0,19.03,27.37,0,0,24,2025,1,20,0,4,23.675316
2025-01-21,SKU_37,WH_1,SUP_4,East,332,3,342,0,19.03,27.37,0,0,24,2025,1,21,1,4,23.729273
2025-01-22,SKU_37,WH_1,SUP_4,East,332,3,342,0,19.03,27.37,0,0,24,2025,1,22,2,4,23.721527
2025-01-23,SKU_37,WH_1,SUP_4,East,332,3,342,0,19.03,27.37,0,0,24,2025,1,23,3,4,23.576134
2025-01-24,SKU_37,WH_1,SUP_4,East,332,3,342,0,19.03,27.37,0,0,24,2025,1,24,4,4,23.493973
2025-01-25,SKU_37,WH_1,SUP_4,East,332,3,342,0,19.03,27.37,0,0,24,2025,1,25,5,4,23.66517
2025-01-26,SKU_37,WH_1,SUP_4,East,332,3,342,0,19.03,27.37,0,0,24,2025,1,26,6,4,23.723318
2025-01-27,SKU_37,WH_1,SUP_4,East,332,3,342,0,19.03,27.37,0,0,24,2025,1,27,0,5,23.504854
2025-01-28,SKU_37,WH_1,SUP_4,East,332,3,342,0,19.03,27.37,0,0,24,2025,1,28,1,5,23.622766
2025-01-29,SKU_37,WH_1,SUP_4,East,332,3,342,0,19.03,27.37,0,0,24,2025,1,29,2,5,23.658945
2024-12-31,SKU_36,WH_5,SUP_3,West,517,12,270,0,7.41,12.29,0,0,17,2024,12,31,1,1,16.519583
2025-01-01,SKU_36,WH_5,SUP_3,West,517,12,270,0,7.41,12.29,0,0,17,2025,1,1,2,1,16.936829
2025-01-02,SKU_36,WH_5,SUP_3,West,517,12,270,0,7.41,12.29,0,0,17,2025,1,2,3,1,17.033285
2025-01-03,SKU_36,WH_5,SUP_3,West,517,12,270,0,7.41,12.29,0,0,17,2025,1,3,4,1,17.091387
2025-01-04,SKU_36,WH_5,SUP_3,West,517,12,270,0,7.41,12.29,0,0,17,2025,1,4,5,1,17.09589
2025-01-05,SKU_36,WH_5,SUP_3,West,517,12,270,0,7.41,12.29,0,0,17,2025,1,5,6,1,17.103462
2025-01-06,SKU_36,WH_5,SUP_3,West,517,12,270,0,7.41,12.29,0,0,17,2025,1,6,0,2,17.000767
2025-01-07,SKU_36,WH_5,SUP_3,West,517,12,270,0,7.41,12.29,0,0,17,2025,1,7,1,2,16.958872
2025-01-08,SKU_36,WH_5,SUP_3,West,517,12,270,0,7.41,12.29,0,0,17,2025,1,8,2,2,17.080204
2025-01-09,SKU_36,WH_5,SUP_3,West,517,12,270,0,7.41,12.29,0,0,17,2025,1,9,3,2,17.091143
2025-01-10,SKU_36,WH_5,SUP_3,West,517,12,270,0,7.41,12.29,0,0,17,2025,1,10,4,2,17.120708
2025-01-11,SKU_36,WH_5,SUP_3,West,517,12,270,0,7.41,12.29,0,0,17,2025,1,11,5,2,17.040827
2025-01-12,SKU_36,WH_5,SUP_3,West,517,12,270,0,7.41,12.29,0,0,17,2025,1,12,6,2,17.046125
2025-01-13,SKU_36,WH_5,SUP_3,West,517,12,270,0,7.41,12.29,0,0,17,2025,1,13,0,3,17.12048
2025-01-14,SKU_36,WH_5,SUP_3,West,517,12,270,0,7.41,12.29,0,0,17,2025,1,14,1,3,17.187574
2025-01-15,SKU_36,WH_5,SUP_3,West,517,12,270,0,7.41,12.29,0,0,17,2025,1,15,2,3,17.216602
2025-01-16,SKU_36,WH_5,SUP_3,West,517,12,270,0,7.41,12.29,0,0,17,2025,1,16,3,3,17.24062
2025-01-17,SKU_36,WH_5,SUP_3,West,517,12,270,0,7.41,12.29,0,0,17,2025,1,17,4,3,17.162683
2025-01-18,SKU_36,WH_5,SUP_3,West,517,12,270,0,7.41,12.29,0,0,17,2025,1,18,5,3,17.220833
2025-01-19,SKU_36,WH_5,SUP_3,West,517,12,270,0,7.41,12.29,0,0,17,2025,1,19,6,3,17.25388
2025-01-20,SKU_36,WH_5,SUP_3,West,517,12,270,0,7.41,12.29,0,0,17,2025,1,20,0,4,17.00036
2025-01-21,SKU_36,WH_5,SUP_3,West,517,12,270,0,7.41,12.29,0,0,17,2025,1,21,1,4,16.991287
2025-01-22,SKU_36,WH_5,SUP_3,West,517,12,270,0,7.41,12.29,0,0,17,2025,1,22,2,4,17.166868
2025-01-23,SKU_36,WH_5,SUP_3,West,517,12,270,0,7.41,12.29,0,0,17,2025,1,23,3,4,17.192596
2025-01-24,SKU_36,WH_5,SUP_3,West,517,12,270,0,7.41,12.29,0,0,17,2025,1,24,4,4,17.215916
2025-01-25,SKU_36,WH_5,SUP_3,West,517,12,270,0,7.41,12.29,0,0,17,2025,1,25,5,4,17.256351
2025-01-26,SKU_36,WH_5,SUP_3,West,517,12,270,0,7.41,12.29,0,0,17,2025,1,26,6,4,17.254654
2025-01-27,SKU_36,WH_5,SUP_3,West,517,12,270,0,7.41,12.29,0,0,17,2025,1,27,0,5,17.358448
2025-01-28,SKU_36,WH_5,SUP_3,West,517,12,270,0,7.41,12.29,0,0,17,2025,1,28,1,5,17.300085
2025-01-29,SKU_36,WH_5,SUP_3,West,517,12,270,0,7.41,12.29,0,0,17,2025,1,29,2,5,17.382317
2024-12-31,SKU_36,WH_4,SUP_7,South,369,11,318,0,8.32,13.34,0,0,22,2024,12,31,1,1,21.625843
2025-01-01,SKU_36,WH_4,SUP_7,South,369,11,318,0,8.32,13.34,0,0,22,2025,1,1,2,1,21.494202
2025-01-02,SKU_36,WH_4,SUP_7,South,369,11,318,0,8.32,13.34,0,0,22,2025,1,2,3,1,21.469831
2025-01-03,SKU_36,WH_4,SUP_7,South,369,11,318,0,8.32,13.34,0,0,22,2025,1,3,4,1,21.648092
2025-01-04,SKU_36,WH_4,SUP_7,South,369,11,318,0,8.32,13.34,0,0,22,2025,1,4,5,1,21.625713
2025-01-05,SKU_36,WH_4,SUP_7,South,369,11,318,0,8.32,13.34,0,0,22,2025,1,5,6,1,21.687033
2025-01-06,SKU_36,WH_4,SUP_7,South,369,11,318,0,8.32,13.34,0,0,22,2025,1,6,0,2,21.590515
2025-01-07,SKU_36,WH_4,SUP_7,South,369,11,318,0,8.32,13.34,0,0,22,2025,1,7,1,2,21.514357
2025-01-08,SKU_36,WH_4,SUP_7,South,369,11,318,0,8.32,13.34,0,0,22,2025,1,8,2,2,21.663635
2025-01-09,SKU_36,WH_4,SUP_7,South,369,11,318,0,8.32,13.34,0,0,22,2025,1,9,3,2,21.651545
2025-01-10,SKU_36,WH_4,SUP_7,South,369,11,318,0,8.32,13.34,0,0,22,2025,1,10,4,2,21.685877
2025-01-11,SKU_36,WH_4,SUP_7,South,369,11,318,0,8.32,13.34,0,0,22,2025,1,11,5,2,21.6201
2025-01-12,SKU_36,WH_4,SUP_7,South,369,11,318,0,8.32,13.34,0,0,22,2025,1,12,6,2,21.656675
2025-01-13,SKU_36,WH_4,SUP_7,South,369,11,318,0,8.32,13.34,0,0,22,2025,1,13,0,3,21.719715
2025-01-14,SKU_36,WH_4,SUP_7,South,369,11,318,0,8.32,13.34,0,0,22,2025,1,14,1,3,21.728548
2025-01-15,SKU_36,WH_4,SUP_7,South,369,11,318,0,8.32,13.34,0,0,22,2025,1,15,2,3,21.778885
2025-01-16,SKU_36,WH_4,SUP_7,South,369,11,318,0,8.32,13.34,0,0,22,2025,1,16,3,3,21.765083
2025-01-17,SKU_36,WH_4,SUP_7,South,369,11,318,0,8.32,13.34,0,0,22,2025,1,17,4,3,21.73535
2025-01-18,SKU_36,WH_4,SUP_7,South,369,11,318,0,8.32,13.34,0,0,22,2025,1,18,5,3,21.844961
2025-01-19,SKU_36,WH_4,SUP_7,South,369,11,318,0,8.32,13.34,0,0,22,2025,1,19,6,3,21.918993
2025-01-20,SKU_36,WH_4,SUP_7,South,369,11,318,0,8.32,13.34,0,0,22,2025,1,20,0,4,21.648378
2025-01-21,SKU_36,WH_4,SUP_7,South,369,11,318,0,8.32,13.34,0,0,22,2025,1,21,1,4,21.633476
2025-01-22,SKU_36,WH_4,SUP_7,South,369,11,318,0,8.32,13.34,0,0,22,2025,1,22,2,4,21.737375
2025-01-23,SKU_36,WH_4,SUP_7,South,369,11,318,0,8.32,13.34,0,0,22,2025,1,23,3,4,21.725285
2025-01-24,SKU_36,WH_4,SUP_7,South,369,11,318,0,8.32,13.34,0,0,22,2025,1,24,4,4,21.706089
2025-01-25,SKU_36,WH_4,SUP_7,South,369,11,318,0,8.32,13.34,0,0,22,2025,1,25,5,4,21.76063
2025-01-26,SKU_36,WH_4,SUP_7,South,369,11,318,0,8.32,13.34,0,0,22,2025,1,26,6,4,21.804157
2025-01-27,SKU_36,WH_4,SUP_7,South,369,11,318,0,8.32,13.34,0,0,22,2025,1,27,0,5,21.801083
2025-01-28,SKU_36,WH_4,SUP_7,South,369,11,318,0,8.32,13.34,0,0,22,2025,1,28,1,5,21.724707
2025-01-29,SKU_36,WH_4,SUP_7,South,369,11,318,0,8.32,13.34,0,0,22,2025,1,29,2,5,21.873558
2024-12-31,SKU_36,WH_3,SUP_1,West,313,12,254,0,14.63,26.22,0,0,21,2024,12,31,1,1,20.265072
2025-01-01,SKU_36,WH_3,SUP_1,West,313,12,254,0,14.63,26.22,0,0,21,2025,1,1,2,1,19.992441
2025-01-02,SKU_36,WH_3,SUP_1,West,313,12,254,0,14.63,26.22,0,0,21,2025,1,2,3,1,19.958088
2025-01-03,SKU_36,WH_3,SUP_1,West,313,12,254,0,14.63,26.22,0,0,21,2025,1,3,4,1,20.186676
2025-01-04,SKU_36,WH_3,SUP_1,West,313,12,254,0,14.63,26.22,0,0,21,2025,1,4,5,1,20.25082
2025-01-05,SKU_36,WH_3,SUP_1,West,313,12,254,0,14.63,26.22,0,0,21,2025,1,5,6,1,20.310524
2025-01-06,SKU_36,WH_3,SUP_1,West,313,12,254,0,14.63,26.22,0,0,21,2025,1,6,0,2,19.954826
2025-01-07,SKU_36,WH_3,SUP_1,West,313,12,254,0,14.63,26.22,0,0,21,2025,1,7,1,2,19.969212
2025-01-08,SKU_36,WH_3,SUP_1,West,313,12,254,0,14.63,26.22,0,0,21,2025,1,8,2,2,20.076855
2025-01-09,SKU_36,WH_3,SUP_1,West,313,12,254,0,14.63,26.22,0,0,21,2025,1,9,3,2,20.065866
2025-01-10,SKU_36,WH_3,SUP_1,West,313,12,254,0,14.63,26.22,0,0,21,2025,1,10,4,2,20.180353
2025-01-11,SKU_36,WH_3,SUP_1,West,313,12,254,0,14.63,26.22,0,0,21,2025,1,11,5,2,20.14528
2025-01-12,SKU_36,WH_3,SUP_1,West,313,12,254,0,14.63,26.22,0,0,21,2025,1,12,6,2,20.202492
2025-01-13,SKU_36,WH_3,SUP_1,West,313,12,254,0,14.63,26.22,0,0,21,2025,1,13,0,3,20.09095
2025-01-14,SKU_36,WH_3,SUP_1,West,313,12,254,0,14.63,26.22,0,0,21,2025,1,14,1,3,20.196863
2025-01-15,SKU_36,WH_3,SUP_1,West,313,12,254,0,14.63,26.22,0,0,21,2025,1,15,2,3,20.212051
2025-01-16,SKU_36,WH_3,SUP_1,West,313,12,254,0,14.63,26.22,0,0,21,2025,1,16,3,3,20.19825
2025-01-17,SKU_36,WH_3,SUP_1,West,313,12,254,0,14.63,26.22,0,0,21,2025,1,17,4,3,20.258106
2025-01-18,SKU_36,WH_3,SUP_1,West,313,12,254,0,14.63,26.22,0,0,21,2025,1,18,5,3,20.356504
2025-01-19,SKU_36,WH_3,SUP_1,West,313,12,254,0,14.63,26.22,0,0,21,2025,1,19,6,3,20.42892
2025-01-20,SKU_36,WH_3,SUP_1,West,313,12,254,0,14.63,26.22,0,0,21,2025,1,20,0,4,19.99266
2025-01-21,SKU_36,WH_3,SUP_1,West,313,12,254,0,14.63,26.22,0,0,21,2025,1,21,1,4,20.066706
2025-01-22,SKU_36,WH_3,SUP_1,West,313,12,254,0,14.63,26.22,0,0,21,2025,1,22,2,4,20.13565
2025-01-23,SKU_36,WH_3,SUP_1,West,313,12,254,0,14.63,26.22,0,0,21,2025,1,23,3,4,20.12356
2025-01-24,SKU_36,WH_3,SUP_1,West,313,12,254,0,14.63,26.22,0,0,21,2025,1,24,4,4,20.215895
2025-01-25,SKU_36,WH_3,SUP_1,West,313,12,254,0,14.63,26.22,0,0,21,2025,1,25,5,4,20.359144
2025-01-26,SKU_36,WH_3,SUP_1,West,313,12,254,0,14.63,26.22,0,0,21,2025,1,26,6,4,20.40971
2025-01-27,SKU_36,WH_3,SUP_1,West,313,12,254,0,14.63,26.22,0,0,21,2025,1,27,0,5,19.802511
2025-01-28,SKU_36,WH_3,SUP_1,West,313,12,254,0,14.63,26.22,0,0,21,2025,1,28,1,5,19.915958
2025-01-29,SKU_36,WH_3,SUP_1,West,313,12,254,0,14.63,26.22,0,0,21,2025,1,29,2,5,19.930632
2024-12-31,SKU_36,WH_2,SUP_4,East,462,10,360,0,5.45,9.75,0,0,17,2024,12,31,1,1,16.54731
2025-01-01,SKU_36,WH_2,SUP_4,East,462,10,360,0,5.45,9.75,0,0,17,2025,1,1,2,1,16.79831
2025-01-02,SKU_36,WH_2,SUP_4,East,462,10,360,0,5.45,9.75,0,0,17,2025,1,2,3,1,16.698313
2025-01-03,SKU_36,WH_2,SUP_4,East,462,10,360,0,5.45,9.75,0,0,17,2025,1,3,4,1,16.838089
2025-01-04,SKU_36,WH_2,SUP_4,East,462,10,360,0,5.45,9.75,0,0,17,2025,1,4,5,1,16.472227
2025-01-05,SKU_36,WH_2,SUP_4,East,462,10,360,0,5.45,9.75,0,0,17,2025,1,5,6,1,16.542974
2025-01-06,SKU_36,WH_2,SUP_4,East,462,10,360,0,5.45,9.75,0,0,17,2025,1,6,0,2,16.851665
2025-01-07,SKU_36,WH_2,SUP_4,East,462,10,360,0,5.45,9.75,0,0,17,2025,1,7,1,2,16.886148
2025-01-08,SKU_36,WH_2,SUP_4,East,462,10,360,0,5.45,9.75,0,0,17,2025,1,8,2,2,17.068047
2025-01-09,SKU_36,WH_2,SUP_4,East,462,10,360,0,5.45,9.75,0,0,17,2025,1,9,3,2,17.067755
2025-01-10,SKU_36,WH_2,SUP_4,East,462,10,360,0,5.45,9.75,0,0,17,2025,1,10,4,2,17.099241
2025-01-11,SKU_36,WH_2,SUP_4,East,462,10,360,0,5.45,9.75,0,0,17,2025,1,11,5,2,16.834652
2025-01-12,SKU_36,WH_2,SUP_4,East,462,10,360,0,5.45,9.75,0,0,17,2025,1,12,6,2,16.861252
2025-01-13,SKU_36,WH_2,SUP_4,East,462,10,360,0,5.45,9.75,0,0,17,2025,1,13,0,3,17.096228
2025-01-14,SKU_36,WH_2,SUP_4,East,462,10,360,0,5.45,9.75,0,0,17,2025,1,14,1,3,17.120136
2025-01-15,SKU_36,WH_2,SUP_4,East,462,10,360,0,5.45,9.75,0,0,17,2025,1,15,2,3,17.207457
2025-01-16,SKU_36,WH_2,SUP_4,East,462,10,360,0,5.45,9.75,0,0,17,2025,1,16,3,3,17.246212
2025-01-17,SKU_36,WH_2,SUP_4,East,462,10,360,0,5.45,9.75,0,0,17,2025,1,17,4,3,17.22731
2025-01-18,SKU_36,WH_2,SUP_4,East,462,10,360,0,5.45,9.75,0,0,17,2025,1,18,5,3,17.080061
2025-01-19,SKU_36,WH_2,SUP_4,East,462,10,360,0,5.45,9.75,0,0,17,2025,1,19,6,3,17.119352
2025-01-20,SKU_36,WH_2,SUP_4,East,462,10,360,0,5.45,9.75,0,0,17,2025,1,20,0,4,17.049076
2025-01-21,SKU_36,WH_2,SUP_4,East,462,10,360,0,5.45,9.75,0,0,17,2025,1,21,1,4,17.02316
2025-01-22,SKU_36,WH_2,SUP_4,East,462,10,360,0,5.45,9.75,0,0,17,2025,1,22,2,4,17.207195
2025-01-23,SKU_36,WH_2,SUP_4,East,462,10,360,0,5.45,9.75,0,0,17,2025,1,23,3,4,17.221212
2025-01-24,SKU_36,WH_2,SUP_4,East,462,10,360,0,5.45,9.75,0,0,17,2025,1,24,4,4,17.208624
2025-01-25,SKU_36,WH_2,SUP_4,East,462,10,360,0,5.45,9.75,0,0,17,2025,1,25,5,4,17.0363
2025-01-26,SKU_36,WH_2,SUP_4,East,462,10,360,0,5.45,9.75,0,0,17,2025,1,26,6,4,17.030525
2025-01-27,SKU_36,WH_2,SUP_4,East,462,10,360,0,5.45,9.75,0,0,17,2025,1,27,0,5,17.240702
2025-01-28,SKU_36,WH_2,SUP_4,East,462,10,360,0,5.45,9.75,0,0,17,2025,1,28,1,5,17.156263
2025-01-29,SKU_36,WH_2,SUP_4,East,462,10,360,0,5.45,9.75,0,0,17,2025,1,29,2,5,17.352552
2024-12-31,SKU_36,WH_1,SUP_5,North,386,12,270,0,15.52,21.15,0,0,29,2024,12,31,1,1,28.43842
2025-01-01,SKU_36,WH_1,SUP_5,North,386,12,270,0,15.52,21.15,0,0,29,2025,1,1,2,1,28.353607
2025-01-02,SKU_36,WH_1,SUP_5,North,386,12,270,0,15.52,21.15,0,0,29,2025,1,2,3,1,28.329237
2025-01-03,SKU_36,WH_1,SUP_5,North,386,12,270,0,15.52,21.15,0,0,29,2025,1,3,4,1,28.504837
2025-01-04,SKU_36,WH_1,SUP_5,North,386,12,270,0,15.52,21.15,0,0,29,2025,1,4,5,1,28.464281
2025-01-05,SKU_36,WH_1,SUP_5,North,386,12,270,0,15.52,21.15,0,0,29,2025,1,5,6,1,28.576866
2025-01-06,SKU_36,WH_1,SUP_5,North,386,12,270,0,15.52,21.15,0,0,29,2025,1,6,0,2,28.42534
2025-01-07,SKU_36,WH_1,SUP_5,North,386,12,270,0,15.52,21.15,0,0,29,2025,1,7,1,2,28.421286
2025-01-08,SKU_36,WH_1,SUP_5,North,386,12,270,0,15.52,21.15,0,0,29,2025,1,8,2,2,28.590338
2025-01-09,SKU_36,WH_1,SUP_5,North,386,12,270,0,15.52,21.15,0,0,29,2025,1,9,3,2,28.632778
2025-01-10,SKU_36,WH_1,SUP_5,North,386,12,270,0,15.52,21.15,0,0,29,2025,1,10,4,2,28.668585
2025-01-11,SKU_36,WH_1,SUP_5,North,386,12,270,0,15.52,21.15,0,0,29,2025,1,11,5,2,28.59841
2025-01-12,SKU_36,WH_1,SUP_5,North,386,12,270,0,15.52,21.15,0,0,29,2025,1,12,6,2,28.695938
2025-01-13,SKU_36,WH_1,SUP_5,North,386,12,270,0,15.52,21.15,0,0,29,2025,1,13,0,3,28.56434
2025-01-14,SKU_36,WH_1,SUP_5,North,386,12,270,0,15.52,21.15,0,0,29,2025,1,14,1,3,28.647333
2025-01-15,SKU_36,WH_1,SUP_5,North,386,12,270,0,15.52,21.15,0,0,29,2025,1,15,2,3,28.730568
2025-01-16,SKU_36,WH_1,SUP_5,North,386,12,270,0,15.52,21.15,0,0,29,2025,1,16,3,3,28.716766
2025-01-17,SKU_36,WH_1,SUP_5,North,386,12,270,0,15.52,21.15,0,0,29,2025,1,17,4,3,28.698788
2025-01-18,SKU_36,WH_1,SUP_5,North,386,12,270,0,15.52,21.15,0,0,29,2025,1,18,5,3,28.764063
2025-01-19,SKU_36,WH_1,SUP_5,North,386,12,270,0,15.52,21.15,0,0,29,2025,1,19,6,3,28.868391
2025-01-20,SKU_36,WH_1,SUP_5,North,386,12,270,0,15.52,21.15,0,0,29,2025,1,20,0,4,28.518314
2025-01-21,SKU_36,WH_1,SUP_5,North,386,12,270,0,15.52,21.15,0,0,29,2025,1,21,1,4,28.544512
2025-01-22,SKU_36,WH_1,SUP_5,North,386,12,270,0,15.52,21.15,0,0,29,2025,1,22,2,4,28.674824
2025-01-23,SKU_36,WH_1,SUP_5,North,386,12,270,0,15.52,21.15,0,0,29,2025,1,23,3,4,28.662733
2025-01-24,SKU_36,WH_1,SUP_5,North,386,12,270,0,15.52,21.15,0,0,29,2025,1,24,4,4,28.646805
2025-01-25,SKU_36,WH_1,SUP_5,North,386,12,270,0,15.52,21.15,0,0,29,2025,1,25,5,4,28.715387
2025-01-26,SKU_36,WH_1,SUP_5,North,386,12,270,0,15.52,21.15,0,0,29,2025,1,26,6,4,28.739162
2025-01-27,SKU_36,WH_1,SUP_5,North,386,12,270,0,15.52,21.15,0,0,29,2025,1,27,0,5,28.639889
2025-01-28,SKU_36,WH_1,SUP_5,North,386,12,270,0,15.52,21.15,0,0,29,2025,1,28,1,5,28.739058
2025-01-29,SKU_36,WH_1,SUP_5,North,386,12,270,0,15.52,21.15,0,0,29,2025,1,29,2,5,28.961987
2024-12-31,SKU_35,WH_5,SUP_7,North,382,2,277,0,5.92,8.87,0,0,6,2024,12,31,1,1,6.637975
2025-01-01,SKU_35,WH_5,SUP_7,North,382,2,277,0,5.92,8.87,0,0,6,2025,1,1,2,1,6.7557907
2025-01-02,SKU_35,WH_5,SUP_7,North,382,2,277,0,5.92,8.87,0,0,6,2025,1,2,3,1,6.4664316
2025-01-03,SKU_35,WH_5,SUP_7,North,382,2,277,0,5.92,8.87,0,0,6,2025,1,3,4,1,6.4935594
2025-01-04,SKU_35,WH_5,SUP_7,North,382,2,277,0,5.92,8.87,0,0,6,2025,1,4,5,1,6.5124454
2025-01-05,SKU_35,WH_5,SUP_7,North,382,2,277,0,5.92,8.87,0,0,6,2025,1,5,6,1,6.6874704
2025-01-06,SKU_35,WH_5,SUP_7,North,382,2,277,0,5.92,8.87,0,0,6,2025,1,6,0,2,6.821216
2025-01-07,SKU_35,WH_5,SUP_7,North,382,2,277,0,5.92,8.87,0,0,6,2025,1,7,1,2,6.7459054
2025-01-08,SKU_35,WH_5,SUP_7,North,382,2,277,0,5.92,8.87,0,0,6,2025,1,8,2,2,6.754822
2025-01-09,SKU_35,WH_5,SUP_7,North,382,2,277,0,5.92,8.87,0,0,6,2025,1,9,3,2,6.7151866
2025-01-10,SKU_35,WH_5,SUP_7,North,382,2,277,0,5.92,8.87,0,0,6,2025,1,10,4,2,6.642069
2025-01-11,SKU_35,WH_5,SUP_7,North,382,2,277,0,5.92,8.87,0,0,6,2025,1,11,5,2,6.5842085
2025-01-12,SKU_35,WH_5,SUP_7,North,382,2,277,0,5.92,8.87,0,0,6,2025,1,12,6,2,6.738497
2025-01-13,SKU_35,WH_5,SUP_7,North,382,2,277,0,5.92,8.87,0,0,6,2025,1,13,0,3,6.70599
2025-01-14,SKU_35,WH_5,SUP_7,North,382,2,277,0,5.92,8.87,0,0,6,2025,1,14,1,3,6.7624626
2025-01-15,SKU_35,WH_5,SUP_7,North,382,2,277,0,5.92,8.87,0,0,6,2025,1,15,2,3,6.6815863
2025-01-16,SKU_35,WH_5,SUP_7,North,382,2,277,0,5.92,8.87,0,0,6,2025,1,16,3,3,6.694402
2025-01-17,SKU_35,WH_5,SUP_7,North,382,2,277,0,5.92,8.87,0,0,6,2025,1,17,4,3,6.7932677
2025-01-18,SKU_35,WH_5,SUP_7,North,382,2,277,0,5.92,8.87,0,0,6,2025,1,18,5,3,6.9114304
2025-01-19,SKU_35,WH_5,SUP_7,North,382,2,277,0,5.92,8.87,0,0,6,2025,1,19,6,3,7.310679
2025-01-20,SKU_35,WH_5,SUP_7,North,382,2,277,0,5.92,8.87,0,0,6,2025,1,20,0,4,7.2332067
2025-01-21,SKU_35,WH_5,SUP_7,North,382,2,277,0,5.92,8.87,0,0,6,2025,1,21,1,4,7.186006
2025-01-22,SKU_35,WH_5,SUP_7,North,382,2,277,0,5.92,8.87,0,0,6,2025,1,22,2,4,7.0944576
2025-01-23,SKU_35,WH_5,SUP_7,North,382,2,277,0,5.92,8.87,0,0,6,2025,1,23,3,4,7.137311
2025-01-24,SKU_35,WH_5,SUP_7,North,382,2,277,0,5.92,8.87,0,0,6,2025,1,24,4,4,6.939531
2025-01-25,SKU_35,WH_5,SUP_7,North,382,2,277,0,5.92,8.87,0,0,6,2025,1,25,5,4,6.918862
2025-01-26,SKU_35,WH_5,SUP_7,North,382,2,277,0,5.92,8.87,0,0,6,2025,1,26,6,4,7.299286
2025-01-27,SKU_35,WH_5,SUP_7,North,382,2,277,0,5.92,8.87,0,0,6,2025,1,27,0,5,7.376682
2025-01-28,SKU_35,WH_5,SUP_7,North,382,2,277,0,5.92,8.87,0,0,6,2025,1,28,1,5,7.4152813
2025-01-29,SKU_35,WH_5,SUP_7,North,382,2,277,0,5.92,8.87,0,0,6,2025,1,29,2,5,7.4634995
2024-12-31,SKU_35,WH_4,SUP_7,West,231,2,207,0,6.38,9.83,0,0,20,2024,12,31,1,1,19.635857
2025-01-01,SKU_35,WH_4,SUP_7,West,231,2,207,0,6.38,9.83,0,0,20,2025,1,1,2,1,19.296965
2025-01-02,SKU_35,WH_4,SUP_7,West,231,2,207,0,6.38,9.83,0,0,20,2025,1,2,3,1,19.280516
2025-01-03,SKU_35,WH_4,SUP_7,West,231,2,207,0,6.38,9.83,0,0,20,2025,1,3,4,1,19.683517
2025-01-04,SKU_35,WH_4,SUP_7,West,231,2,207,0,6.38,9.83,0,0,20,2025,1,4,5,1,19.806572
2025-01-05,SKU_35,WH_4,SUP_7,West,231,2,207,0,6.38,9.83,0,0,20,2025,1,5,6,1,19.705805
2025-01-06,SKU_35,WH_4,SUP_7,West,231,2,207,0,6.38,9.83,0,0,20,2025,1,6,0,2,19.823645
2025-01-07,SKU_35,WH_4,SUP_7,West,231,2,207,0,6.38,9.83,0,0,20,2025,1,7,1,2,19.809317
2025-01-08,SKU_35,WH_4,SUP_7,West,231,2,207,0,6.38,9.83,0,0,20,2025,1,8,2,2,20.015562
2025-01-09,SKU_35,WH_4,SUP_7,West,231,2,207,0,6.38,9.83,0,0,20,2025,1,9,3,2,20.05559
2025-01-10,SKU_35,WH_4,SUP_7,West,231,2,207,0,6.38,9.83,0,0,20,2025,1,10,4,2,20.193792
2025-01-11,SKU_35,WH_4,SUP_7,West,231,2,207,0,6.38,9.83,0,0,20,2025,1,11,5,2,20.196575
2025-01-12,SKU_35,WH_4,SUP_7,West,231,2,207,0,6.38,9.83,0,0,20,2025,1,12,6,2,20.024002
2025-01-13,SKU_35,WH_4,SUP_7,West,231,2,207,0,6.38,9.83,0,0,20,2025,1,13,0,3,19.828005
2025-01-14,SKU_35,WH_4,SUP_7,West,231,2,207,0,6.38,9.83,0,0,20,2025,1,14,1,3,19.862246
2025-01-15,SKU_35,WH_4,SUP_7,West,231,2,207,0,6.38,9.83,0,0,20,2025,1,15,2,3,19.930216
2025-01-16,SKU_35,WH_4,SUP_7,West,231,2,207,0,6.38,9.83,0,0,20,2025,1,16,3,3,19.981087
2025-01-17,SKU_35,WH_4,SUP_7,West,231,2,207,0,6.38,9.83,0,0,20,2025,1,17,4,3,20.122633
2025-01-18,SKU_35,WH_4,SUP_7,West,231,2,207,0,6.38,9.83,0,0,20,2025,1,18,5,3,20.29396
2025-01-19,SKU_35,WH_4,SUP_7,West,231,2,207,0,6.38,9.83,0,0,20,2025,1,19,6,3,20.144445
2025-01-20,SKU_35,WH_4,SUP_7,West,231,2,207,0,6.38,9.83,0,0,20,2025,1,20,0,4,19.885475
2025-01-21,SKU_35,WH_4,SUP_7,West,231,2,207,0,6.38,9.83,0,0,20,2025,1,21,1,4,19.820248
2025-01-22,SKU_35,WH_4,SUP_7,West,231,2,207,0,6.38,9.83,0,0,20,2025,1,22,2,4,19.886349
2025-01-23,SKU_35,WH_4,SUP_7,West,231,2,207,0,6.38,9.83,0,0,20,2025,1,23,3,4,19.967619
2025-01-24,SKU_35,WH_4,SUP_7,West,231,2,207,0,6.38,9.83,0,0,20,2025,1,24,4,4,20.116022
2025-01-25,SKU_35,WH_4,SUP_7,West,231,2,207,0,6.38,9.83,0,0,20,2025,1,25,5,4,20.146866
2025-01-26,SKU_35,WH_4,SUP_7,West,231,2,207,0,6.38,9.83,0,0,20,2025,1,26,6,4,20.213003
2025-01-27,SKU_35,WH_4,SUP_7,West,231,2,207,0,6.38,9.83,0,0,20,2025,1,27,0,5,19.431646
2025-01-28,SKU_35,WH_4,SUP_7,West,231,2,207,0,6.38,9.83,0,0,20,2025,1,28,1,5,19.492912
2025-01-29,SKU_35,WH_4,SUP_7,West,231,2,207,0,6.38,9.83,0,0,20,2025,1,29,2,5,19.477045
2024-12-31,SKU_35,WH_3,SUP_8,North,330,7,277,0,16.96,26.07,0,0,18,2024,12,31,1,1,17.706396
2025-01-01,SKU_35,WH_3,SUP_8,North,330,7,277,0,16.96,26.07,0,0,18,2025,1,1,2,1,17.875122
2025-01-02,SKU_35,WH_3,SUP_8,North,330,7,277,0,16.96,26.07,0,0,18,2025,1,2,3,1,17.875246
2025-01-03,SKU_35,WH_3,SUP_8,North,330,7,277,0,16.96,26.07,0,0,18,2025,1,3,4,1,18.032503
2025-01-04,SKU_35,WH_3,SUP_8,North,330,7,277,0,16.96,26.07,0,0,18,2025,1,4,5,1,18.134491
2025-01-05,SKU_35,WH_3,SUP_8,North,330,7,277,0,16.96,26.07,0,0,18,2025,1,5,6,1,18.060251
2025-01-06,SKU_35,WH_3,SUP_8,North,330,7,277,0,16.96,26.07,0,0,18,2025,1,6,0,2,17.999474
2025-01-07,SKU_35,WH_3,SUP_8,North,330,7,277,0,16.96,26.07,0,0,18,2025,1,7,1,2,18.03448
2025-01-08,SKU_35,WH_3,SUP_8,North,330,7,277,0,16.96,26.07,0,0,18,2025,1,8,2,2,18.121357
2025-01-09,SKU_35,WH_3,SUP_8,North,330,7,277,0,16.96,26.07,0,0,18,2025,1,9,3,2,18.133982
2025-01-10,SKU_35,WH_3,SUP_8,North,330,7,277,0,16.96,26.07,0,0,18,2025,1,10,4,2,18.119041
2025-01-11,SKU_35,WH_3,SUP_8,North,330,7,277,0,16.96,26.07,0,0,18,2025,1,11,5,2,18.066824
2025-01-12,SKU_35,WH_3,SUP_8,North,330,7,277,0,16.96,26.07,0,0,18,2025,1,12,6,2,17.971846
2025-01-13,SKU_35,WH_3,SUP_8,North,330,7,277,0,16.96,26.07,0,0,18,2025,1,13,0,3,17.966484
2025-01-14,SKU_35,WH_3,SUP_8,North,330,7,277,0,16.96,26.07,0,0,18,2025,1,14,1,3,18.084948
2025-01-15,SKU_35,WH_3,SUP_8,North,330,7,277,0,16.96,26.07,0,0,18,2025,1,15,2,3,18.07937
2025-01-16,SKU_35,WH_3,SUP_8,North,330,7,277,0,16.96,26.07,0,0,18,2025,1,16,3,3,18.076788
2025-01-17,SKU_35,WH_3,SUP_8,North,330,7,277,0,16.96,26.07,0,0,18,2025,1,17,4,3,18.062637
2025-01-18,SKU_35,WH_3,SUP_8,North,330,7,277,0,16.96,26.07,0,0,18,2025,1,18,5,3,18.145866
2025-01-19,SKU_35,WH_3,SUP_8,North,330,7,277,0,16.96,26.07,0,0,18,2025,1,19,6,3,18.069729
2025-01-20,SKU_35,WH_3,SUP_8,North,330,7,277,0,16.96,26.07,0,0,18,2025,1,20,0,4,17.824528
2025-01-21,SKU_35,WH_3,SUP_8,North,330,7,277,0,16.96,26.07,0,0,18,2025,1,21,1,4,17.91598
2025-01-22,SKU_35,WH_3,SUP_8,North,330,7,277,0,16.96,26.07,0,0,18,2025,1,22,2,4,17.897335
2025-01-23,SKU_35,WH_3,SUP_8,North,330,7,277,0,16.96,26.07,0,0,18,2025,1,23,3,4,17.914833
2025-01-24,SKU_35,WH_3,SUP_8,North,330,7,277,0,16.96,26.07,0,0,18,2025,1,24,4,4,17.901278
2025-01-25,SKU_35,WH_3,SUP_8,North,330,7,277,0,16.96,26.07,0,0,18,2025,1,25,5,4,17.88431
2025-01-26,SKU_35,WH_3,SUP_8,North,330,7,277,0,16.96,26.07,0,0,18,2025,1,26,6,4,17.831776
2025-01-27,SKU_35,WH_3,SUP_8,North,330,7,277,0,16.96,26.07,0,0,18,2025,1,27,0,5,17.52748
2025-01-28,SKU_35,WH_3,SUP_8,North,330,7,277,0,16.96,26.07,0,0,18,2025,1,28,1,5,17.686968
2025-01-29,SKU_35,WH_3,SUP_8,North,330,7,277,0,16.96,26.07,0,0,18,2025,1,29,2,5,17.674904
2024-12-31,SKU_25,WH_4,SUP_6,East,375,9,273,0,12.02,19.24,0,0,19,2024,12,31,1,1,18.710478
2025-01-01,SKU_25,WH_4,SUP_6,East,375,9,273,0,12.02,19.24,0,0,19,2025,1,1,2,1,18.679146
2025-01-02,SKU_25,WH_4,SUP_6,East,375,9,273,0,12.02,19.24,0,0,19,2025,1,2,3,1,18.695284
2025-01-03,SKU_25,WH_4,SUP_6,East,375,9,273,0,12.02,19.24,0,0,19,2025,1,3,4,1,18.883467
2025-01-04,SKU_25,WH_4,SUP_6,East,375,9,273,0,12.02,19.24,0,0,19,2025,1,4,5,1,18.978226
2025-01-05,SKU_25,WH_4,SUP_6,East,375,9,273,0,12.02,19.24,0,0,19,2025,1,5,6,1,19.038845
2025-01-06,SKU_25,WH_4,SUP_6,East,375,9,273,0,12.02,19.24,0,0,19,2025,1,6,0,2,18.830833
2025-01-07,SKU_25,WH_4,SUP_6,East,375,9,273,0,12.02,19.24,0,0,19,2025,1,7,1,2,18.783579
2025-01-08,SKU_25,WH_4,SUP_6,East,375,9,273,0,12.02,19.24,0,0,19,2025,1,8,2,2,18.952593
2025-01-09,SKU_25,WH_4,SUP_6,East,375,9,273,0,12.02,19.24,0,0,19,2025,1,9,3,2,18.94024
2025-01-10,SKU_25,WH_4,SUP_6,East,375,9,273,0,12.02,19.24,0,0,19,2025,1,10,4,2,18.908833
2025-01-11,SKU_25,WH_4,SUP_6,East,375,9,273,0,12.02,19.24,0,0,19,2025,1,11,5,2,18.921324
2025-01-12,SKU_25,WH_4,SUP_6,East,375,9,273,0,12.02,19.24,0,0,19,2025,1,12,6,2,18.961206
2025-01-13,SKU_25,WH_4,SUP_6,East,375,9,273,0,12.02,19.24,0,0,19,2025,1,13,0,3,18.936863
2025-01-14,SKU_25,WH_4,SUP_6,East,375,9,273,0,12.02,19.24,0,0,19,2025,1,14,1,3,19.001677
2025-01-15,SKU_25,WH_4,SUP_6,East,375,9,273,0,12.02,19.24,0,0,19,2025,1,15,2,3,19.042719
2025-01-16,SKU_25,WH_4,SUP_6,East,375,9,273,0,12.02,19.24,0,0,19,2025,1,16,3,3,19.055025
2025-01-17,SKU_25,WH_4,SUP_6,East,375,9,273,0,12.02,19.24,0,0,19,2025,1,17,4,3,19.02563
2025-01-18,SKU_25,WH_4,SUP_6,East,375,9,273,0,12.02,19.24,0,0,19,2025,1,18,5,3,19.173412
2025-01-19,SKU_25,WH_4,SUP_6,East,375,9,273,0,12.02,19.24,0,0,19,2025,1,19,6,3,19.260857
2025-01-20,SKU_25,WH_4,SUP_6,East,375,9,273,0,12.02,19.24,0,0,19,2025,1,20,0,4,18.929235
2025-01-21,SKU_25,WH_4,SUP_6,East,375,9,273,0,12.02,19.24,0,0,19,2025,1,21,1,4,18.961605
2025-01-22,SKU_25,WH_4,SUP_6,East,375,9,273,0,12.02,19.24,0,0,19,2025,1,22,2,4,18.982899
2025-01-23,SKU_25,WH_4,SUP_6,East,375,9,273,0,12.02,19.24,0,0,19,2025,1,23,3,4,18.996916
2025-01-24,SKU_25,WH_4,SUP_6,East,375,9,273,0,12.02,19.24,0,0,19,2025,1,24,4,4,18.952394
2025-01-25,SKU_25,WH_4,SUP_6,East,375,9,273,0,12.02,19.24,0,0,19,2025,1,25,5,4,19.000135
2025-01-26,SKU_25,WH_4,SUP_6,East,375,9,273,0,12.02,19.24,0,0,19,2025,1,26,6,4,19.109936
2025-01-27,SKU_25,WH_4,SUP_6,East,375,9,273,0,12.02,19.24,0,0,19,2025,1,27,0,5,18.491337
2025-01-28,SKU_25,WH_4,SUP_6,East,375,9,273,0,12.02,19.24,0,0,19,2025,1,28,1,5,18.49674
2025-01-29,SKU_25,WH_4,SUP_6,East,375,9,273,0,12.02,19.24,0,0,19,2025,1,29,2,5,18.514568
2024-12-31,SKU_35,WH_2,SUP_4,North,613,12,356,0,13.09,21.71,0,0,13,2024,12,31,1,1,13.469261
2025-01-01,SKU_35,WH_2,SUP_4,North,613,12,356,0,13.09,21.71,0,0,13,2025,1,1,2,1,13.416046
2025-01-02,SKU_35,WH_2,SUP_4,North,613,12,356,0,13.09,21.71,0,0,13,2025,1,2,3,1,13.317931
2025-01-03,SKU_35,WH_2,SUP_4,North,613,12,356,0,13.09,21.71,0,0,13,2025,1,3,4,1,13.416657
2025-01-04,SKU_35,WH_2,SUP_4,North,613,12,356,0,13.09,21.71,0,0,13,2025,1,4,5,1,13.51919
2025-01-05,SKU_35,WH_2,SUP_4,North,613,12,356,0,13.09,21.71,0,0,13,2025,1,5,6,1,13.484668
2025-01-06,SKU_35,WH_2,SUP_4,North,613,12,356,0,13.09,21.71,0,0,13,2025,1,6,0,2,13.485381
2025-01-07,SKU_35,WH_2,SUP_4,North,613,12,356,0,13.09,21.71,0,0,13,2025,1,7,1,2,13.501528
2025-01-08,SKU_35,WH_2,SUP_4,North,613,12,356,0,13.09,21.71,0,0,13,2025,1,8,2,2,13.59889
2025-01-09,SKU_35,WH_2,SUP_4,North,613,12,356,0,13.09,21.71,0,0,13,2025,1,9,3,2,13.61455
2025-01-10,SKU_35,WH_2,SUP_4,North,613,12,356,0,13.09,21.71,0,0,13,2025,1,10,4,2,13.681092
2025-01-11,SKU_35,WH_2,SUP_4,North,613,12,356,0,13.09,21.71,0,0,13,2025,1,11,5,2,13.689749
2025-01-12,SKU_35,WH_2,SUP_4,North,613,12,356,0,13.09,21.71,0,0,13,2025,1,12,6,2,13.647273
2025-01-13,SKU_35,WH_2,SUP_4,North,613,12,356,0,13.09,21.71,0,0,13,2025,1,13,0,3,13.546641
2025-01-14,SKU_35,WH_2,SUP_4,North,613,12,356,0,13.09,21.71,0,0,13,2025,1,14,1,3,13.588108
2025-01-15,SKU_35,WH_2,SUP_4,North,613,12,356,0,13.09,21.71,0,0,13,2025,1,15,2,3,13.595492
2025-01-16,SKU_35,WH_2,SUP_4,North,613,12,356,0,13.09,21.71,0,0,13,2025,1,16,3,3,13.619509
2025-01-17,SKU_35,WH_2,SUP_4,North,613,12,356,0,13.09,21.71,0,0,13,2025,1,17,4,3,13.617578
2025-01-18,SKU_35,WH_2,SUP_4,North,613,12,356,0,13.09,21.71,0,0,13,2025,1,18,5,3,13.752712
2025-01-19,SKU_35,WH_2,SUP_4,North,613,12,356,0,13.09,21.71,0,0,13,2025,1,19,6,3,13.71819
2025-01-20,SKU_35,WH_2,SUP_4,North,613,12,356,0,13.09,21.71,0,0,13,2025,1,20,0,4,13.503661
2025-01-21,SKU_35,WH_2,SUP_4,North,613,12,356,0,13.09,21.71,0,0,13,2025,1,21,1,4,13.485691
2025-01-22,SKU_35,WH_2,SUP_4,North,613,12,356,0,13.09,21.71,0,0,13,2025,1,22,2,4,13.480423
2025-01-23,SKU_35,WH_2,SUP_4,North,613,12,356,0,13.09,21.71,0,0,13,2025,1,23,3,4,13.50615
2025-01-24,SKU_35,WH_2,SUP_4,North,613,12,356,0,13.09,21.71,0,0,13,2025,1,24,4,4,13.522599
2025-01-25,SKU_35,WH_2,SUP_4,North,613,12,356,0,13.09,21.71,0,0,13,2025,1,25,5,4,13.5746975
2025-01-26,SKU_35,WH_2,SUP_4,North,613,12,356,0,13.09,21.71,0,0,13,2025,1,26,6,4,13.570605
2025-01-27,SKU_35,WH_2,SUP_4,North,613,12,356,0,13.09,21.71,0,0,13,2025,1,27,0,5,13.526866
2025-01-28,SKU_35,WH_2,SUP_4,North,613,12,356,0,13.09,21.71,0,0,13,2025,1,28,1,5,13.587294
2025-01-29,SKU_35,WH_2,SUP_4,North,613,12,356,0,13.09,21.71,0,0,13,2025,1,29,2,5,13.761585
2024-12-31,SKU_34,WH_5,SUP_10,East,359,4,306,0,5.25,7.51,0,0,21,2024,12,31,1,1,20.382565
2025-01-01,SKU_34,WH_5,SUP_10,East,359,4,306,0,5.25,7.51,0,0,21,2025,1,1,2,1,20.733322
2025-01-02,SKU_34,WH_5,SUP_10,East,359,4,306,0,5.25,7.51,0,0,21,2025,1,2,3,1,20.563097
2025-01-03,SKU_34,WH_5,SUP_10,East,359,4,306,0,5.25,7.51,0,0,21,2025,1,3,4,1,20.786642
2025-01-04,SKU_34,WH_5,SUP_10,East,359,4,306,0,5.25,7.51,0,0,21,2025,1,4,5,1,20.80787
2025-01-05,SKU_34,WH_5,SUP_10,East,359,4,306,0,5.25,7.51,0,0,21,2025,1,5,6,1,20.689873
2025-01-06,SKU_34,WH_5,SUP_10,East,359,4,306,0,5.25,7.51,0,0,21,2025,1,6,0,2,21.203287
2025-01-07,SKU_34,WH_5,SUP_10,East,359,4,306,0,5.25,7.51,0,0,21,2025,1,7,1,2,21.107344
2025-01-08,SKU_34,WH_5,SUP_10,East,359,4,306,0,5.25,7.51,0,0,21,2025,1,8,2,2,21.21907
2025-01-09,SKU_34,WH_5,SUP_10,East,359,4,306,0,5.25,7.51,0,0,21,2025,1,9,3,2,21.126627
2025-01-10,SKU_34,WH_5,SUP_10,East,359,4,306,0,5.25,7.51,0,0,21,2025,1,10,4,2,21.13058
2025-01-11,SKU_34,WH_5,SUP_10,East,359,4,306,0,5.25,7.51,0,0,21,2025,1,11,5,2,21.092415
2025-01-12,SKU_34,WH_5,SUP_10,East,359,4,306,0,5.25,7.51,0,0,21,2025,1,12,6,2,21.053755
2025-01-13,SKU_34,WH_5,SUP_10,East,359,4,306,0,5.25,7.51,0,0,21,2025,1,13,0,3,21.172508
2025-01-14,SKU_34,WH_5,SUP_10,East,359,4,306,0,5.25,7.51,0,0,21,2025,1,14,1,3,21.121687
2025-01-15,SKU_34,WH_5,SUP_10,East,359,4,306,0,5.25,7.51,0,0,21,2025,1,15,2,3,21.135342
2025-01-16,SKU_34,WH_5,SUP_10,East,359,4,306,0,5.25,7.51,0,0,21,2025,1,16,3,3,21.124302
2025-01-17,SKU_34,WH_5,SUP_10,East,359,4,306,0,5.25,7.51,0,0,21,2025,1,17,4,3,21.124104
2025-01-18,SKU_34,WH_5,SUP_10,East,359,4,306,0,5.25,7.51,0,0,21,2025,1,18,5,3,21.218952
2025-01-19,SKU_34,WH_5,SUP_10,East,359,4,306,0,5.25,7.51,0,0,21,2025,1,19,6,3,21.214495
2025-01-20,SKU_34,WH_5,SUP_10,East,359,4,306,0,5.25,7.51,0,0,21,2025,1,20,0,4,21.032217
2025-01-21,SKU_34,WH_5,SUP_10,East,359,4,306,0,5.25,7.51,0,0,21,2025,1,21,1,4,20.955057
2025-01-22,SKU_34,WH_5,SUP_10,East,359,4,306,0,5.25,7.51,0,0,21,2025,1,22,2,4,20.95545
2025-01-23,SKU_34,WH_5,SUP_10,East,359,4,306,0,5.25,7.51,0,0,21,2025,1,23,3,4,20.94336
2025-01-24,SKU_34,WH_5,SUP_10,East,359,4,306,0,5.25,7.51,0,0,21,2025,1,24,4,4,20.965714
2025-01-25,SKU_34,WH_5,SUP_10,East,359,4,306,0,5.25,7.51,0,0,21,2025,1,25,5,4,20.899963
2025-01-26,SKU_34,WH_5,SUP_10,East,359,4,306,0,5.25,7.51,0,0,21,2025,1,26,6,4,20.908941
2025-01-27,SKU_34,WH_5,SUP_10,East,359,4,306,0,5.25,7.51,0,0,21,2025,1,27,0,5,20.66882
2025-01-28,SKU_34,WH_5,SUP_10,East,359,4,306,0,5.25,7.51,0,0,21,2025,1,28,1,5,20.63125
2025-01-29,SKU_34,WH_5,SUP_10,East,359,4,306,0,5.25,7.51,0,0,21,2025,1,29,2,5,20.644905
2024-12-31,SKU_34,WH_4,SUP_7,West,279,2,245,0,10.32,14.5,0,0,14,2024,12,31,1,1,12.7375965
2025-01-01,SKU_34,WH_4,SUP_7,West,279,2,245,0,10.32,14.5,0,0,14,2025,1,1,2,1,13.237449
2025-01-02,SKU_34,WH_4,SUP_7,West,279,2,245,0,10.32,14.5,0,0,14,2025,1,2,3,1,13.143121
2025-01-03,SKU_34,WH_4,SUP_7,West,279,2,245,0,10.32,14.5,0,0,14,2025,1,3,4,1,13.302647
2025-01-04,SKU_34,WH_4,SUP_7,West,279,2,245,0,10.32,14.5,0,0,14,2025,1,4,5,1,13.442031
2025-01-05,SKU_34,WH_4,SUP_7,West,279,2,245,0,10.32,14.5,0,0,14,2025,1,5,6,1,13.385421
2025-01-06,SKU_34,WH_4,SUP_7,West,279,2,245,0,10.32,14.5,0,0,14,2025,1,6,0,2,13.669388
2025-01-07,SKU_34,WH_4,SUP_7,West,279,2,245,0,10.32,14.5,0,0,14,2025,1,7,1,2,13.503478
2025-01-08,SKU_34,WH_4,SUP_7,West,279,2,245,0,10.32,14.5,0,0,14,2025,1,8,2,2,13.6594095
2025-01-09,SKU_34,WH_4,SUP_7,West,279,2,245,0,10.32,14.5,0,0,14,2025,1,9,3,2,13.676023
2025-01-10,SKU_34,WH_4,SUP_7,West,279,2,245,0,10.32,14.5,0,0,14,2025,1,10,4,2,13.649163
2025-01-11,SKU_34,WH_4,SUP_7,West,279,2,245,0,10.32,14.5,0,0,14,2025,1,11,5,2,13.597271
2025-01-12,SKU_34,WH_4,SUP_7,West,279,2,245,0,10.32,14.5,0,0,14,2025,1,12,6,2,13.609896
2025-01-13,SKU_34,WH_4,SUP_7,West,279,2,245,0,10.32,14.5,0,0,14,2025,1,13,0,3,13.879272
2025-01-14,SKU_34,WH_4,SUP_7,West,279,2,245,0,10.32,14.5,0,0,14,2025,1,14,1,3,13.859203
2025-01-15,SKU_34,WH_4,SUP_7,West,279,2,245,0,10.32,14.5,0,0,14,2025,1,15,2,3,13.8833475
2025-01-16,SKU_34,WH_4,SUP_7,West,279,2,245,0,10.32,14.5,0,0,14,2025,1,16,3,3,13.925595
2025-01-17,SKU_34,WH_4,SUP_7,West,279,2,245,0,10.32,14.5,0,0,14,2025,1,17,4,3,13.905595
2025-01-18,SKU_34,WH_4,SUP_7,West,279,2,245,0,10.32,14.5,0,0,14,2025,1,18,5,3,14.02225
2025-01-19,SKU_34,WH_4,SUP_7,West,279,2,245,0,10.32,14.5,0,0,14,2025,1,19,6,3,13.976451
2025-01-20,SKU_34,WH_4,SUP_7,West,279,2,245,0,10.32,14.5,0,0,14,2025,1,20,0,4,13.993033
2025-01-21,SKU_34,WH_4,SUP_7,West,279,2,245,0,10.32,14.5,0,0,14,2025,1,21,1,4,13.828636
2025-01-22,SKU_34,WH_4,SUP_7,West,279,2,245,0,10.32,14.5,0,0,14,2025,1,22,2,4,13.833031
2025-01-23,SKU_34,WH_4,SUP_7,West,279,2,245,0,10.32,14.5,0,0,14,2025,1,23,3,4,13.936787
2025-01-24,SKU_34,WH_4,SUP_7,West,279,2,245,0,10.32,14.5,0,0,14,2025,1,24,4,4,13.833655
2025-01-25,SKU_34,WH_4,SUP_7,West,279,2,245,0,10.32,14.5,0,0,14,2025,1,25,5,4,13.774455
2025-01-26,SKU_34,WH_4,SUP_7,West,279,2,245,0,10.32,14.5,0,0,14,2025,1,26,6,4,13.751015
2025-01-27,SKU_34,WH_4,SUP_7,West,279,2,245,0,10.32,14.5,0,0,14,2025,1,27,0,5,13.990513
2025-01-28,SKU_34,WH_4,SUP_7,West,279,2,245,0,10.32,14.5,0,0,14,2025,1,28,1,5,13.888563
2025-01-29,SKU_34,WH_4,SUP_7,West,279,2,245,0,10.32,14.5,0,0,14,2025,1,29,2,5,13.852935
2024-12-31,SKU_34,WH_3,SUP_5,East,640,13,260,0,5.63,8.49,0,0,16,2024,12,31,1,1,15.6147585
2025-01-01,SKU_34,WH_3,SUP_5,East,640,13,260,0,5.63,8.49,0,0,16,2025,1,1,2,1,15.90771
2025-01-02,SKU_34,WH_3,SUP_5,East,640,13,260,0,5.63,8.49,0,0,16,2025,1,2,3,1,15.689631
2025-01-03,SKU_34,WH_3,SUP_5,East,640,13,260,0,5.63,8.49,0,0,16,2025,1,3,4,1,15.680568
2025-01-04,SKU_34,WH_3,SUP_5,East,640,13,260,0,5.63,8.49,0,0,16,2025,1,4,5,1,15.556945
2025-01-05,SKU_34,WH_3,SUP_5,East,640,13,260,0,5.63,8.49,0,0,16,2025,1,5,6,1,15.4921875
2025-01-06,SKU_34,WH_3,SUP_5,East,640,13,260,0,5.63,8.49,0,0,16,2025,1,6,0,2,15.757268
2025-01-07,SKU_34,WH_3,SUP_5,East,640,13,260,0,5.63,8.49,0,0,16,2025,1,7,1,2,15.779118
2025-01-08,SKU_34,WH_3,SUP_5,East,640,13,260,0,5.63,8.49,0,0,16,2025,1,8,2,2,15.853562
2025-01-09,SKU_34,WH_3,SUP_5,East,640,13,260,0,5.63,8.49,0,0,16,2025,1,9,3,2,15.8645
2025-01-10,SKU_34,WH_3,SUP_5,East,640,13,260,0,5.63,8.49,0,0,16,2025,1,10,4,2,15.882399
2025-01-11,SKU_34,WH_3,SUP_5,East,640,13,260,0,5.63,8.49,0,0,16,2025,1,11,5,2,15.861252
2025-01-12,SKU_34,WH_3,SUP_5,East,640,13,260,0,5.63,8.49,0,0,16,2025,1,12,6,2,15.88265
2025-01-13,SKU_34,WH_3,SUP_5,East,640,13,260,0,5.63,8.49,0,0,16,2025,1,13,0,3,15.945454
2025-01-14,SKU_34,WH_3,SUP_5,East,640,13,260,0,5.63,8.49,0,0,16,2025,1,14,1,3,15.991029
2025-01-15,SKU_34,WH_3,SUP_5,East,640,13,260,0,5.63,8.49,0,0,16,2025,1,15,2,3,15.969313
2025-01-16,SKU_34,WH_3,SUP_5,East,640,13,260,0,5.63,8.49,0,0,16,2025,1,16,3,3,15.996091
2025-01-17,SKU_34,WH_3,SUP_5,East,640,13,260,0,5.63,8.49,0,0,16,2025,1,17,4,3,15.920591
2025-01-18,SKU_34,WH_3,SUP_5,East,640,13,260,0,5.63,8.49,0,0,16,2025,1,18,5,3,16.062716
2025-01-19,SKU_34,WH_3,SUP_5,East,640,13,260,0,5.63,8.49,0,0,16,2025,1,19,6,3,16.03037
2025-01-20,SKU_34,WH_3,SUP_5,East,640,13,260,0,5.63,8.49,0,0,16,2025,1,20,0,4,15.891732
2025-01-21,SKU_34,WH_3,SUP_5,East,640,13,260,0,5.63,8.49,0,0,16,2025,1,21,1,4,15.875105
2025-01-22,SKU_34,WH_3,SUP_5,East,640,13,260,0,5.63,8.49,0,0,16,2025,1,22,2,4,15.846807
2025-01-23,SKU_34,WH_3,SUP_5,East,640,13,260,0,5.63,8.49,0,0,16,2025,1,23,3,4,15.872533
2025-01-24,SKU_34,WH_3,SUP_5,East,640,13,260,0,5.63,8.49,0,0,16,2025,1,24,4,4,15.801319
2025-01-25,SKU_34,WH_3,SUP_5,East,640,13,260,0,5.63,8.49,0,0,16,2025,1,25,5,4,15.848299
2025-01-26,SKU_34,WH_3,SUP_5,East,640,13,260,0,5.63,8.49,0,0,16,2025,1,26,6,4,15.807152
2025-01-27,SKU_34,WH_3,SUP_5,East,640,13,260,0,5.63,8.49,0,0,16,2025,1,27,0,5,15.876338
2025-01-28,SKU_34,WH_3,SUP_5,East,640,13,260,0,5.63,8.49,0,0,16,2025,1,28,1,5,15.947548
2025-01-29,SKU_34,WH_3,SUP_5,East,640,13,260,0,5.63,8.49,0,0,16,2025,1,29,2,5,15.880519
2024-12-31,SKU_34,WH_2,SUP_1,East,275,5,248,0,9.1,15.43,0,0,13,2024,12,31,1,1,12.855344
2025-01-01,SKU_34,WH_2,SUP_1,East,275,5,248,0,9.1,15.43,0,0,13,2025,1,1,2,1,13.239603
2025-01-02,SKU_34,WH_2,SUP_1,East,275,5,248,0,9.1,15.43,0,0,13,2025,1,2,3,1,13.280347
2025-01-03,SKU_34,WH_2,SUP_1,East,275,5,248,0,9.1,15.43,0,0,13,2025,1,3,4,1,13.401711
2025-01-04,SKU_34,WH_2,SUP_1,East,275,5,248,0,9.1,15.43,0,0,13,2025,1,4,5,1,13.5266485
2025-01-05,SKU_34,WH_2,SUP_1,East,275,5,248,0,9.1,15.43,0,0,13,2025,1,5,6,1,13.505044
2025-01-06,SKU_34,WH_2,SUP_1,East,275,5,248,0,9.1,15.43,0,0,13,2025,1,6,0,2,13.590781
2025-01-07,SKU_34,WH_2,SUP_1,East,275,5,248,0,9.1,15.43,0,0,13,2025,1,7,1,2,13.43673
2025-01-08,SKU_34,WH_2,SUP_1,East,275,5,248,0,9.1,15.43,0,0,13,2025,1,8,2,2,13.580639
2025-01-09,SKU_34,WH_2,SUP_1,East,275,5,248,0,9.1,15.43,0,0,13,2025,1,9,3,2,13.590279
2025-01-10,SKU_34,WH_2,SUP_1,East,275,5,248,0,9.1,15.43,0,0,13,2025,1,10,4,2,13.605075
2025-01-11,SKU_34,WH_2,SUP_1,East,275,5,248,0,9.1,15.43,0,0,13,2025,1,11,5,2,13.624168
2025-01-12,SKU_34,WH_2,SUP_1,East,275,5,248,0,9.1,15.43,0,0,13,2025,1,12,6,2,13.590317
2025-01-13,SKU_34,WH_2,SUP_1,East,275,5,248,0,9.1,15.43,0,0,13,2025,1,13,0,3,13.592369
2025-01-14,SKU_34,WH_2,SUP_1,East,275,5,248,0,9.1,15.43,0,0,13,2025,1,14,1,3,13.5890665
2025-01-15,SKU_34,WH_2,SUP_1,East,275,5,248,0,9.1,15.43,0,0,13,2025,1,15,2,3,13.655155
2025-01-16,SKU_34,WH_2,SUP_1,East,275,5,248,0,9.1,15.43,0,0,13,2025,1,16,3,3,13.697403
2025-01-17,SKU_34,WH_2,SUP_1,East,275,5,248,0,9.1,15.43,0,0,13,2025,1,17,4,3,13.71292
2025-01-18,SKU_34,WH_2,SUP_1,East,275,5,248,0,9.1,15.43,0,0,13,2025,1,18,5,3,13.87689
2025-01-19,SKU_34,WH_2,SUP_1,East,275,5,248,0,9.1,15.43,0,0,13,2025,1,19,6,3,13.8660965
2025-01-20,SKU_34,WH_2,SUP_1,East,275,5,248,0,9.1,15.43,0,0,13,2025,1,20,0,4,13.712181
2025-01-21,SKU_34,WH_2,SUP_1,East,275,5,248,0,9.1,15.43,0,0,13,2025,1,21,1,4,13.567003
2025-01-22,SKU_34,WH_2,SUP_1,East,275,5,248,0,9.1,15.43,0,0,13,2025,1,22,2,4,13.619831
2025-01-23,SKU_34,WH_2,SUP_1,East,275,5,248,0,9.1,15.43,0,0,13,2025,1,23,3,4,13.651234
2025-01-24,SKU_34,WH_2,SUP_1,East,275,5,248,0,9.1,15.43,0,0,13,2025,1,24,4,4,13.667261
2025-01-25,SKU_34,WH_2,SUP_1,East,275,5,248,0,9.1,15.43,0,0,13,2025,1,25,5,4,13.679048
2025-01-26,SKU_34,WH_2,SUP_1,East,275,5,248,0,9.1,15.43,0,0,13,2025,1,26,6,4,13.694513
2025-01-27,SKU_34,WH_2,SUP_1,East,275,5,248,0,9.1,15.43,0,0,13,2025,1,27,0,5,13.70749
2025-01-28,SKU_34,WH_2,SUP_1,East,275,5,248,0,9.1,15.43,0,0,13,2025,1,28,1,5,13.6179
2025-01-29,SKU_34,WH_2,SUP_1,East,275,5,248,0,9.1,15.43,0,0,13,2025,1,29,2,5,13.667261
2024-12-31,SKU_34,WH_1,SUP_3,South,480,4,299,0,9.01,16.16,0,0,20,2024,12,31,1,1,19.79502
2025-01-01,SKU_34,WH_1,SUP_3,South,480,4,299,0,9.01,16.16,0,0,20,2025,1,1,2,1,19.588142
2025-01-02,SKU_34,WH_1,SUP_3,South,480,4,299,0,9.01,16.16,0,0,20,2025,1,2,3,1,19.617584
2025-01-03,SKU_34,WH_1,SUP_3,South,480,4,299,0,9.01,16.16,0,0,20,2025,1,3,4,1,19.76063
2025-01-04,SKU_34,WH_1,SUP_3,South,480,4,299,0,9.01,16.16,0,0,20,2025,1,4,5,1,19.963112
2025-01-05,SKU_34,WH_1,SUP_3,South,480,4,299,0,9.01,16.16,0,0,20,2025,1,5,6,1,19.965515
2025-01-06,SKU_34,WH_1,SUP_3,South,480,4,299,0,9.01,16.16,0,0,20,2025,1,6,0,2,20.092806
2025-01-07,SKU_34,WH_1,SUP_3,South,480,4,299,0,9.01,16.16,0,0,20,2025,1,7,1,2,19.99431
2025-01-08,SKU_34,WH_1,SUP_3,South,480,4,299,0,9.01,16.16,0,0,20,2025,1,8,2,2,20.084064
2025-01-09,SKU_34,WH_1,SUP_3,South,480,4,299,0,9.01,16.16,0,0,20,2025,1,9,3,2,20.071974
2025-01-10,SKU_34,WH_1,SUP_3,South,480,4,299,0,9.01,16.16,0,0,20,2025,1,10,4,2,20.096794
2025-01-11,SKU_34,WH_1,SUP_3,South,480,4,299,0,9.01,16.16,0,0,20,2025,1,11,5,2,20.172909
2025-01-12,SKU_34,WH_1,SUP_3,South,480,4,299,0,9.01,16.16,0,0,20,2025,1,12,6,2,20.221563
2025-01-13,SKU_34,WH_1,SUP_3,South,480,4,299,0,9.01,16.16,0,0,20,2025,1,13,0,3,20.244713
2025-01-14,SKU_34,WH_1,SUP_3,South,480,4,299,0,9.01,16.16,0,0,20,2025,1,14,1,3,20.20039
2025-01-15,SKU_34,WH_1,SUP_3,South,480,4,299,0,9.01,16.16,0,0,20,2025,1,15,2,3,20.176744
2025-01-16,SKU_34,WH_1,SUP_3,South,480,4,299,0,9.01,16.16,0,0,20,2025,1,16,3,3,20.162943
2025-01-17,SKU_34,WH_1,SUP_3,South,480,4,299,0,9.01,16.16,0,0,20,2025,1,17,4,3,20.130072
2025-01-18,SKU_34,WH_1,SUP_3,South,480,4,299,0,9.01,16.16,0,0,20,2025,1,18,5,3,20.350681
2025-01-19,SKU_34,WH_1,SUP_3,South,480,4,299,0,9.01,16.16,0,0,20,2025,1,19,6,3,20.414322
2025-01-20,SKU_34,WH_1,SUP_3,South,480,4,299,0,9.01,16.16,0,0,20,2025,1,20,0,4,20.21613
2025-01-21,SKU_34,WH_1,SUP_3,South,480,4,299,0,9.01,16.16,0,0,20,2025,1,21,1,4,20.147032
2025-01-22,SKU_34,WH_1,SUP_3,South,480,4,299,0,9.01,16.16,0,0,20,2025,1,22,2,4,20.162554
2025-01-23,SKU_34,WH_1,SUP_3,South,480,4,299,0,9.01,16.16,0,0,20,2025,1,23,3,4,20.150463
2025-01-24,SKU_34,WH_1,SUP_3,South,480,4,299,0,9.01,16.16,0,0,20,2025,1,24,4,4,20.14543
2025-01-25,SKU_34,WH_1,SUP_3,South,480,4,299,0,9.01,16.16,0,0,20,2025,1,25,5,4,20.21424
2025-01-26,SKU_34,WH_1,SUP_3,South,480,4,299,0,9.01,16.16,0,0,20,2025,1,26,6,4,20.287342
2025-01-27,SKU_34,WH_1,SUP_3,South,480,4,299,0,9.01,16.16,0,0,20,2025,1,27,0,5,19.856705
2025-01-28,SKU_34,WH_1,SUP_3,South,480,4,299,0,9.01,16.16,0,0,20,2025,1,28,1,5,19.827198
2025-01-29,SKU_34,WH_1,SUP_3,South,480,4,299,0,9.01,16.16,0,0,20,2025,1,29,2,5,19.803553
2024-12-31,SKU_33,WH_5,SUP_8,South,258,7,244,0,17.15,27.35,0,0,16,2024,12,31,1,1,16.034029
2025-01-01,SKU_33,WH_5,SUP_8,South,258,7,244,0,17.15,27.35,0,0,16,2025,1,1,2,1,15.664496
2025-01-02,SKU_33,WH_5,SUP_8,South,258,7,244,0,17.15,27.35,0,0,16,2025,1,2,3,1,15.934184
2025-01-03,SKU_33,WH_5,SUP_8,South,258,7,244,0,17.15,27.35,0,0,16,2025,1,3,4,1,16.07698
2025-01-04,SKU_33,WH_5,SUP_8,South,258,7,244,0,17.15,27.35,0,0,16,2025,1,4,5,1,16.179398
2025-01-05,SKU_33,WH_5,SUP_8,South,258,7,244,0,17.15,27.35,0,0,16,2025,1,5,6,1,16.109978
2025-01-06,SKU_33,WH_5,SUP_8,South,258,7,244,0,17.15,27.35,0,0,16,2025,1,6,0,2,15.918537
2025-01-07,SKU_33,WH_5,SUP_8,South,258,7,244,0,17.15,27.35,0,0,16,2025,1,7,1,2,15.993011
2025-01-08,SKU_33,WH_5,SUP_8,South,258,7,244,0,17.15,27.35,0,0,16,2025,1,8,2,2,16.07989
2025-01-09,SKU_33,WH_5,SUP_8,South,258,7,244,0,17.15,27.35,0,0,16,2025,1,9,3,2,16.027342
2025-01-10,SKU_33,WH_5,SUP_8,South,258,7,244,0,17.15,27.35,0,0,16,2025,1,10,4,2,16.016129
2025-01-11,SKU_33,WH_5,SUP_8,South,258,7,244,0,17.15,27.35,0,0,16,2025,1,11,5,2,16.024393
2025-01-12,SKU_33,WH_5,SUP_8,South,258,7,244,0,17.15,27.35,0,0,16,2025,1,12,6,2,15.95529
2025-01-13,SKU_33,WH_5,SUP_8,South,258,7,244,0,17.15,27.35,0,0,16,2025,1,13,0,3,15.786641
2025-01-14,SKU_33,WH_5,SUP_8,South,258,7,244,0,17.15,27.35,0,0,16,2025,1,14,1,3,15.992966
2025-01-15,SKU_33,WH_5,SUP_8,South,258,7,244,0,17.15,27.35,0,0,16,2025,1,15,2,3,15.98739
2025-01-16,SKU_33,WH_5,SUP_8,South,258,7,244,0,17.15,27.35,0,0,16,2025,1,16,3,3,16.024471
2025-01-17,SKU_33,WH_5,SUP_8,South,258,7,244,0,17.15,27.35,0,0,16,2025,1,17,4,3,16.003155
2025-01-18,SKU_33,WH_5,SUP_8,South,258,7,244,0,17.15,27.35,0,0,16,2025,1,18,5,3,16.14686
2025-01-19,SKU_33,WH_5,SUP_8,South,258,7,244,0,17.15,27.35,0,0,16,2025,1,19,6,3,16.068512
2025-01-20,SKU_33,WH_5,SUP_8,South,258,7,244,0,17.15,27.35,0,0,16,2025,1,20,0,4,15.66236
2025-01-21,SKU_33,WH_5,SUP_8,South,258,7,244,0,17.15,27.35,0,0,16,2025,1,21,1,4,15.733969
2025-01-22,SKU_33,WH_5,SUP_8,South,258,7,244,0,17.15,27.35,0,0,16,2025,1,22,2,4,15.708644
2025-01-23,SKU_33,WH_5,SUP_8,South,258,7,244,0,17.15,27.35,0,0,16,2025,1,23,3,4,15.726142
2025-01-24,SKU_33,WH_5,SUP_8,South,258,7,244,0,17.15,27.35,0,0,16,2025,1,24,4,4,15.701685
2025-01-25,SKU_33,WH_5,SUP_8,South,258,7,244,0,17.15,27.35,0,0,16,2025,1,25,5,4,15.745196
2025-01-26,SKU_33,WH_5,SUP_8,South,258,7,244,0,17.15,27.35,0,0,16,2025,1,26,6,4,15.710471
2025-01-27,SKU_33,WH_5,SUP_8,South,258,7,244,0,17.15,27.35,0,0,16,2025,1,27,0,5,15.611742
2025-01-28,SKU_33,WH_5,SUP_8,South,258,7,244,0,17.15,27.35,0,0,16,2025,1,28,1,5,15.733614
2025-01-29,SKU_33,WH_5,SUP_8,South,258,7,244,0,17.15,27.35,0,0,16,2025,1,29,2,5,15.72155
2024-12-31,SKU_33,WH_4,SUP_8,East,541,3,274,293,9.27,14.74,0,0,20,2024,12,31,1,1,19.684547
2025-01-01,SKU_33,WH_4,SUP_8,East,541,3,274,293,9.27,14.74,0,0,20,2025,1,1,2,1,19.65755
2025-01-02,SKU_33,WH_4,SUP_8,East,541,3,274,293,9.27,14.74,0,0,20,2025,1,2,3,1,19.584915
2025-01-03,SKU_33,WH_4,SUP_8,East,541,3,274,293,9.27,14.74,0,0,20,2025,1,3,4,1,19.632223
2025-01-04,SKU_33,WH_4,SUP_8,East,541,3,274,293,9.27,14.74,0,0,20,2025,1,4,5,1,19.738745
2025-01-05,SKU_33,WH_4,SUP_8,East,541,3,274,293,9.27,14.74,0,0,20,2025,1,5,6,1,19.706142
2025-01-06,SKU_33,WH_4,SUP_8,East,541,3,274,293,9.27,14.74,0,0,20,2025,1,6,0,2,19.77596
2025-01-07,SKU_33,WH_4,SUP_8,East,541,3,274,293,9.27,14.74,0,0,20,2025,1,7,1,2,19.770594
2025-01-08,SKU_33,WH_4,SUP_8,East,541,3,274,293,9.27,14.74,0,0,20,2025,1,8,2,2,19.855145
2025-01-09,SKU_33,WH_4,SUP_8,East,541,3,274,293,9.27,14.74,0,0,20,2025,1,9,3,2,19.783014
2025-01-10,SKU_33,WH_4,SUP_8,East,541,3,274,293,9.27,14.74,0,0,20,2025,1,10,4,2,19.812778
2025-01-11,SKU_33,WH_4,SUP_8,East,541,3,274,293,9.27,14.74,0,0,20,2025,1,11,5,2,19.84701
2025-01-12,SKU_33,WH_4,SUP_8,East,541,3,274,293,9.27,14.74,0,0,20,2025,1,12,6,2,19.806454
2025-01-13,SKU_33,WH_4,SUP_8,East,541,3,274,293,9.27,14.74,0,0,20,2025,1,13,0,3,19.97028
2025-01-14,SKU_33,WH_4,SUP_8,East,541,3,274,293,9.27,14.74,0,0,20,2025,1,14,1,3,20.058455
2025-01-15,SKU_33,WH_4,SUP_8,East,541,3,274,293,9.27,14.74,0,0,20,2025,1,15,2,3,20.053211
2025-01-16,SKU_33,WH_4,SUP_8,East,541,3,274,293,9.27,14.74,0,0,20,2025,1,16,3,3,19.964025
2025-01-17,SKU_33,WH_4,SUP_8,East,541,3,274,293,9.27,14.74,0,0,20,2025,1,17,4,3,19.924376
2025-01-18,SKU_33,WH_4,SUP_8,East,541,3,274,293,9.27,14.74,0,0,20,2025,1,18,5,3,20.071924
2025-01-19,SKU_33,WH_4,SUP_8,East,541,3,274,293,9.27,14.74,0,0,20,2025,1,19,6,3,20.010784
2025-01-20,SKU_33,WH_4,SUP_8,East,541,3,274,293,9.27,14.74,0,0,20,2025,1,20,0,4,19.999804
2025-01-21,SKU_33,WH_4,SUP_8,East,541,3,274,293,9.27,14.74,0,0,20,2025,1,21,1,4,19.980999
2025-01-22,SKU_33,WH_4,SUP_8,East,541,3,274,293,9.27,14.74,0,0,20,2025,1,22,2,4,19.962494
2025-01-23,SKU_33,WH_4,SUP_8,East,541,3,274,293,9.27,14.74,0,0,20,2025,1,23,3,4,19.872955
2025-01-24,SKU_33,WH_4,SUP_8,East,541,3,274,293,9.27,14.74,0,0,20,2025,1,24,4,4,19.863155
2025-01-25,SKU_33,WH_4,SUP_8,East,541,3,274,293,9.27,14.74,0,0,20,2025,1,25,5,4,19.910896
2025-01-26,SKU_33,WH_4,SUP_8,East,541,3,274,293,9.27,14.74,0,0,20,2025,1,26,6,4,19.891535
2025-01-27,SKU_33,WH_4,SUP_8,East,541,3,274,293,9.27,14.74,0,0,20,2025,1,27,0,5,19.565939
2025-01-28,SKU_33,WH_4,SUP_8,East,541,3,274,293,9.27,14.74,0,0,20,2025,1,28,1,5,19.59891
2025-01-29,SKU_33,WH_4,SUP_8,East,541,3,274,293,9.27,14.74,0,0,20,2025,1,29,2,5,19.576939
2024-12-31,SKU_33,WH_3,SUP_8,East,514,13,325,211,15.76,25.61,0,0,14,2024,12,31,1,1,12.836994
2025-01-01,SKU_33,WH_3,SUP_8,East,514,13,325,211,15.76,25.61,0,0,14,2025,1,1,2,1,13.463615
2025-01-02,SKU_33,WH_3,SUP_8,East,514,13,325,211,15.76,25.61,0,0,14,2025,1,2,3,1,13.31135
2025-01-03,SKU_33,WH_3,SUP_8,East,514,13,325,211,15.76,25.61,0,0,14,2025,1,3,4,1,13.330819
2025-01-04,SKU_33,WH_3,SUP_8,East,514,13,325,211,15.76,25.61,0,0,14,2025,1,4,5,1,13.493725
2025-01-05,SKU_33,WH_3,SUP_8,East,514,13,325,211,15.76,25.61,0,0,14,2025,1,5,6,1,13.465683
2025-01-06,SKU_33,WH_3,SUP_8,East,514,13,325,211,15.76,25.61,0,0,14,2025,1,6,0,2,13.386604
2025-01-07,SKU_33,WH_3,SUP_8,East,514,13,325,211,15.76,25.61,0,0,14,2025,1,7,1,2,13.501573
2025-01-08,SKU_33,WH_3,SUP_8,East,514,13,325,211,15.76,25.61,0,0,14,2025,1,8,2,2,13.58482
2025-01-09,SKU_33,WH_3,SUP_8,East,514,13,325,211,15.76,25.61,0,0,14,2025,1,9,3,2,13.487936
2025-01-10,SKU_33,WH_3,SUP_8,East,514,13,325,211,15.76,25.61,0,0,14,2025,1,10,4,2,13.535235
2025-01-11,SKU_33,WH_3,SUP_8,East,514,13,325,211,15.76,25.61,0,0,14,2025,1,11,5,2,13.642478
2025-01-12,SKU_33,WH_3,SUP_8,East,514,13,325,211,15.76,25.61,0,0,14,2025,1,12,6,2,13.6064825
2025-01-13,SKU_33,WH_3,SUP_8,East,514,13,325,211,15.76,25.61,0,0,14,2025,1,13,0,3,13.549887
2025-01-14,SKU_33,WH_3,SUP_8,East,514,13,325,211,15.76,25.61,0,0,14,2025,1,14,1,3,13.742447
2025-01-15,SKU_33,WH_3,SUP_8,East,514,13,325,211,15.76,25.61,0,0,14,2025,1,15,2,3,13.733389
2025-01-16,SKU_33,WH_3,SUP_8,East,514,13,325,211,15.76,25.61,0,0,14,2025,1,16,3,3,13.67031
2025-01-17,SKU_33,WH_3,SUP_8,East,514,13,325,211,15.76,25.61,0,0,14,2025,1,17,4,3,13.631761
2025-01-18,SKU_33,WH_3,SUP_8,East,514,13,325,211,15.76,25.61,0,0,14,2025,1,18,5,3,13.841321
2025-01-19,SKU_33,WH_3,SUP_8,East,514,13,325,211,15.76,25.61,0,0,14,2025,1,19,6,3,13.779065
2025-01-20,SKU_33,WH_3,SUP_8,East,514,13,325,211,15.76,25.61,0,0,14,2025,1,20,0,4,13.468115
2025-01-21,SKU_33,WH_3,SUP_8,East,514,13,325,211,15.76,25.61,0,0,14,2025,1,21,1,4,13.501586
2025-01-22,SKU_33,WH_3,SUP_8,East,514,13,325,211,15.76,25.61,0,0,14,2025,1,22,2,4,13.485949
2025-01-23,SKU_33,WH_3,SUP_8,East,514,13,325,211,15.76,25.61,0,0,14,2025,1,23,3,4,13.439926
2025-01-24,SKU_33,WH_3,SUP_8,East,514,13,325,211,15.76,25.61,0,0,14,2025,1,24,4,4,13.463608
2025-01-25,SKU_33,WH_3,SUP_8,East,514,13,325,211,15.76,25.61,0,0,14,2025,1,25,5,4,13.56848
2025-01-26,SKU_33,WH_3,SUP_8,East,514,13,325,211,15.76,25.61,0,0,14,2025,1,26,6,4,13.572632
2025-01-27,SKU_33,WH_3,SUP_8,East,514,13,325,211,15.76,25.61,0,0,14,2025,1,27,0,5,13.517489
2025-01-28,SKU_33,WH_3,SUP_8,East,514,13,325,211,15.76,25.61,0,0,14,2025,1,28,1,5,13.601223
2025-01-29,SKU_33,WH_3,SUP_8,East,514,13,325,211,15.76,25.61,0,0,14,2025,1,29,2,5,13.527025
2024-12-31,SKU_33,WH_2,SUP_7,South,737,7,368,0,11.2,15.96,0,0,18,2024,12,31,1,1,17.655638
2025-01-01,SKU_33,WH_2,SUP_7,South,737,7,368,0,11.2,15.96,0,0,18,2025,1,1,2,1,17.923773
2025-01-02,SKU_33,WH_2,SUP_7,South,737,7,368,0,11.2,15.96,0,0,18,2025,1,2,3,1,17.945147
2025-01-03,SKU_33,WH_2,SUP_7,South,737,7,368,0,11.2,15.96,0,0,18,2025,1,3,4,1,18.001167
2025-01-04,SKU_33,WH_2,SUP_7,South,737,7,368,0,11.2,15.96,0,0,18,2025,1,4,5,1,18.135153
2025-01-05,SKU_33,WH_2,SUP_7,South,737,7,368,0,11.2,15.96,0,0,18,2025,1,5,6,1,18.056286
2025-01-06,SKU_33,WH_2,SUP_7,South,737,7,368,0,11.2,15.96,0,0,18,2025,1,6,0,2,18.006708
2025-01-07,SKU_33,WH_2,SUP_7,South,737,7,368,0,11.2,15.96,0,0,18,2025,1,7,1,2,18.026108
2025-01-08,SKU_33,WH_2,SUP_7,South,737,7,368,0,11.2,15.96,0,0,18,2025,1,8,2,2,18.13026
2025-01-09,SKU_33,WH_2,SUP_7,South,737,7,368,0,11.2,15.96,0,0,18,2025,1,9,3,2,18.15647
2025-01-10,SKU_33,WH_2,SUP_7,South,737,7,368,0,11.2,15.96,0,0,18,2025,1,10,4,2,18.189228
2025-01-11,SKU_33,WH_2,SUP_7,South,737,7,368,0,11.2,15.96,0,0,18,2025,1,11,5,2,18.256977
2025-01-12,SKU_33,WH_2,SUP_7,South,737,7,368,0,11.2,15.96,0,0,18,2025,1,12,6,2,18.170155
2025-01-13,SKU_33,WH_2,SUP_7,South,737,7,368,0,11.2,15.96,0,0,18,2025,1,13,0,3,18.180681
2025-01-14,SKU_33,WH_2,SUP_7,South,737,7,368,0,11.2,15.96,0,0,18,2025,1,14,1,3,18.192633
2025-01-15,SKU_33,WH_2,SUP_7,South,737,7,368,0,11.2,15.96,0,0,18,2025,1,15,2,3,18.181135
2025-01-16,SKU_33,WH_2,SUP_7,South,737,7,368,0,11.2,15.96,0,0,18,2025,1,16,3,3,18.205153
2025-01-17,SKU_33,WH_2,SUP_7,South,737,7,368,0,11.2,15.96,0,0,18,2025,1,17,4,3,18.175076
2025-01-18,SKU_33,WH_2,SUP_7,South,737,7,368,0,11.2,15.96,0,0,18,2025,1,18,5,3,18.39673
2025-01-19,SKU_33,WH_2,SUP_7,South,737,7,368,0,11.2,15.96,0,0,18,2025,1,19,6,3,18.285547
2025-01-20,SKU_33,WH_2,SUP_7,South,737,7,368,0,11.2,15.96,0,0,18,2025,1,20,0,4,17.920763
2025-01-21,SKU_33,WH_2,SUP_7,South,737,7,368,0,11.2,15.96,0,0,18,2025,1,21,1,4,17.946043
2025-01-22,SKU_33,WH_2,SUP_7,South,737,7,368,0,11.2,15.96,0,0,18,2025,1,22,2,4,17.91789
2025-01-23,SKU_33,WH_2,SUP_7,South,737,7,368,0,11.2,15.96,0,0,18,2025,1,23,3,4,17.943619
2025-01-24,SKU_33,WH_2,SUP_7,South,737,7,368,0,11.2,15.96,0,0,18,2025,1,24,4,4,17.933023
2025-01-25,SKU_33,WH_2,SUP_7,South,737,7,368,0,11.2,15.96,0,0,18,2025,1,25,5,4,18.04665
2025-01-26,SKU_33,WH_2,SUP_7,South,737,7,368,0,11.2,15.96,0,0,18,2025,1,26,6,4,17.968582
2025-01-27,SKU_33,WH_2,SUP_7,South,737,7,368,0,11.2,15.96,0,0,18,2025,1,27,0,5,17.674004
2025-01-28,SKU_33,WH_2,SUP_7,South,737,7,368,0,11.2,15.96,0,0,18,2025,1,28,1,5,17.726501
2025-01-29,SKU_33,WH_2,SUP_7,South,737,7,368,0,11.2,15.96,0,0,18,2025,1,29,2,5,17.704002
2024-12-31,SKU_33,WH_1,SUP_9,West,357,9,321,0,6.19,7.48,0,0,21,2024,12,31,1,1,20.528597
2025-01-01,SKU_33,WH_1,SUP_9,West,357,9,321,0,6.19,7.48,0,0,21,2025,1,1,2,1,20.972294
2025-01-02,SKU_33,WH_1,SUP_9,West,357,9,321,0,6.19,7.48,0,0,21,2025,1,2,3,1,20.599756
2025-01-03,SKU_33,WH_1,SUP_9,West,357,9,321,0,6.19,7.48,0,0,21,2025,1,3,4,1,20.82621
2025-01-04,SKU_33,WH_1,SUP_9,West,357,9,321,0,6.19,7.48,0,0,21,2025,1,4,5,1,20.86599
2025-01-05,SKU_33,WH_1,SUP_9,West,357,9,321,0,6.19,7.48,0,0,21,2025,1,5,6,1,20.867605
2025-01-06,SKU_33,WH_1,SUP_9,West,357,9,321,0,6.19,7.48,0,0,21,2025,1,6,0,2,21.177525
2025-01-07,SKU_33,WH_1,SUP_9,West,357,9,321,0,6.19,7.48,0,0,21,2025,1,7,1,2,20.980848
2025-01-08,SKU_33,WH_1,SUP_9,West,357,9,321,0,6.19,7.48,0,0,21,2025,1,8,2,2,20.99599
2025-01-09,SKU_33,WH_1,SUP_9,West,357,9,321,0,6.19,7.48,0,0,21,2025,1,9,3,2,20.907028
2025-01-10,SKU_33,WH_1,SUP_9,West,357,9,321,0,6.19,7.48,0,0,21,2025,1,10,4,2,20.760036
2025-01-11,SKU_33,WH_1,SUP_9,West,357,9,321,0,6.19,7.48,0,0,21,2025,1,11,5,2,20.753273
2025-01-12,SKU_33,WH_1,SUP_9,West,357,9,321,0,6.19,7.48,0,0,21,2025,1,12,6,2,20.724464
2025-01-13,SKU_33,WH_1,SUP_9,West,357,9,321,0,6.19,7.48,0,0,21,2025,1,13,0,3,20.93548
2025-01-14,SKU_33,WH_1,SUP_9,West,357,9,321,0,6.19,7.48,0,0,21,2025,1,14,1,3,20.873116
2025-01-15,SKU_33,WH_1,SUP_9,West,357,9,321,0,6.19,7.48,0,0,21,2025,1,15,2,3,20.81044
2025-01-16,SKU_33,WH_1,SUP_9,West,357,9,321,0,6.19,7.48,0,0,21,2025,1,16,3,3,20.80012
2025-01-17,SKU_33,WH_1,SUP_9,West,357,9,321,0,6.19,7.48,0,0,21,2025,1,17,4,3,20.809923
2025-01-18,SKU_33,WH_1,SUP_9,West,357,9,321,0,6.19,7.48,0,0,21,2025,1,18,5,3,21.12737
2025-01-19,SKU_33,WH_1,SUP_9,West,357,9,321,0,6.19,7.48,0,0,21,2025,1,19,6,3,21.078505
2025-01-20,SKU_33,WH_1,SUP_9,West,357,9,321,0,6.19,7.48,0,0,21,2025,1,20,0,4,20.7451
2025-01-21,SKU_33,WH_1,SUP_9,West,357,9,321,0,6.19,7.48,0,0,21,2025,1,21,1,4,20.63688
2025-01-22,SKU_33,WH_1,SUP_9,West,357,9,321,0,6.19,7.48,0,0,21,2025,1,22,2,4,20.581188
2025-01-23,SKU_33,WH_1,SUP_9,West,357,9,321,0,6.19,7.48,0,0,21,2025,1,23,3,4,20.59493
2025-01-24,SKU_33,WH_1,SUP_9,West,357,9,321,0,6.19,7.48,0,0,21,2025,1,24,4,4,20.61299
2025-01-25,SKU_33,WH_1,SUP_9,West,357,9,321,0,6.19,7.48,0,0,21,2025,1,25,5,4,20.651634
2025-01-26,SKU_33,WH_1,SUP_9,West,357,9,321,0,6.19,7.48,0,0,21,2025,1,26,6,4,20.791378
2025-01-27,SKU_33,WH_1,SUP_9,West,357,9,321,0,6.19,7.48,0,0,21,2025,1,27,0,5,20.407396
2025-01-28,SKU_33,WH_1,SUP_9,West,357,9,321,0,6.19,7.48,0,0,21,2025,1,28,1,5,20.3478
2025-01-29,SKU_33,WH_1,SUP_9,West,357,9,321,0,6.19,7.48,0,0,21,2025,1,29,2,5,20.2655
2024-12-31,SKU_32,WH_5,SUP_1,East,402,9,366,0,19.44,23.59,0,0,13,2024,12,31,1,1,12.873762
2025-01-01,SKU_32,WH_5,SUP_1,East,402,9,366,0,19.44,23.59,0,0,13,2025,1,1,2,1,12.961768
2025-01-02,SKU_32,WH_5,SUP_1,East,402,9,366,0,19.44,23.59,0,0,13,2025,1,2,3,1,12.913343
2025-01-03,SKU_32,WH_5,SUP_1,East,402,9,366,0,19.44,23.59,0,0,13,2025,1,3,4,1,13.0677595
2025-01-04,SKU_32,WH_5,SUP_1,East,402,9,366,0,19.44,23.59,0,0,13,2025,1,4,5,1,13.246564
2025-01-05,SKU_32,WH_5,SUP_1,East,402,9,366,0,19.44,23.59,0,0,13,2025,1,5,6,1,13.220139
2025-01-06,SKU_32,WH_5,SUP_1,East,402,9,366,0,19.44,23.59,0,0,13,2025,1,6,0,2,12.888123
2025-01-07,SKU_32,WH_5,SUP_1,East,402,9,366,0,19.44,23.59,0,0,13,2025,1,7,1,2,12.841229
2025-01-08,SKU_32,WH_5,SUP_1,East,402,9,366,0,19.44,23.59,0,0,13,2025,1,8,2,2,12.9347315
2025-01-09,SKU_32,WH_5,SUP_1,East,402,9,366,0,19.44,23.59,0,0,13,2025,1,9,3,2,12.944262
2025-01-10,SKU_32,WH_5,SUP_1,East,402,9,366,0,19.44,23.59,0,0,13,2025,1,10,4,2,12.973741
2025-01-11,SKU_32,WH_5,SUP_1,East,402,9,366,0,19.44,23.59,0,0,13,2025,1,11,5,2,13.080254
2025-01-12,SKU_32,WH_5,SUP_1,East,402,9,366,0,19.44,23.59,0,0,13,2025,1,12,6,2,13.052755
2025-01-13,SKU_32,WH_5,SUP_1,East,402,9,366,0,19.44,23.59,0,0,13,2025,1,13,0,3,12.839372
2025-01-14,SKU_32,WH_5,SUP_1,East,402,9,366,0,19.44,23.59,0,0,13,2025,1,14,1,3,12.93885
2025-01-15,SKU_32,WH_5,SUP_1,East,402,9,366,0,19.44,23.59,0,0,13,2025,1,15,2,3,12.9527235
2025-01-16,SKU_32,WH_5,SUP_1,East,402,9,366,0,19.44,23.59,0,0,13,2025,1,16,3,3,12.968511
2025-01-17,SKU_32,WH_5,SUP_1,East,402,9,366,0,19.44,23.59,0,0,13,2025,1,17,4,3,12.995398
2025-01-18,SKU_32,WH_5,SUP_1,East,402,9,366,0,19.44,23.59,0,0,13,2025,1,18,5,3,13.241847
2025-01-19,SKU_32,WH_5,SUP_1,East,402,9,366,0,19.44,23.59,0,0,13,2025,1,19,6,3,13.215422
2025-01-20,SKU_32,WH_5,SUP_1,East,402,9,366,0,19.44,23.59,0,0,13,2025,1,20,0,4,12.837076
2025-01-21,SKU_32,WH_5,SUP_1,East,402,9,366,0,19.44,23.59,0,0,13,2025,1,21,1,4,12.907592
2025-01-22,SKU_32,WH_5,SUP_1,East,402,9,366,0,19.44,23.59,0,0,13,2025,1,22,2,4,12.918879
2025-01-23,SKU_32,WH_5,SUP_1,East,402,9,366,0,19.44,23.59,0,0,13,2025,1,23,3,4,12.936377
2025-01-24,SKU_32,WH_5,SUP_1,East,402,9,366,0,19.44,23.59,0,0,13,2025,1,24,4,4,12.96266
2025-01-25,SKU_32,WH_5,SUP_1,East,402,9,366,0,19.44,23.59,0,0,13,2025,1,25,5,4,13.110488
2025-01-26,SKU_32,WH_5,SUP_1,East,402,9,366,0,19.44,23.59,0,0,13,2025,1,26,6,4,13.276352
2025-01-27,SKU_32,WH_5,SUP_1,East,402,9,366,0,19.44,23.59,0,0,13,2025,1,27,0,5,12.9752865
2025-01-28,SKU_32,WH_5,SUP_1,East,402,9,366,0,19.44,23.59,0,0,13,2025,1,28,1,5,13.086331
2025-01-29,SKU_32,WH_5,SUP_1,East,402,9,366,0,19.44,23.59,0,0,13,2025,1,29,2,5,13.026986
2024-12-31,SKU_32,WH_4,SUP_3,West,555,2,329,0,12.77,18.8,0,0,17,2024,12,31,1,1,16.788046
2025-01-01,SKU_32,WH_4,SUP_3,West,555,2,329,0,12.77,18.8,0,0,17,2025,1,1,2,1,17.070002
2025-01-02,SKU_32,WH_4,SUP_3,West,555,2,329,0,12.77,18.8,0,0,17,2025,1,2,3,1,17.132439
2025-01-03,SKU_32,WH_4,SUP_3,West,555,2,329,0,12.77,18.8,0,0,17,2025,1,3,4,1,17.20066
2025-01-04,SKU_32,WH_4,SUP_3,West,555,2,329,0,12.77,18.8,0,0,17,2025,1,4,5,1,17.279654
2025-01-05,SKU_32,WH_4,SUP_3,West,555,2,329,0,12.77,18.8,0,0,17,2025,1,5,6,1,17.204535
2025-01-06,SKU_32,WH_4,SUP_3,West,555,2,329,0,12.77,18.8,0,0,17,2025,1,6,0,2,17.186316
2025-01-07,SKU_32,WH_4,SUP_3,West,555,2,329,0,12.77,18.8,0,0,17,2025,1,7,1,2,17.135674
2025-01-08,SKU_32,WH_4,SUP_3,West,555,2,329,0,12.77,18.8,0,0,17,2025,1,8,2,2,17.214901
2025-01-09,SKU_32,WH_4,SUP_3,West,555,2,329,0,12.77,18.8,0,0,17,2025,1,9,3,2,17.22584
2025-01-10,SKU_32,WH_4,SUP_3,West,555,2,329,0,12.77,18.8,0,0,17,2025,1,10,4,2,17.265526
2025-01-11,SKU_32,WH_4,SUP_3,West,555,2,329,0,12.77,18.8,0,0,17,2025,1,11,5,2,17.278017
2025-01-12,SKU_32,WH_4,SUP_3,West,555,2,329,0,12.77,18.8,0,0,17,2025,1,12,6,2,17.194944
2025-01-13,SKU_32,WH_4,SUP_3,West,555,2,329,0,12.77,18.8,0,0,17,2025,1,13,0,3,17.29505
2025-01-14,SKU_32,WH_4,SUP_3,West,555,2,329,0,12.77,18.8,0,0,17,2025,1,14,1,3,17.275782
2025-01-15,SKU_32,WH_4,SUP_3,West,555,2,329,0,12.77,18.8,0,0,17,2025,1,15,2,3,17.25656
2025-01-16,SKU_32,WH_4,SUP_3,West,555,2,329,0,12.77,18.8,0,0,17,2025,1,16,3,3,17.280577
2025-01-17,SKU_32,WH_4,SUP_3,West,555,2,329,0,12.77,18.8,0,0,17,2025,1,17,4,3,17.271126
2025-01-18,SKU_32,WH_4,SUP_3,West,555,2,329,0,12.77,18.8,0,0,17,2025,1,18,5,3,17.41183
2025-01-19,SKU_32,WH_4,SUP_3,West,555,2,329,0,12.77,18.8,0,0,17,2025,1,19,6,3,17.340492
2025-01-20,SKU_32,WH_4,SUP_3,West,555,2,329,0,12.77,18.8,0,0,17,2025,1,20,0,4,17.075651
2025-01-21,SKU_32,WH_4,SUP_3,West,555,2,329,0,12.77,18.8,0,0,17,2025,1,21,1,4,17.04029
2025-01-22,SKU_32,WH_4,SUP_3,West,555,2,329,0,12.77,18.8,0,0,17,2025,1,22,2,4,17.068892
2025-01-23,SKU_32,WH_4,SUP_3,West,555,2,329,0,12.77,18.8,0,0,17,2025,1,23,3,4,17.149565
2025-01-24,SKU_32,WH_4,SUP_3,West,555,2,329,0,12.77,18.8,0,0,17,2025,1,24,4,4,16.964287
2025-01-25,SKU_32,WH_4,SUP_3,West,555,2,329,0,12.77,18.8,0,0,17,2025,1,25,5,4,17.012028
2025-01-26,SKU_32,WH_4,SUP_3,West,555,2,329,0,12.77,18.8,0,0,17,2025,1,26,6,4,16.971695
2025-01-27,SKU_32,WH_4,SUP_3,West,555,2,329,0,12.77,18.8,0,0,17,2025,1,27,0,5,16.89295
2025-01-28,SKU_32,WH_4,SUP_3,West,555,2,329,0,12.77,18.8,0,0,17,2025,1,28,1,5,16.894539
2025-01-29,SKU_32,WH_4,SUP_3,West,555,2,329,0,12.77,18.8,0,0,17,2025,1,29,2,5,16.883972
2024-12-31,SKU_32,WH_3,SUP_4,West,263,6,223,0,5.64,7.5,0,0,21,2024,12,31,1,1,21.322361
2025-01-01,SKU_32,WH_3,SUP_4,West,263,6,223,0,5.64,7.5,0,0,21,2025,1,1,2,1,20.88427
2025-01-02,SKU_32,WH_3,SUP_4,West,263,6,223,0,5.64,7.5,0,0,21,2025,1,2,3,1,20.833988
2025-01-03,SKU_32,WH_3,SUP_4,West,263,6,223,0,5.64,7.5,0,0,21,2025,1,3,4,1,20.984268
2025-01-04,SKU_32,WH_3,SUP_4,West,263,6,223,0,5.64,7.5,0,0,21,2025,1,4,5,1,21.08666
2025-01-05,SKU_32,WH_3,SUP_4,West,263,6,223,0,5.64,7.5,0,0,21,2025,1,5,6,1,21.088276
2025-01-06,SKU_32,WH_3,SUP_4,West,263,6,223,0,5.64,7.5,0,0,21,2025,1,6,0,2,21.531647
2025-01-07,SKU_32,WH_3,SUP_4,West,263,6,223,0,5.64,7.5,0,0,21,2025,1,7,1,2,21.380651
2025-01-08,SKU_32,WH_3,SUP_4,West,263,6,223,0,5.64,7.5,0,0,21,2025,1,8,2,2,21.432734
2025-01-09,SKU_32,WH_3,SUP_4,West,263,6,223,0,5.64,7.5,0,0,21,2025,1,9,3,2,21.333317
2025-01-10,SKU_32,WH_3,SUP_4,West,263,6,223,0,5.64,7.5,0,0,21,2025,1,10,4,2,21.267515
2025-01-11,SKU_32,WH_3,SUP_4,West,263,6,223,0,5.64,7.5,0,0,21,2025,1,11,5,2,21.220364
2025-01-12,SKU_32,WH_3,SUP_4,West,263,6,223,0,5.64,7.5,0,0,21,2025,1,12,6,2,21.209732
2025-01-13,SKU_32,WH_3,SUP_4,West,263,6,223,0,5.64,7.5,0,0,21,2025,1,13,0,3,21.54237
2025-01-14,SKU_32,WH_3,SUP_4,West,263,6,223,0,5.64,7.5,0,0,21,2025,1,14,1,3,21.492197
2025-01-15,SKU_32,WH_3,SUP_4,West,263,6,223,0,5.64,7.5,0,0,21,2025,1,15,2,3,21.466461
2025-01-16,SKU_32,WH_3,SUP_4,West,263,6,223,0,5.64,7.5,0,0,21,2025,1,16,3,3,21.467976
2025-01-17,SKU_32,WH_3,SUP_4,West,263,6,223,0,5.64,7.5,0,0,21,2025,1,17,4,3,21.449507
2025-01-18,SKU_32,WH_3,SUP_4,West,263,6,223,0,5.64,7.5,0,0,21,2025,1,18,5,3,21.524038
2025-01-19,SKU_32,WH_3,SUP_4,West,263,6,223,0,5.64,7.5,0,0,21,2025,1,19,6,3,21.529432
2025-01-20,SKU_32,WH_3,SUP_4,West,263,6,223,0,5.64,7.5,0,0,21,2025,1,20,0,4,21.447548
2025-01-21,SKU_32,WH_3,SUP_4,West,263,6,223,0,5.64,7.5,0,0,21,2025,1,21,1,4,21.308374
2025-01-22,SKU_32,WH_3,SUP_4,West,263,6,223,0,5.64,7.5,0,0,21,2025,1,22,2,4,21.263208
2025-01-23,SKU_32,WH_3,SUP_4,West,263,6,223,0,5.64,7.5,0,0,21,2025,1,23,3,4,21.28596
2025-01-24,SKU_32,WH_3,SUP_4,West,263,6,223,0,5.64,7.5,0,0,21,2025,1,24,4,4,21.23905
2025-01-25,SKU_32,WH_3,SUP_4,West,263,6,223,0,5.64,7.5,0,0,21,2025,1,25,5,4,21.266165
2025-01-26,SKU_32,WH_3,SUP_4,West,263,6,223,0,5.64,7.5,0,0,21,2025,1,26,6,4,21.272593
2025-01-27,SKU_32,WH_3,SUP_4,West,263,6,223,0,5.64,7.5,0,0,21,2025,1,27,0,5,21.165688
2025-01-28,SKU_32,WH_3,SUP_4,West,263,6,223,0,5.64,7.5,0,0,21,2025,1,28,1,5,21.075338
2025-01-29,SKU_32,WH_3,SUP_4,West,263,6,223,0,5.64,7.5,0,0,21,2025,1,29,2,5,21.064552
2024-12-31,SKU_35,WH_1,SUP_2,West,390,11,212,0,14.95,21.69,0,0,18,2024,12,31,1,1,18.680876
2025-01-01,SKU_35,WH_1,SUP_2,West,390,11,212,0,14.95,21.69,0,0,18,2025,1,1,2,1,18.69284
2025-01-02,SKU_35,WH_1,SUP_2,West,390,11,212,0,14.95,21.69,0,0,18,2025,1,2,3,1,18.741873
2025-01-03,SKU_35,WH_1,SUP_2,West,390,11,212,0,14.95,21.69,0,0,18,2025,1,3,4,1,18.86562
2025-01-04,SKU_35,WH_1,SUP_2,West,390,11,212,0,14.95,21.69,0,0,18,2025,1,4,5,1,19.03702
2025-01-05,SKU_35,WH_1,SUP_2,West,390,11,212,0,14.95,21.69,0,0,18,2025,1,5,6,1,19.057442
2025-01-06,SKU_35,WH_1,SUP_2,West,390,11,212,0,14.95,21.69,0,0,18,2025,1,6,0,2,18.775282
2025-01-07,SKU_35,WH_1,SUP_2,West,390,11,212,0,14.95,21.69,0,0,18,2025,1,7,1,2,18.799177
2025-01-08,SKU_35,WH_1,SUP_2,West,390,11,212,0,14.95,21.69,0,0,18,2025,1,8,2,2,18.868937
2025-01-09,SKU_35,WH_1,SUP_2,West,390,11,212,0,14.95,21.69,0,0,18,2025,1,9,3,2,18.935072
2025-01-10,SKU_35,WH_1,SUP_2,West,390,11,212,0,14.95,21.69,0,0,18,2025,1,10,4,2,18.95521
2025-01-11,SKU_35,WH_1,SUP_2,West,390,11,212,0,14.95,21.69,0,0,18,2025,1,11,5,2,18.962015
2025-01-12,SKU_35,WH_1,SUP_2,West,390,11,212,0,14.95,21.69,0,0,18,2025,1,12,6,2,18.961702
2025-01-13,SKU_35,WH_1,SUP_2,West,390,11,212,0,14.95,21.69,0,0,18,2025,1,13,0,3,18.836138
2025-01-14,SKU_35,WH_1,SUP_2,West,390,11,212,0,14.95,21.69,0,0,18,2025,1,14,1,3,19.086758
2025-01-15,SKU_35,WH_1,SUP_2,West,390,11,212,0,14.95,21.69,0,0,18,2025,1,15,2,3,19.0707
2025-01-16,SKU_35,WH_1,SUP_2,West,390,11,212,0,14.95,21.69,0,0,18,2025,1,16,3,3,19.135124
2025-01-17,SKU_35,WH_1,SUP_2,West,390,11,212,0,14.95,21.69,0,0,18,2025,1,17,4,3,19.14666
2025-01-18,SKU_35,WH_1,SUP_2,West,390,11,212,0,14.95,21.69,0,0,18,2025,1,18,5,3,19.286936
2025-01-19,SKU_35,WH_1,SUP_2,West,390,11,212,0,14.95,21.69,0,0,18,2025,1,19,6,3,19.31439
2025-01-20,SKU_35,WH_1,SUP_2,West,390,11,212,0,14.95,21.69,0,0,18,2025,1,20,0,4,18.498652
2025-01-21,SKU_35,WH_1,SUP_2,West,390,11,212,0,14.95,21.69,0,0,18,2025,1,21,1,4,18.579838
2025-01-22,SKU_35,WH_1,SUP_2,West,390,11,212,0,14.95,21.69,0,0,18,2025,1,22,2,4,18.537863
2025-01-23,SKU_35,WH_1,SUP_2,West,390,11,212,0,14.95,21.69,0,0,18,2025,1,23,3,4,18.623367
2025-01-24,SKU_35,WH_1,SUP_2,West,390,11,212,0,14.95,21.69,0,0,18,2025,1,24,4,4,18.577816
2025-01-25,SKU_35,WH_1,SUP_2,West,390,11,212,0,14.95,21.69,0,0,18,2025,1,25,5,4,18.619871
2025-01-26,SKU_35,WH_1,SUP_2,West,390,11,212,0,14.95,21.69,0,0,18,2025,1,26,6,4,18.696795
2025-01-27,SKU_35,WH_1,SUP_2,West,390,11,212,0,14.95,21.69,0,0,18,2025,1,27,0,5,18.092499
2025-01-28,SKU_35,WH_1,SUP_2,West,390,11,212,0,14.95,21.69,0,0,18,2025,1,28,1,5,18.244175
2025-01-29,SKU_35,WH_1,SUP_2,West,390,11,212,0,14.95,21.69,0,0,18,2025,1,29,2,5,18.076082
2024-12-31,SKU_50,WH_5,SUP_10,West,275,7,283,0,6.65,9.6,1,0,15,2024,12,31,1,1,14.146778
2025-01-01,SKU_50,WH_5,SUP_10,West,275,7,283,0,6.65,9.6,1,0,15,2025,1,1,2,1,15.757188
2025-01-02,SKU_50,WH_5,SUP_10,West,275,7,283,0,6.65,9.6,1,0,15,2025,1,2,3,1,15.549806
2025-01-03,SKU_50,WH_5,SUP_10,West,275,7,283,0,6.65,9.6,1,0,15,2025,1,3,4,1,15.992942
2025-01-04,SKU_50,WH_5,SUP_10,West,275,7,283,0,6.65,9.6,1,0,15,2025,1,4,5,1,16.06908
2025-01-05,SKU_50,WH_5,SUP_10,West,275,7,283,0,6.65,9.6,1,0,15,2025,1,5,6,1,16.215328
2025-01-06,SKU_50,WH_5,SUP_10,West,275,7,283,0,6.65,9.6,1,0,15,2025,1,6,0,2,15.661187
2025-01-07,SKU_50,WH_5,SUP_10,West,275,7,283,0,6.65,9.6,1,0,15,2025,1,7,1,2,15.562405
2025-01-08,SKU_50,WH_5,SUP_10,West,275,7,283,0,6.65,9.6,1,0,15,2025,1,8,2,2,15.736422
2025-01-09,SKU_50,WH_5,SUP_10,West,275,7,283,0,6.65,9.6,1,0,15,2025,1,9,3,2,15.871092
2025-01-10,SKU_50,WH_5,SUP_10,West,275,7,283,0,6.65,9.6,1,0,15,2025,1,10,4,2,15.98837
2025-01-11,SKU_50,WH_5,SUP_10,West,275,7,283,0,6.65,9.6,1,0,15,2025,1,11,5,2,16.036213
2025-01-12,SKU_50,WH_5,SUP_10,West,275,7,283,0,6.65,9.6,1,0,15,2025,1,12,6,2,16.03506
2025-01-13,SKU_50,WH_5,SUP_10,West,275,7,283,0,6.65,9.6,1,0,15,2025,1,13,0,3,15.540184
2025-01-14,SKU_50,WH_5,SUP_10,West,275,7,283,0,6.65,9.6,1,0,15,2025,1,14,1,3,15.664355
2025-01-15,SKU_50,WH_5,SUP_10,West,275,7,283,0,6.65,9.6,1,0,15,2025,1,15,2,3,15.901379
2025-01-16,SKU_50,WH_5,SUP_10,West,275,7,283,0,6.65,9.6,1,0,15,2025,1,16,3,3,16.002855
2025-01-17,SKU_50,WH_5,SUP_10,West,275,7,283,0,6.65,9.6,1,0,15,2025,1,17,4,3,16.280918
2025-01-18,SKU_50,WH_5,SUP_10,West,275,7,283,0,6.65,9.6,1,0,15,2025,1,18,5,3,16.295134
2025-01-19,SKU_50,WH_5,SUP_10,West,275,7,283,0,6.65,9.6,1,0,15,2025,1,19,6,3,16.27906
2025-01-20,SKU_50,WH_5,SUP_10,West,275,7,283,0,6.65,9.6,1,0,15,2025,1,20,0,4,15.754457
2025-01-21,SKU_50,WH_5,SUP_10,West,275,7,283,0,6.65,9.6,1,0,15,2025,1,21,1,4,15.663356
2025-01-22,SKU_50,WH_5,SUP_10,West,275,7,283,0,6.65,9.6,1,0,15,2025,1,22,2,4,15.914608
2025-01-23,SKU_50,WH_5,SUP_10,West,275,7,283,0,6.65,9.6,1,0,15,2025,1,23,3,4,16.231995
2025-01-24,SKU_50,WH_5,SUP_10,West,275,7,283,0,6.65,9.6,1,0,15,2025,1,24,4,4,16.388273
2025-01-25,SKU_50,WH_5,SUP_10,West,275,7,283,0,6.65,9.6,1,0,15,2025,1,25,5,4,16.410051
2025-01-26,SKU_50,WH_5,SUP_10,West,275,7,283,0,6.65,9.6,1,0,15,2025,1,26,6,4,16.437143
2025-01-27,SKU_50,WH_5,SUP_10,West,275,7,283,0,6.65,9.6,1,0,15,2025,1,27,0,5,15.970419
2025-01-28,SKU_50,WH_5,SUP_10,West,275,7,283,0,6.65,9.6,1,0,15,2025,1,28,1,5,15.876062
2025-01-29,SKU_50,WH_5,SUP_10,West,275,7,283,0,6.65,9.6,1,0,15,2025,1,29,2,5,15.945207
