SKU_ID,Warehouse_ID,Demand_Change_Percent,Lead_Time_Change_Days,Scenario_Demand,Scenario_Lead_Time,Scenario_Reorder_Point,Scenario_Inventory_Gap,Scenario_Order
SKU_1,WH_1,-20,-2,18.38,12,221.32,-402.68,0.0
SKU_1,WH_2,-20,-2,11.02,6,66.81,-296.19,0.0
SKU_1,WH_3,-20,-2,15.08,4,61.39,-373.61,0.0
SKU_1,WH_4,-20,-2,8.36,7,59.22,-381.78,0.0
SKU_1,WH_5,-20,-2,23.46,2,47.71,-522.29,0.0
SKU_10,WH_1,-20,-2,15.3,11,169.53,-333.47,0.0
SKU_10,WH_2,-20,-2,18.36,8,147.67,-295.33,0.0
SKU_10,WH_3,-20,-2,11.4,3,34.96,-537.04,0.0
SKU_10,WH_4,-20,-2,21.34,12,257.07,-156.93,0.0
SKU_10,WH_5,-20,-2,26.42,7,186.24,-165.76,0.0
SKU_11,WH_1,-20,-2,12.5,2,26.0,-732.0,0.0
SKU_11,WH_2,-20,-2,19.07,2,38.96,-252.04,0.0
SKU_11,WH_3,-20,-2,11.75,11,130.05,-239.95,0.0
SKU_11,WH_4,-20,-2,14.15,1,14.8,-570.2,0.0
SKU_11,WH_5,-20,-2,17.81,1,18.54,-654.46,0.0
SKU_12,WH_1,-20,-2,23.79,3,72.39,-231.61,0.0
SKU_12,WH_2,-20,-2,15.35,4,62.3,-546.7,0.0
SKU_12,WH_3,-20,-2,20.64,4,83.57,-179.43,0.0
SKU_12,WH_4,-20,-2,17.59,10,176.7,-360.3,0.0
SKU_12,WH_5,-20,-2,14.25,4,57.7,-313.3,0.0
SKU_13,WH_1,-20,-2,19.85,7,139.85,-302.15,0.0
SKU_13,WH_2,-20,-2,11.22,9,101.94,-457.06,0.0
SKU_13,WH_3,-20,-2,9.3,12,112.5,-398.5,0.0
SKU_13,WH_4,-20,-2,14.46,8,116.47,-235.53,0.0
SKU_13,WH_5,-20,-2,16.66,5,84.04,-491.96,0.0
SKU_14,WH_1,-20,-2,16.09,9,145.75,-311.25,0.0
SKU_14,WH_2,-20,-2,11.1,12,134.42,-371.58,0.0
SKU_14,WH_3,-20,-2,18.22,1,18.68,-438.32,0.0
SKU_14,WH_4,-20,-2,22.29,8,179.27,-334.73,0.0
SKU_14,WH_5,-20,-2,12.08,4,48.73,-509.27,0.0
SKU_15,WH_1,-20,-2,14.53,11,160.71,-179.29,0.0
SKU_15,WH_2,-20,-2,14.62,6,88.7,-402.3,0.0
SKU_15,WH_3,-20,-2,16.3,5,82.71,-211.29,0.0
SKU_15,WH_4,-20,-2,16.62,3,50.44,-312.56,0.0
SKU_15,WH_5,-20,-2,12.04,12,145.16,-324.84,0.0
SKU_16,WH_1,-20,-2,14.4,12,174.02,-291.98,0.0
SKU_16,WH_2,-20,-2,18.58,9,168.15,-540.85,0.0
SKU_16,WH_3,-20,-2,18.46,4,74.6,-331.4,0.0
SKU_16,WH_4,-20,-2,4.34,2,9.38,-600.62,0.0
SKU_16,WH_5,-20,-2,13.66,1,14.13,-418.87,0.0
SKU_17,WH_1,-20,-2,9.6,8,77.5,-422.5,0.0
SKU_17,WH_2,-20,-2,14.47,11,160.54,-344.46,0.0
SKU_17,WH_3,-20,-2,23.26,1,23.75,-550.25,0.0
SKU_17,WH_4,-20,-2,12.51,3,38.09,-323.91,0.0
SKU_17,WH_5,-20,-2,15.98,6,96.86,-237.14,0.0
SKU_18,WH_1,-20,-2,22.34,1,22.74,-384.26,0.0
SKU_18,WH_2,-20,-2,18.29,8,147.24,-124.76,0.0
SKU_18,WH_3,-20,-2,15.44,7,109.64,-332.36,0.0
SKU_18,WH_4,-20,-2,13.7,4,55.65,-283.35,0.0
SKU_18,WH_5,-20,-2,19.28,11,212.88,-553.12,0.0
SKU_19,WH_1,-20,-2,15.56,6,94.29,-251.71,0.0
SKU_19,WH_2,-20,-2,14.93,6,90.68,-379.32,0.0
SKU_19,WH_3,-20,-2,16.79,2,34.3,-243.7,0.0
SKU_19,WH_4,-20,-2,22.48,2,45.72,-297.28,0.0
SKU_19,WH_5,-20,-2,12.98,5,65.59,-538.41,0.0
SKU_2,WH_1,-20,-2,20.05,11,222.26,-48.74,0.0
SKU_2,WH_2,-20,-2,13.97,6,84.52,-412.48,0.0
SKU_2,WH_3,-20,-2,16.6,8,134.32,-164.68,0.0
SKU_2,WH_4,-20,-2,11.19,4,45.3,-343.7,0.0
SKU_2,WH_5,-20,-2,23.09,12,277.76,-212.24,0.0
SKU_20,WH_1,-20,-2,16.75,7,118.01,-333.99,0.0
SKU_20,WH_2,-20,-2,18.88,7,133.16,-410.84,0.0
SKU_20,WH_3,-20,-2,18.98,1,19.27,-413.73,0.0
SKU_20,WH_4,-20,-2,13.64,1,13.99,-330.01,0.0
SKU_20,WH_5,-20,-2,16.06,1,16.47,-430.53,0.0
SKU_21,WH_1,-20,-2,17.9,9,162.41,-176.59,0.0
SKU_21,WH_2,-20,-2,14.42,5,72.74,-299.26,0.0
SKU_21,WH_3,-20,-2,10.5,8,85.21,-192.79,0.0
SKU_21,WH_4,-20,-2,17.9,6,108.66,-369.34,0.0
SKU_21,WH_5,-20,-2,15.98,6,96.67,-225.33,0.0
SKU_22,WH_1,-20,-2,16.66,2,33.93,-442.07,0.0
SKU_22,WH_2,-20,-2,14.4,5,72.57,-463.43,0.0
SKU_22,WH_3,-20,-2,14.34,2,29.59,-400.41,0.0
SKU_22,WH_4,-20,-2,16.88,9,153.15,-457.85,0.0
SKU_22,WH_5,-20,-2,13.1,2,26.56,-567.44,0.0
SKU_23,WH_1,-20,-2,20.3,6,122.51,-148.49,0.0
SKU_23,WH_2,-20,-2,11.31,10,113.97,-299.03,0.0
SKU_23,WH_3,-20,-2,10.98,3,33.53,-342.47,0.0
SKU_23,WH_4,-20,-2,10.46,12,126.61,-269.39,0.0
SKU_23,WH_5,-20,-2,16.93,1,17.68,-584.32,0.0
SKU_24,WH_1,-20,-2,21.28,1,21.74,-278.26,0.0
SKU_24,WH_2,-20,-2,17.92,3,54.41,-322.59,0.0
SKU_24,WH_3,-20,-2,15.9,8,128.44,-296.56,0.0
SKU_24,WH_4,-20,-2,11.7,11,129.37,-191.63,0.0
SKU_24,WH_5,-20,-2,17.74,5,89.26,-433.74,0.0
SKU_25,WH_1,-20,-2,19.88,3,60.11,-534.89,0.0
SKU_25,WH_2,-20,-2,12.35,1,13.06,-787.94,0.0
SKU_25,WH_3,-20,-2,21.27,5,107.18,-144.82,0.0
SKU_25,WH_4,-20,-2,15.13,7,106.82,-268.18,0.0
SKU_25,WH_5,-20,-2,15.98,5,80.64,-292.36,0.0
SKU_26,WH_1,-20,-2,10.9,1,11.42,-471.58,0.0
SKU_26,WH_2,-20,-2,20.77,3,62.89,-371.11,0.0
SKU_26,WH_3,-20,-2,12.58,12,153.87,-354.13,0.0
SKU_26,WH_4,-20,-2,20.71,12,250.64,-258.36,0.0
SKU_26,WH_5,-20,-2,26.26,2,53.56,-345.44,0.0
SKU_27,WH_1,-20,-2,17.52,1,17.93,-655.07,0.0
SKU_27,WH_2,-20,-2,12.91,2,26.16,-437.84,0.0
SKU_27,WH_3,-20,-2,33.05,1,34.37,-533.63,0.0
SKU_27,WH_4,-20,-2,20.41,12,246.06,-68.94,0.0
SKU_27,WH_5,-20,-2,10.27,1,10.59,-456.41,0.0
SKU_28,WH_1,-20,-2,15.56,8,126.26,-518.74,0.0
SKU_28,WH_2,-20,-2,11.91,1,12.21,-534.79,0.0
SKU_28,WH_3,-20,-2,17.49,8,140.77,-434.23,0.0
SKU_28,WH_4,-20,-2,13.59,1,14.06,-599.94,0.0
SKU_28,WH_5,-20,-2,15.26,10,153.91,-315.09,0.0
SKU_29,WH_1,-20,-2,17.6,3,53.87,-273.13,0.0
SKU_29,WH_2,-20,-2,27.86,12,335.79,-66.21,0.0
SKU_29,WH_3,-20,-2,20.87,1,22.02,-482.98,0.0
SKU_29,WH_4,-20,-2,16.69,12,201.42,-368.58,0.0
SKU_29,WH_5,-20,-2,24.73,9,223.9,-250.1,0.0
SKU_3,WH_1,-20,-2,17.46,12,210.37,-156.63,0.0
SKU_3,WH_2,-20,-2,10.26,11,113.38,-305.62,0.0
SKU_3,WH_3,-20,-2,16.85,7,119.11,-155.89,0.0
SKU_3,WH_4,-20,-2,16.09,8,129.85,-450.15,0.0
SKU_3,WH_5,-20,-2,21.53,5,108.24,-318.76,0.0
SKU_30,WH_1,-20,-2,18.41,1,18.71,-517.29,0.0
SKU_30,WH_2,-20,-2,15.21,10,153.3,-181.7,0.0
SKU_30,WH_3,-20,-2,12.68,2,25.59,-549.41,0.0
SKU_30,WH_4,-20,-2,9.22,5,46.89,-321.11,0.0
SKU_30,WH_5,-20,-2,17.62,1,17.92,-376.08,0.0
SKU_31,WH_1,-20,-2,16.25,6,98.66,-200.34,0.0
SKU_31,WH_2,-20,-2,22.41,1,23.58,-669.42,0.0
SKU_31,WH_3,-20,-2,11.26,10,113.94,-355.06,0.0
SKU_31,WH_4,-20,-2,14.51,1,15.2,-505.8,0.0
SKU_31,WH_5,-20,-2,19.49,2,39.71,-375.29,0.0
SKU_32,WH_1,-20,-2,17.74,4,71.54,-551.46,0.0
SKU_32,WH_2,-20,-2,20.65,1,21.01,-473.99,0.0
SKU_32,WH_3,-20,-2,17.02,4,68.89,-194.11,0.0
SKU_32,WH_4,-20,-2,13.71,1,14.07,-540.93,0.0
SKU_32,WH_5,-20,-2,10.41,7,73.49,-328.51,0.0
SKU_33,WH_1,-20,-2,16.62,7,117.39,-239.61,0.0
SKU_33,WH_2,-20,-2,14.43,5,72.97,-664.03,0.0
SKU_33,WH_3,-20,-2,10.82,11,120.04,-393.96,0.0
SKU_33,WH_4,-20,-2,15.86,1,16.3,-524.7,0.0
SKU_33,WH_5,-20,-2,12.72,5,64.35,-193.65,0.0
SKU_34,WH_1,-20,-2,16.05,2,32.78,-447.22,0.0
SKU_34,WH_2,-20,-2,10.86,3,33.3,-241.7,0.0
SKU_34,WH_3,-20,-2,12.68,11,140.27,-499.73,0.0
SKU_34,WH_4,-20,-2,10.95,1,11.64,-267.36,0.0
SKU_34,WH_5,-20,-2,16.76,2,34.27,-324.73,0.0
SKU_35,WH_1,-20,-2,15.03,9,136.99,-253.01,0.0
SKU_35,WH_2,-20,-2,10.85,10,109.06,-503.94,0.0
SKU_35,WH_3,-20,-2,14.37,5,72.53,-257.47,0.0
SKU_35,WH_4,-20,-2,15.9,1,16.54,-214.46,0.0
SKU_35,WH_5,-20,-2,5.5,1,6.18,-375.82,0.0
SKU_36,WH_1,-20,-2,22.9,10,229.79,-156.21,0.0
SKU_36,WH_2,-20,-2,13.61,8,110.05,-351.95,0.0
SKU_36,WH_3,-20,-2,16.11,10,162.02,-150.98,0.0
SKU_36,WH_4,-20,-2,17.35,9,156.74,-212.26,0.0
SKU_36,WH_5,-20,-2,13.7,10,137.88,-379.12,0.0
SKU_37,WH_1,-20,-2,18.96,1,19.4,-312.6,0.0
SKU_37,WH_2,-20,-2,15.66,12,189.06,-184.94,0.0
SKU_37,WH_3,-20,-2,27.4,1,27.88,-359.12,0.0
SKU_37,WH_4,-20,-2,19.78,11,218.61,-207.39,0.0
SKU_37,WH_5,-20,-2,13.13,1,14.08,-219.92,0.0
SKU_38,WH_1,-20,-2,18.33,6,110.73,-260.27,0.0
SKU_38,WH_2,-20,-2,12.65,12,152.69,-357.31,0.0
SKU_38,WH_3,-20,-2,15.41,6,93.51,-375.49,0.0
SKU_38,WH_4,-20,-2,10.77,11,119.17,-258.83,0.0
SKU_38,WH_5,-20,-2,19.18,11,212.07,-262.93,0.0
SKU_39,WH_1,-20,-2,17.61,8,141.78,-246.22,0.0
SKU_39,WH_2,-20,-2,12.84,6,78.06,-605.94,0.0
SKU_39,WH_3,-20,-2,22.74,2,45.88,-541.12,0.0
SKU_39,WH_4,-20,-2,14.84,9,134.89,-309.11,0.0
SKU_39,WH_5,-20,-2,11.89,2,24.13,-487.87,0.0
SKU_4,WH_1,-20,-2,17.66,9,159.86,-257.14,0.0
SKU_4,WH_2,-20,-2,18.58,11,205.62,-400.38,0.0
SKU_4,WH_3,-20,-2,14.61,5,73.62,-522.38,0.0
SKU_4,WH_4,-20,-2,18.2,10,182.68,-229.32,0.0
SKU_4,WH_5,-20,-2,18.51,6,111.63,-526.37,0.0
SKU_40,WH_1,-20,-2,18.34,1,18.64,-346.36,0.0
SKU_40,WH_2,-20,-2,14.02,12,169.33,-390.67,0.0
SKU_40,WH_3,-20,-2,21.69,5,108.9,-278.1,0.0
SKU_40,WH_4,-20,-2,19.16,3,58.09,-336.91,0.0
SKU_40,WH_5,-20,-2,24.89,6,150.01,-429.99,0.0
SKU_41,WH_1,-20,-2,18.73,10,188.12,-174.88,0.0
SKU_41,WH_2,-20,-2,14.5,12,175.85,-440.15,0.0
SKU_41,WH_3,-20,-2,16.5,11,182.24,-280.76,0.0
SKU_41,WH_4,-20,-2,15.68,11,173.41,-379.59,0.0
SKU_41,WH_5,-20,-2,7.02,2,15.02,-548.98,0.0
SKU_42,WH_1,-20,-2,11.99,7,85.51,-105.49,0.0
SKU_42,WH_2,-20,-2,15.07,3,46.15,-689.85,0.0
SKU_42,WH_3,-20,-2,12.74,10,128.12,-501.88,0.0
SKU_42,WH_4,-20,-2,19.12,8,153.67,-365.33,0.0
SKU_42,WH_5,-20,-2,8.33,4,34.26,-281.74,0.0
SKU_43,WH_1,-20,-2,12.16,10,122.39,-291.61,0.0
SKU_43,WH_2,-20,-2,16.11,10,161.99,-364.01,0.0
SKU_43,WH_3,-20,-2,11.39,5,57.53,-327.47,0.0
SKU_43,WH_4,-20,-2,14.6,5,73.84,-532.16,0.0
SKU_43,WH_5,-20,-2,13.63,12,164.35,-289.65,0.0
SKU_44,WH_1,-20,-2,22.27,5,112.02,-313.98,0.0
SKU_44,WH_2,-20,-2,14.26,1,14.78,-312.22,0.0
SKU_44,WH_3,-20,-2,13.84,11,154.63,-45.37,0.0
SKU_44,WH_4,-20,-2,14.4,10,146.23,-155.77,0.0
SKU_44,WH_5,-20,-2,18.35,2,37.29,-529.71,0.0
SKU_45,WH_1,-20,-2,10.65,6,64.32,-321.68,0.0
SKU_45,WH_2,-20,-2,23.22,5,116.68,-269.32,0.0
SKU_45,WH_3,-20,-2,13.57,7,95.84,-482.16,0.0
SKU_45,WH_4,-20,-2,18.28,1,18.71,-564.29,0.0
SKU_45,WH_5,-20,-2,9.45,1,10.07,-447.93,0.0
SKU_46,WH_1,-20,-2,13.94,8,112.59,-420.41,0.0
SKU_46,WH_2,-20,-2,16.08,5,81.14,-538.86,0.0
SKU_46,WH_3,-20,-2,14.46,9,130.89,-213.11,0.0
SKU_46,WH_4,-20,-2,15.29,10,154.09,-441.91,0.0
SKU_46,WH_5,-20,-2,13.46,1,13.78,-283.22,0.0
SKU_47,WH_1,-20,-2,14.58,7,102.95,-468.05,0.0
SKU_47,WH_2,-20,-2,18.36,9,165.95,-291.05,0.0
SKU_47,WH_3,-20,-2,20.82,8,167.67,-300.33,0.0
SKU_47,WH_4,-20,-2,16.31,3,49.95,-279.05,0.0
SKU_47,WH_5,-20,-2,20.78,6,125.5,-469.5,0.0
SKU_48,WH_1,-20,-2,17.58,1,18.09,-310.91,0.0
SKU_48,WH_2,-20,-2,9.62,6,58.07,-468.93,0.0
SKU_48,WH_3,-20,-2,18.49,9,166.96,-493.04,0.0
SKU_48,WH_4,-20,-2,20.32,10,203.91,-282.09,0.0
SKU_48,WH_5,-20,-2,18.83,9,170.22,-198.78,0.0
SKU_49,WH_1,-20,-2,13.7,4,55.7,-543.3,0.0
SKU_49,WH_2,-20,-2,14.05,4,56.8,-501.2,0.0
SKU_49,WH_3,-20,-2,22.83,10,229.95,-155.05,0.0
SKU_49,WH_4,-20,-2,10.7,12,129.08,-292.92,0.0
SKU_49,WH_5,-20,-2,14.65,2,29.92,-411.08,0.0
SKU_5,WH_1,-20,-2,15.8,2,32.14,-532.86,0.0
SKU_5,WH_2,-20,-2,15.01,1,15.56,-277.44,0.0
SKU_5,WH_3,-20,-2,19.64,9,177.4,-143.6,0.0
SKU_5,WH_4,-20,-2,15.02,12,182.65,-148.35,0.0
SKU_5,WH_5,-20,-2,19.72,8,158.33,-152.67,0.0
SKU_50,WH_1,-20,-2,14.66,8,118.11,-490.89,0.0
SKU_50,WH_2,-20,-2,19.22,1,19.79,-255.21,0.0
SKU_50,WH_3,-20,-2,11.83,9,107.94,-261.06,0.0
SKU_50,WH_4,-20,-2,19.29,12,232.7,-3.3,0.0
SKU_50,WH_5,-20,-2,12.73,5,65.49,-209.51,0.0
SKU_6,WH_1,-20,-2,16.66,7,117.96,-346.04,0.0
SKU_6,WH_2,-20,-2,17.74,12,214.71,-237.29,0.0
SKU_6,WH_3,-20,-2,16.03,8,129.14,-631.86,0.0
SKU_6,WH_4,-20,-2,18.88,9,170.58,-158.42,0.0
SKU_6,WH_5,-20,-2,12.92,1,13.27,-495.73,0.0
SKU_7,WH_1,-20,-2,15.9,1,16.46,-565.54,0.0
SKU_7,WH_2,-20,-2,15.62,3,47.68,-446.32,0.0
SKU_7,WH_3,-20,-2,18.82,1,19.45,-637.55,0.0
SKU_7,WH_4,-20,-2,12.26,2,24.93,-650.07,0.0
SKU_7,WH_5,-20,-2,19.71,6,118.64,-229.36,0.0
SKU_8,WH_1,-20,-2,11.9,11,131.77,-320.23,0.0
SKU_8,WH_2,-20,-2,18.66,8,149.85,-322.15,0.0
SKU_8,WH_3,-20,-2,26.31,2,53.57,-288.43,0.0
SKU_8,WH_4,-20,-2,15.55,5,78.37,-519.63,0.0
SKU_8,WH_5,-20,-2,9.48,3,29.08,-501.92,0.0
SKU_9,WH_1,-20,-2,13.36,9,121.21,-214.79,0.0
SKU_9,WH_2,-20,-2,17.9,10,180.31,-216.69,0.0
SKU_9,WH_3,-20,-2,9.58,12,116.29,-416.71,0.0
SKU_9,WH_4,-20,-2,15.77,1,16.09,-379.91,0.0
SKU_9,WH_5,-20,-2,16.26,11,179.92,-336.08,0.0
SKU_1,WH_1,-20,0,18.38,14,258.09,-365.91,0.0
SKU_1,WH_2,-20,0,11.02,8,88.86,-274.14,0.0
SKU_1,WH_3,-20,0,15.08,6,91.55,-343.45,0.0
SKU_1,WH_4,-20,0,8.36,9,75.94,-365.06,0.0
SKU_1,WH_5,-20,0,23.46,4,94.64,-475.36,0.0
SKU_10,WH_1,-20,0,15.3,13,200.12,-302.88,0.0
SKU_10,WH_2,-20,0,18.36,10,184.39,-258.61,0.0
SKU_10,WH_3,-20,0,11.4,5,57.76,-514.24,0.0
SKU_10,WH_4,-20,0,21.34,14,299.74,-114.26,0.0
SKU_10,WH_5,-20,0,26.42,9,239.09,-112.91,0.0
SKU_11,WH_1,-20,0,12.5,4,51.01,-706.99,0.0
SKU_11,WH_2,-20,0,19.07,4,77.11,-213.89,0.0
SKU_11,WH_3,-20,0,11.75,13,153.56,-216.44,0.0
SKU_11,WH_4,-20,0,14.15,2,28.95,-556.05,0.0
SKU_11,WH_5,-20,0,17.81,3,54.15,-618.85,0.0
SKU_12,WH_1,-20,0,23.79,5,119.97,-184.03,0.0
SKU_12,WH_2,-20,0,15.35,6,93.0,-516.0,0.0
SKU_12,WH_3,-20,0,20.64,6,124.85,-138.15,0.0
SKU_12,WH_4,-20,0,17.59,12,211.88,-325.12,0.0
SKU_12,WH_5,-20,0,14.25,6,86.2,-284.8,0.0
SKU_13,WH_1,-20,0,19.85,9,179.54,-262.46,0.0
SKU_13,WH_2,-20,0,11.22,11,124.38,-434.62,0.0
SKU_13,WH_3,-20,0,9.3,14,131.09,-379.91,0.0
SKU_13,WH_4,-20,0,14.46,10,145.38,-206.62,0.0
SKU_13,WH_5,-20,0,16.66,7,117.37,-458.63,0.0
SKU_14,WH_1,-20,0,16.09,11,177.93,-279.07,0.0
SKU_14,WH_2,-20,0,11.1,14,156.61,-349.39,0.0
SKU_14,WH_3,-20,0,18.22,3,55.13,-401.87,0.0
SKU_14,WH_4,-20,0,22.29,10,223.85,-290.15,0.0
SKU_14,WH_5,-20,0,12.08,6,72.89,-485.11,0.0
SKU_15,WH_1,-20,0,14.53,13,189.76,-150.24,0.0
SKU_15,WH_2,-20,0,14.62,8,117.95,-373.05,0.0
SKU_15,WH_3,-20,0,16.3,7,115.32,-178.68,0.0
SKU_15,WH_4,-20,0,16.62,5,83.69,-279.31,0.0
SKU_15,WH_5,-20,0,12.04,14,169.24,-300.76,0.0
SKU_16,WH_1,-20,0,14.4,14,202.82,-263.18,0.0
SKU_16,WH_2,-20,0,18.58,11,205.31,-503.69,0.0
SKU_16,WH_3,-20,0,18.46,6,111.52,-294.48,0.0
SKU_16,WH_4,-20,0,4.34,4,18.05,-591.95,0.0
SKU_16,WH_5,-20,0,13.66,2,27.78,-405.22,0.0
SKU_17,WH_1,-20,0,9.6,10,96.7,-403.3,0.0
SKU_17,WH_2,-20,0,14.47,13,189.49,-315.51,0.0
SKU_17,WH_3,-20,0,23.26,3,70.26,-503.74,0.0
SKU_17,WH_4,-20,0,12.51,5,63.11,-298.89,0.0
SKU_17,WH_5,-20,0,15.98,8,128.81,-205.19,0.0
SKU_18,WH_1,-20,0,22.34,2,45.09,-361.91,0.0
SKU_18,WH_2,-20,0,18.29,10,183.82,-88.18,0.0
SKU_18,WH_3,-20,0,15.44,9,140.52,-301.48,0.0
SKU_18,WH_4,-20,0,13.7,6,83.05,-255.95,0.0
SKU_18,WH_5,-20,0,19.28,13,251.44,-514.56,0.0
SKU_19,WH_1,-20,0,15.56,8,125.41,-220.59,0.0
SKU_19,WH_2,-20,0,14.93,8,120.53,-349.47,0.0
SKU_19,WH_3,-20,0,16.79,4,67.89,-210.11,0.0
SKU_19,WH_4,-20,0,22.48,4,90.68,-252.32,0.0
SKU_19,WH_5,-20,0,12.98,7,91.56,-512.44,0.0
SKU_2,WH_1,-20,0,20.05,13,262.35,-8.65,0.0
SKU_2,WH_2,-20,0,13.97,8,112.45,-384.55,0.0
SKU_2,WH_3,-20,0,16.6,10,167.52,-131.48,0.0
SKU_2,WH_4,-20,0,11.19,6,67.68,-321.32,0.0
SKU_2,WH_5,-20,0,23.09,14,323.93,-166.07,0.0
SKU_20,WH_1,-20,0,16.75,9,151.52,-300.48,0.0
SKU_20,WH_2,-20,0,18.88,9,170.92,-373.08,0.0
SKU_20,WH_3,-20,0,18.98,3,57.22,-375.78,0.0
SKU_20,WH_4,-20,0,13.64,2,27.63,-316.37,0.0
SKU_20,WH_5,-20,0,16.06,2,32.52,-414.48,0.0
SKU_21,WH_1,-20,0,17.9,11,198.21,-140.79,0.0
SKU_21,WH_2,-20,0,14.42,7,101.59,-270.41,0.0
SKU_21,WH_3,-20,0,10.5,10,106.22,-171.78,0.0
SKU_21,WH_4,-20,0,17.9,8,144.47,-333.53,0.0
SKU_21,WH_5,-20,0,15.98,8,128.64,-193.36,0.0
SKU_22,WH_1,-20,0,16.66,4,67.24,-408.76,0.0
SKU_22,WH_2,-20,0,14.4,7,101.37,-434.63,0.0
SKU_22,WH_3,-20,0,14.34,4,58.28,-371.72,0.0
SKU_22,WH_4,-20,0,16.88,11,186.91,-424.09,0.0
SKU_22,WH_5,-20,0,13.1,4,52.77,-541.23,0.0
SKU_23,WH_1,-20,0,20.3,8,163.12,-107.88,0.0
SKU_23,WH_2,-20,0,11.31,12,136.59,-276.41,0.0
SKU_23,WH_3,-20,0,10.98,5,55.48,-320.52,0.0
SKU_23,WH_4,-20,0,10.46,14,147.54,-248.46,0.0
SKU_23,WH_5,-20,0,16.93,3,51.53,-550.47,0.0
SKU_24,WH_1,-20,0,21.28,2,43.02,-256.98,0.0
SKU_24,WH_2,-20,0,17.92,5,90.25,-286.75,0.0
SKU_24,WH_3,-20,0,15.9,10,160.25,-264.75,0.0
SKU_24,WH_4,-20,0,11.7,13,152.78,-168.22,0.0
SKU_24,WH_5,-20,0,17.74,7,124.73,-398.27,0.0
SKU_25,WH_1,-20,0,19.88,5,99.87,-495.13,0.0
SKU_25,WH_2,-20,0,12.35,3,37.77,-763.23,0.0
SKU_25,WH_3,-20,0,21.27,7,149.72,-102.28,0.0
SKU_25,WH_4,-20,0,15.13,9,137.07,-237.93,0.0
SKU_25,WH_5,-20,0,15.98,7,112.61,-260.39,0.0
SKU_26,WH_1,-20,0,10.9,2,22.31,-460.69,0.0
SKU_26,WH_2,-20,0,20.77,5,104.43,-329.57,0.0
SKU_26,WH_3,-20,0,12.58,14,179.02,-328.98,0.0
SKU_26,WH_4,-20,0,20.71,14,292.07,-216.93,0.0
SKU_26,WH_5,-20,0,26.26,4,106.09,-292.91,0.0
SKU_27,WH_1,-20,0,17.52,2,35.45,-637.55,0.0
SKU_27,WH_2,-20,0,12.91,4,51.99,-412.01,0.0
SKU_27,WH_3,-20,0,33.05,3,100.46,-467.54,0.0
SKU_27,WH_4,-20,0,20.41,14,286.87,-28.13,0.0
SKU_27,WH_5,-20,0,10.27,2,20.86,-446.14,0.0
SKU_28,WH_1,-20,0,15.56,10,157.38,-487.62,0.0
SKU_28,WH_2,-20,0,11.91,2,24.12,-522.88,0.0
SKU_28,WH_3,-20,0,17.49,10,175.75,-399.25,0.0
SKU_28,WH_4,-20,0,13.59,3,41.25,-572.75,0.0
SKU_28,WH_5,-20,0,15.26,12,184.42,-284.58,0.0
SKU_29,WH_1,-20,0,17.6,5,89.07,-237.93,0.0
SKU_29,WH_2,-20,0,27.86,14,391.52,-10.48,0.0
SKU_29,WH_3,-20,0,20.87,3,63.77,-441.23,0.0
SKU_29,WH_4,-20,0,16.69,14,234.79,-335.21,0.0
SKU_29,WH_5,-20,0,24.73,11,273.36,-200.64,0.0
SKU_3,WH_1,-20,0,17.46,14,245.28,-121.72,0.0
SKU_3,WH_2,-20,0,10.26,13,133.89,-285.11,0.0
SKU_3,WH_3,-20,0,16.85,9,152.8,-122.2,0.0
SKU_3,WH_4,-20,0,16.09,10,162.03,-417.97,0.0
SKU_3,WH_5,-20,0,21.53,7,151.3,-275.7,0.0
SKU_30,WH_1,-20,0,18.41,3,55.52,-480.48,0.0
SKU_30,WH_2,-20,0,15.21,12,183.72,-151.28,0.0
SKU_30,WH_3,-20,0,12.68,4,50.95,-524.05,0.0
SKU_30,WH_4,-20,0,9.22,7,65.32,-302.68,0.0
SKU_30,WH_5,-20,0,17.62,2,35.53,-358.47,0.0
SKU_31,WH_1,-20,0,16.25,8,131.15,-167.85,0.0
SKU_31,WH_2,-20,0,22.41,2,45.99,-647.01,0.0
SKU_31,WH_3,-20,0,11.26,12,136.47,-332.53,0.0
SKU_31,WH_4,-20,0,14.51,3,44.23,-476.77,0.0
SKU_31,WH_5,-20,0,19.49,4,78.68,-336.32,0.0
SKU_32,WH_1,-20,0,17.74,6,107.02,-515.98,0.0
SKU_32,WH_2,-20,0,20.65,2,41.66,-453.34,0.0
SKU_32,WH_3,-20,0,17.02,6,102.93,-160.07,0.0
SKU_32,WH_4,-20,0,13.71,2,27.78,-527.22,0.0
SKU_32,WH_5,-20,0,10.41,9,94.3,-307.7,0.0
SKU_33,WH_1,-20,0,16.62,9,150.62,-206.38,0.0
SKU_33,WH_2,-20,0,14.43,7,101.83,-635.17,0.0
SKU_33,WH_3,-20,0,10.82,13,141.67,-372.33,0.0
SKU_33,WH_4,-20,0,15.86,3,48.03,-492.97,0.0
SKU_33,WH_5,-20,0,12.72,7,89.79,-168.21,0.0
SKU_34,WH_1,-20,0,16.05,4,64.87,-415.13,0.0
SKU_34,WH_2,-20,0,10.86,5,55.03,-219.97,0.0
SKU_34,WH_3,-20,0,12.68,13,165.63,-474.37,0.0
SKU_34,WH_4,-20,0,10.95,2,22.59,-256.41,0.0
SKU_34,WH_5,-20,0,16.76,4,67.79,-291.21,0.0
SKU_35,WH_1,-20,0,15.03,11,167.05,-222.95,0.0
SKU_35,WH_2,-20,0,10.85,12,130.76,-482.24,0.0
SKU_35,WH_3,-20,0,14.37,7,101.27,-228.73,0.0
SKU_35,WH_4,-20,0,15.9,2,32.43,-198.57,0.0
SKU_35,WH_5,-20,0,5.5,2,11.69,-370.31,0.0
SKU_36,WH_1,-20,0,22.9,12,275.58,-110.42,0.0
SKU_36,WH_2,-20,0,13.61,10,137.27,-324.73,0.0
SKU_36,WH_3,-20,0,16.11,12,194.24,-118.76,0.0
SKU_36,WH_4,-20,0,17.35,11,191.44,-177.56,0.0
SKU_36,WH_5,-20,0,13.7,12,165.27,-351.73,0.0
SKU_37,WH_1,-20,0,18.96,3,57.32,-274.68,0.0
SKU_37,WH_2,-20,0,15.66,14,220.37,-153.63,0.0
SKU_37,WH_3,-20,0,27.4,3,82.68,-304.32,0.0
SKU_37,WH_4,-20,0,19.78,13,258.16,-167.84,0.0
SKU_37,WH_5,-20,0,13.13,3,40.33,-193.67,0.0
SKU_38,WH_1,-20,0,18.33,8,147.38,-223.62,0.0
SKU_38,WH_2,-20,0,12.65,14,177.98,-332.02,0.0
SKU_38,WH_3,-20,0,15.41,8,124.32,-344.68,0.0
SKU_38,WH_4,-20,0,10.77,13,140.7,-237.3,0.0
SKU_38,WH_5,-20,0,19.18,13,250.42,-224.58,0.0
SKU_39,WH_1,-20,0,17.61,10,177.0,-211.0,0.0
SKU_39,WH_2,-20,0,12.84,8,103.74,-580.26,0.0
SKU_39,WH_3,-20,0,22.74,4,91.37,-495.63,0.0
SKU_39,WH_4,-20,0,14.84,11,164.57,-279.43,0.0
SKU_39,WH_5,-20,0,11.89,4,47.9,-464.1,0.0
SKU_4,WH_1,-20,0,17.66,11,195.18,-221.82,0.0
SKU_4,WH_2,-20,0,18.58,13,242.77,-363.23,0.0
SKU_4,WH_3,-20,0,14.61,7,102.84,-493.16,0.0
SKU_4,WH_4,-20,0,18.2,12,219.08,-192.92,0.0
SKU_4,WH_5,-20,0,18.51,8,148.66,-489.34,0.0
SKU_40,WH_1,-20,0,18.34,2,36.97,-328.03,0.0
SKU_40,WH_2,-20,0,14.02,14,197.36,-362.64,0.0
SKU_40,WH_3,-20,0,21.69,7,152.28,-234.72,0.0
SKU_40,WH_4,-20,0,19.16,5,96.41,-298.59,0.0
SKU_40,WH_5,-20,0,24.89,8,199.78,-380.22,0.0
SKU_41,WH_1,-20,0,18.73,12,225.58,-137.42,0.0
SKU_41,WH_2,-20,0,14.5,14,204.86,-411.14,0.0
SKU_41,WH_3,-20,0,16.5,13,215.25,-247.75,0.0
SKU_41,WH_4,-20,0,15.68,13,204.77,-348.23,0.0
SKU_41,WH_5,-20,0,7.02,4,29.07,-534.93,0.0
SKU_42,WH_1,-20,0,11.99,9,109.5,-81.5,0.0
SKU_42,WH_2,-20,0,15.07,5,76.29,-659.71,0.0
SKU_42,WH_3,-20,0,12.74,12,153.61,-476.39,0.0
SKU_42,WH_4,-20,0,19.12,10,191.91,-327.09,0.0
SKU_42,WH_5,-20,0,8.33,6,50.92,-265.08,0.0
SKU_43,WH_1,-20,0,12.16,12,146.71,-267.29,0.0
SKU_43,WH_2,-20,0,16.11,12,194.21,-331.79,0.0
SKU_43,WH_3,-20,0,11.39,7,80.31,-304.69,0.0
SKU_43,WH_4,-20,0,14.6,7,103.04,-502.96,0.0
SKU_43,WH_5,-20,0,13.63,14,191.62,-262.38,0.0
SKU_44,WH_1,-20,0,22.27,7,156.56,-269.44,0.0
SKU_44,WH_2,-20,0,14.26,2,29.03,-297.97,0.0
SKU_44,WH_3,-20,0,13.84,13,182.31,-17.69,0.0
SKU_44,WH_4,-20,0,14.4,12,175.03,-126.97,0.0
SKU_44,WH_5,-20,0,18.35,4,74.0,-493.0,0.0
SKU_45,WH_1,-20,0,10.65,8,85.61,-300.39,0.0
SKU_45,WH_2,-20,0,23.22,7,163.13,-222.87,0.0
SKU_45,WH_3,-20,0,13.57,9,122.97,-455.03,0.0
SKU_45,WH_4,-20,0,18.28,3,55.27,-527.73,0.0
SKU_45,WH_5,-20,0,9.45,3,28.96,-429.04,0.0
SKU_46,WH_1,-20,0,13.94,10,140.46,-392.54,0.0
SKU_46,WH_2,-20,0,16.08,7,113.3,-506.7,0.0
SKU_46,WH_3,-20,0,14.46,11,159.81,-184.19,0.0
SKU_46,WH_4,-20,0,15.29,12,184.67,-411.33,0.0
SKU_46,WH_5,-20,0,13.46,2,27.23,-269.77,0.0
SKU_47,WH_1,-20,0,14.58,9,132.12,-438.88,0.0
SKU_47,WH_2,-20,0,18.36,11,202.67,-254.33,0.0
SKU_47,WH_3,-20,0,20.82,10,209.32,-258.68,0.0
SKU_47,WH_4,-20,0,16.31,5,82.57,-246.43,0.0
SKU_47,WH_5,-20,0,20.78,8,167.05,-427.95,0.0
SKU_48,WH_1,-20,0,17.58,2,35.68,-293.32,0.0
SKU_48,WH_2,-20,0,9.62,8,77.32,-449.68,0.0
SKU_48,WH_3,-20,0,18.49,11,203.94,-456.06,0.0
SKU_48,WH_4,-20,0,20.32,12,244.55,-241.45,0.0
SKU_48,WH_5,-20,0,18.83,11,207.88,-161.12,0.0
SKU_49,WH_1,-20,0,13.7,6,83.1,-515.9,0.0
SKU_49,WH_2,-20,0,14.05,6,84.9,-473.1,0.0
SKU_49,WH_3,-20,0,22.83,12,275.61,-109.39,0.0
SKU_49,WH_4,-20,0,10.7,14,150.47,-271.53,0.0
SKU_49,WH_5,-20,0,14.65,4,59.21,-381.79,0.0
SKU_5,WH_1,-20,0,15.8,4,63.74,-501.26,0.0
SKU_5,WH_2,-20,0,15.01,2,30.57,-262.43,0.0
SKU_5,WH_3,-20,0,19.64,11,216.68,-104.32,0.0
SKU_5,WH_4,-20,0,15.02,14,212.68,-118.32,0.0
SKU_5,WH_5,-20,0,19.72,10,197.77,-113.23,0.0
SKU_50,WH_1,-20,0,14.66,10,147.44,-461.56,0.0
SKU_50,WH_2,-20,0,19.22,3,58.24,-216.76,0.0
SKU_50,WH_3,-20,0,11.83,11,131.6,-237.4,0.0
SKU_50,WH_4,-20,0,19.29,14,271.27,35.27,35.27
SKU_50,WH_5,-20,0,12.73,7,90.95,-184.05,0.0
SKU_6,WH_1,-20,0,16.66,9,151.29,-312.71,0.0
SKU_6,WH_2,-20,0,17.74,14,250.18,-201.82,0.0
SKU_6,WH_3,-20,0,16.03,10,161.2,-599.8,0.0
SKU_6,WH_4,-20,0,18.88,11,208.34,-120.66,0.0
SKU_6,WH_5,-20,0,12.92,3,39.11,-469.89,0.0
SKU_7,WH_1,-20,0,15.9,3,48.25,-533.75,0.0
SKU_7,WH_2,-20,0,15.62,5,78.93,-415.07,0.0
SKU_7,WH_3,-20,0,18.82,3,57.1,-599.9,0.0
SKU_7,WH_4,-20,0,12.26,4,49.44,-625.56,0.0
SKU_7,WH_5,-20,0,19.71,8,158.07,-189.93,0.0
SKU_8,WH_1,-20,0,11.9,13,155.58,-296.42,0.0
SKU_8,WH_2,-20,0,18.66,10,187.16,-284.84,0.0
SKU_8,WH_3,-20,0,26.31,4,106.2,-235.8,0.0
SKU_8,WH_4,-20,0,15.55,7,109.47,-488.53,0.0
SKU_8,WH_5,-20,0,9.48,5,48.04,-482.96,0.0
SKU_9,WH_1,-20,0,13.36,11,147.93,-188.07,0.0
SKU_9,WH_2,-20,0,17.9,12,216.1,-180.9,0.0
SKU_9,WH_3,-20,0,9.58,14,135.46,-397.54,0.0
SKU_9,WH_4,-20,0,15.77,3,47.62,-348.38,0.0
SKU_9,WH_5,-20,0,16.26,13,212.43,-303.57,0.0
SKU_1,WH_1,-20,2,18.38,16,294.85,-329.15,0.0
SKU_1,WH_2,-20,2,11.02,10,110.91,-252.09,0.0
SKU_1,WH_3,-20,2,15.08,8,121.71,-313.29,0.0
SKU_1,WH_4,-20,2,8.36,11,92.66,-348.34,0.0
SKU_1,WH_5,-20,2,23.46,6,141.56,-428.44,0.0
SKU_10,WH_1,-20,2,15.3,15,230.71,-272.29,0.0
SKU_10,WH_2,-20,2,18.36,12,221.11,-221.89,0.0
SKU_10,WH_3,-20,2,11.4,7,80.56,-491.44,0.0
SKU_10,WH_4,-20,2,21.34,16,342.42,-71.58,0.0
SKU_10,WH_5,-20,2,26.42,11,291.93,-60.07,0.0
SKU_11,WH_1,-20,2,12.5,6,76.01,-681.99,0.0
SKU_11,WH_2,-20,2,19.07,6,115.25,-175.75,0.0
SKU_11,WH_3,-20,2,11.75,15,177.06,-192.94,0.0
SKU_11,WH_4,-20,2,14.15,4,57.26,-527.74,0.0
SKU_11,WH_5,-20,2,17.81,5,89.77,-583.23,0.0
SKU_12,WH_1,-20,2,23.79,7,167.55,-136.45,0.0
SKU_12,WH_2,-20,2,15.35,8,123.71,-485.29,0.0
SKU_12,WH_3,-20,2,20.64,8,166.13,-96.87,0.0
SKU_12,WH_4,-20,2,17.59,14,247.07,-289.93,0.0
SKU_12,WH_5,-20,2,14.25,8,114.69,-256.31,0.0
SKU_13,WH_1,-20,2,19.85,11,219.24,-222.76,0.0
SKU_13,WH_2,-20,2,11.22,13,146.81,-412.19,0.0
SKU_13,WH_3,-20,2,9.3,16,149.69,-361.31,0.0
SKU_13,WH_4,-20,2,14.46,12,174.29,-177.71,0.0
SKU_13,WH_5,-20,2,16.66,9,150.7,-425.3,0.0
SKU_14,WH_1,-20,2,16.09,13,210.1,-246.9,0.0
SKU_14,WH_2,-20,2,11.1,16,178.81,-327.19,0.0
SKU_14,WH_3,-20,2,18.22,5,91.58,-365.42,0.0
SKU_14,WH_4,-20,2,22.29,12,268.43,-245.57,0.0
SKU_14,WH_5,-20,2,12.08,8,97.05,-460.95,0.0
SKU_15,WH_1,-20,2,14.53,15,218.82,-121.18,0.0
SKU_15,WH_2,-20,2,14.62,10,147.2,-343.8,0.0
SKU_15,WH_3,-20,2,16.3,9,147.93,-146.07,0.0
SKU_15,WH_4,-20,2,16.62,7,116.94,-246.06,0.0
SKU_15,WH_5,-20,2,12.04,16,193.32,-276.68,0.0
SKU_16,WH_1,-20,2,14.4,16,231.62,-234.38,0.0
SKU_16,WH_2,-20,2,18.58,13,242.48,-466.52,0.0
SKU_16,WH_3,-20,2,18.46,8,148.45,-257.55,0.0
SKU_16,WH_4,-20,2,4.34,6,26.73,-583.27,0.0
SKU_16,WH_5,-20,2,13.66,4,55.09,-377.91,0.0
SKU_17,WH_1,-20,2,9.6,12,115.9,-384.1,0.0
SKU_17,WH_2,-20,2,14.47,15,218.43,-286.57,0.0
SKU_17,WH_3,-20,2,23.26,5,116.77,-457.23,0.0
SKU_17,WH_4,-20,2,12.51,7,88.13,-273.87,0.0
SKU_17,WH_5,-20,2,15.98,10,160.76,-173.24,0.0
SKU_18,WH_1,-20,2,22.34,4,89.78,-317.22,0.0
SKU_18,WH_2,-20,2,18.29,12,220.4,-51.6,0.0
SKU_18,WH_3,-20,2,15.44,11,171.4,-270.6,0.0
SKU_18,WH_4,-20,2,13.7,8,110.46,-228.54,0.0
SKU_18,WH_5,-20,2,19.28,15,290.0,-476.0,0.0
SKU_19,WH_1,-20,2,15.56,10,156.53,-189.47,0.0
SKU_19,WH_2,-20,2,14.93,10,150.39,-319.61,0.0
SKU_19,WH_3,-20,2,16.79,6,101.47,-176.53,0.0
SKU_19,WH_4,-20,2,22.48,6,135.64,-207.36,0.0
SKU_19,WH_5,-20,2,12.98,9,117.53,-486.47,0.0
SKU_2,WH_1,-20,2,20.05,15,302.45,31.45,31.45
SKU_2,WH_2,-20,2,13.97,10,140.39,-356.61,0.0
SKU_2,WH_3,-20,2,16.6,12,200.72,-98.28,0.0
SKU_2,WH_4,-20,2,11.19,8,90.07,-298.93,0.0
SKU_2,WH_5,-20,2,23.09,16,370.11,-119.89,0.0
SKU_20,WH_1,-20,2,16.75,11,185.02,-266.98,0.0
SKU_20,WH_2,-20,2,18.88,11,208.68,-335.32,0.0
SKU_20,WH_3,-20,2,18.98,5,95.17,-337.83,0.0
SKU_20,WH_4,-20,2,13.64,4,54.91,-289.09,0.0
SKU_20,WH_5,-20,2,16.06,4,64.63,-382.37,0.0
SKU_21,WH_1,-20,2,17.9,13,234.0,-105.0,0.0
SKU_21,WH_2,-20,2,14.42,9,130.44,-241.56,0.0
SKU_21,WH_3,-20,2,10.5,12,127.23,-150.77,0.0
SKU_21,WH_4,-20,2,17.9,10,180.28,-297.72,0.0
SKU_21,WH_5,-20,2,15.98,10,160.61,-161.39,0.0
SKU_22,WH_1,-20,2,16.66,6,100.56,-375.44,0.0
SKU_22,WH_2,-20,2,14.4,9,130.17,-405.83,0.0
SKU_22,WH_3,-20,2,14.34,6,86.96,-343.04,0.0
SKU_22,WH_4,-20,2,16.88,13,220.67,-390.33,0.0
SKU_22,WH_5,-20,2,13.1,6,78.97,-515.03,0.0
SKU_23,WH_1,-20,2,20.3,10,203.73,-67.27,0.0
SKU_23,WH_2,-20,2,11.31,14,159.22,-253.78,0.0
SKU_23,WH_3,-20,2,10.98,7,77.43,-298.57,0.0
SKU_23,WH_4,-20,2,10.46,16,168.46,-227.54,0.0
SKU_23,WH_5,-20,2,16.93,5,85.39,-516.61,0.0
SKU_24,WH_1,-20,2,21.28,4,85.58,-214.42,0.0
SKU_24,WH_2,-20,2,17.92,7,126.09,-250.91,0.0
SKU_24,WH_3,-20,2,15.9,12,192.06,-232.94,0.0
SKU_24,WH_4,-20,2,11.7,15,176.19,-144.81,0.0
SKU_24,WH_5,-20,2,17.74,9,160.2,-362.8,0.0
SKU_25,WH_1,-20,2,19.88,7,139.63,-455.37,0.0
SKU_25,WH_2,-20,2,12.35,5,62.47,-738.53,0.0
SKU_25,WH_3,-20,2,21.27,9,192.27,-59.73,0.0
SKU_25,WH_4,-20,2,15.13,11,167.33,-207.67,0.0
SKU_25,WH_5,-20,2,15.98,9,144.58,-228.42,0.0
SKU_26,WH_1,-20,2,10.9,4,44.1,-438.9,0.0
SKU_26,WH_2,-20,2,20.77,7,145.97,-288.03,0.0
SKU_26,WH_3,-20,2,12.58,16,204.18,-303.82,0.0
SKU_26,WH_4,-20,2,20.71,16,333.49,-175.51,0.0
SKU_26,WH_5,-20,2,26.26,6,158.61,-240.39,0.0
SKU_27,WH_1,-20,2,17.52,4,70.49,-602.51,0.0
SKU_27,WH_2,-20,2,12.91,6,77.81,-386.19,0.0
SKU_27,WH_3,-20,2,33.05,5,166.56,-401.44,0.0
SKU_27,WH_4,-20,2,20.41,16,327.69,12.69,12.69
SKU_27,WH_5,-20,2,10.27,4,41.41,-425.59,0.0
SKU_28,WH_1,-20,2,15.56,12,188.5,-456.5,0.0
SKU_28,WH_2,-20,2,11.91,4,47.95,-499.05,0.0
SKU_28,WH_3,-20,2,17.49,12,210.73,-364.27,0.0
SKU_28,WH_4,-20,2,13.59,5,68.43,-545.57,0.0
SKU_28,WH_5,-20,2,15.26,14,214.93,-254.07,0.0
SKU_29,WH_1,-20,2,17.6,7,124.27,-202.73,0.0
SKU_29,WH_2,-20,2,27.86,16,447.24,45.24,45.24
SKU_29,WH_3,-20,2,20.87,5,105.51,-399.49,0.0
SKU_29,WH_4,-20,2,16.69,16,268.17,-301.83,0.0
SKU_29,WH_5,-20,2,24.73,13,322.81,-151.19,0.0
SKU_3,WH_1,-20,2,17.46,16,280.2,-86.8,0.0
SKU_3,WH_2,-20,2,10.26,15,154.4,-264.6,0.0
SKU_3,WH_3,-20,2,16.85,11,186.5,-88.5,0.0
SKU_3,WH_4,-20,2,16.09,12,194.21,-385.79,0.0
SKU_3,WH_5,-20,2,21.53,9,194.35,-232.65,0.0
SKU_30,WH_1,-20,2,18.41,5,92.34,-443.66,0.0
SKU_30,WH_2,-20,2,15.21,14,214.13,-120.87,0.0
SKU_30,WH_3,-20,2,12.68,6,76.31,-498.69,0.0
SKU_30,WH_4,-20,2,9.22,9,83.75,-284.25,0.0
SKU_30,WH_5,-20,2,17.62,4,70.76,-323.24,0.0
SKU_31,WH_1,-20,2,16.25,10,163.65,-135.35,0.0
SKU_31,WH_2,-20,2,22.41,4,90.8,-602.2,0.0
SKU_31,WH_3,-20,2,11.26,14,159.0,-310.0,0.0
SKU_31,WH_4,-20,2,14.51,5,73.25,-447.75,0.0
SKU_31,WH_5,-20,2,19.49,6,117.66,-297.34,0.0
SKU_32,WH_1,-20,2,17.74,8,142.51,-480.49,0.0
SKU_32,WH_2,-20,2,20.65,4,82.95,-412.05,0.0
SKU_32,WH_3,-20,2,17.02,8,136.98,-126.02,0.0
SKU_32,WH_4,-20,2,13.71,4,55.21,-499.79,0.0
SKU_32,WH_5,-20,2,10.41,11,115.12,-286.88,0.0
SKU_33,WH_1,-20,2,16.62,11,183.86,-173.14,0.0
SKU_33,WH_2,-20,2,14.43,9,130.7,-606.3,0.0
SKU_33,WH_3,-20,2,10.82,15,163.3,-350.7,0.0
SKU_33,WH_4,-20,2,15.86,5,79.76,-461.24,0.0
SKU_33,WH_5,-20,2,12.72,9,115.23,-142.77,0.0
SKU_34,WH_1,-20,2,16.05,6,96.97,-383.03,0.0
SKU_34,WH_2,-20,2,10.86,7,76.76,-198.24,0.0
SKU_34,WH_3,-20,2,12.68,15,190.99,-449.01,0.0
SKU_34,WH_4,-20,2,10.95,4,44.5,-234.5,0.0
SKU_34,WH_5,-20,2,16.76,6,101.31,-257.69,0.0
SKU_35,WH_1,-20,2,15.03,13,197.12,-192.88,0.0
SKU_35,WH_2,-20,2,10.85,14,152.45,-460.55,0.0
SKU_35,WH_3,-20,2,14.37,9,130.0,-200.0,0.0
SKU_35,WH_4,-20,2,15.9,4,64.22,-166.78,0.0
SKU_35,WH_5,-20,2,5.5,4,22.7,-359.3,0.0
SKU_36,WH_1,-20,2,22.9,14,321.37,-64.63,0.0
SKU_36,WH_2,-20,2,13.61,12,164.49,-297.51,0.0
SKU_36,WH_3,-20,2,16.11,14,226.47,-86.53,0.0
SKU_36,WH_4,-20,2,17.35,13,226.15,-142.85,0.0
SKU_36,WH_5,-20,2,13.7,14,192.66,-324.34,0.0
SKU_37,WH_1,-20,2,18.96,5,95.24,-236.76,0.0
SKU_37,WH_2,-20,2,15.66,16,251.69,-122.31,0.0
SKU_37,WH_3,-20,2,27.4,5,137.48,-249.52,0.0
SKU_37,WH_4,-20,2,19.78,15,297.71,-128.29,0.0
SKU_37,WH_5,-20,2,13.13,5,66.59,-167.41,0.0
SKU_38,WH_1,-20,2,18.33,10,184.04,-186.96,0.0
SKU_38,WH_2,-20,2,12.65,16,203.28,-306.72,0.0
SKU_38,WH_3,-20,2,15.41,10,155.14,-313.86,0.0
SKU_38,WH_4,-20,2,10.77,15,162.24,-215.76,0.0
SKU_38,WH_5,-20,2,19.18,15,288.77,-186.23,0.0
SKU_39,WH_1,-20,2,17.61,12,212.22,-175.78,0.0
SKU_39,WH_2,-20,2,12.84,10,129.42,-554.58,0.0
SKU_39,WH_3,-20,2,22.74,6,136.85,-450.15,0.0
SKU_39,WH_4,-20,2,14.84,13,194.25,-249.75,0.0
SKU_39,WH_5,-20,2,11.89,6,71.68,-440.32,0.0
SKU_4,WH_1,-20,2,17.66,13,230.49,-186.51,0.0
SKU_4,WH_2,-20,2,18.58,15,279.92,-326.08,0.0
SKU_4,WH_3,-20,2,14.61,9,132.05,-463.95,0.0
SKU_4,WH_4,-20,2,18.2,14,255.48,-156.52,0.0
SKU_4,WH_5,-20,2,18.51,10,185.68,-452.32,0.0
SKU_40,WH_1,-20,2,18.34,4,73.64,-291.36,0.0
SKU_40,WH_2,-20,2,14.02,16,225.4,-334.6,0.0
SKU_40,WH_3,-20,2,21.69,9,195.65,-191.35,0.0
SKU_40,WH_4,-20,2,19.16,7,134.73,-260.27,0.0
SKU_40,WH_5,-20,2,24.89,10,249.56,-330.44,0.0
SKU_41,WH_1,-20,2,18.73,14,263.03,-99.97,0.0
SKU_41,WH_2,-20,2,14.5,16,233.86,-382.14,0.0
SKU_41,WH_3,-20,2,16.5,15,248.26,-214.74,0.0
SKU_41,WH_4,-20,2,15.68,15,236.13,-316.87,0.0
SKU_41,WH_5,-20,2,7.02,6,43.11,-520.89,0.0
SKU_42,WH_1,-20,2,11.99,11,133.48,-57.52,0.0
SKU_42,WH_2,-20,2,15.07,7,106.43,-629.57,0.0
SKU_42,WH_3,-20,2,12.74,14,179.1,-450.9,0.0
SKU_42,WH_4,-20,2,19.12,12,230.15,-288.85,0.0
SKU_42,WH_5,-20,2,8.33,8,67.57,-248.43,0.0
SKU_43,WH_1,-20,2,12.16,14,171.03,-242.97,0.0
SKU_43,WH_2,-20,2,16.11,14,226.44,-299.56,0.0
SKU_43,WH_3,-20,2,11.39,9,103.1,-281.9,0.0
SKU_43,WH_4,-20,2,14.6,9,132.24,-473.76,0.0
SKU_43,WH_5,-20,2,13.63,16,218.88,-235.12,0.0
SKU_44,WH_1,-20,2,22.27,9,201.11,-224.89,0.0
SKU_44,WH_2,-20,2,14.26,4,57.54,-269.46,0.0
SKU_44,WH_3,-20,2,13.84,15,209.99,9.99,9.99
SKU_44,WH_4,-20,2,14.4,14,203.83,-98.17,0.0
SKU_44,WH_5,-20,2,18.35,6,110.7,-456.3,0.0
SKU_45,WH_1,-20,2,10.65,10,106.91,-279.09,0.0
SKU_45,WH_2,-20,2,23.22,9,209.58,-176.42,0.0
SKU_45,WH_3,-20,2,13.57,11,150.11,-427.89,0.0
SKU_45,WH_4,-20,2,18.28,5,91.83,-491.17,0.0
SKU_45,WH_5,-20,2,9.45,5,47.86,-410.14,0.0
SKU_46,WH_1,-20,2,13.94,12,168.33,-364.67,0.0
SKU_46,WH_2,-20,2,16.08,9,145.46,-474.54,0.0
SKU_46,WH_3,-20,2,14.46,13,188.72,-155.28,0.0
SKU_46,WH_4,-20,2,15.29,14,215.24,-380.76,0.0
SKU_46,WH_5,-20,2,13.46,4,54.14,-242.86,0.0
SKU_47,WH_1,-20,2,14.58,11,161.28,-409.72,0.0
SKU_47,WH_2,-20,2,18.36,13,239.39,-217.61,0.0
SKU_47,WH_3,-20,2,20.82,12,250.97,-217.03,0.0
SKU_47,WH_4,-20,2,16.31,7,115.19,-213.81,0.0
SKU_47,WH_5,-20,2,20.78,10,208.6,-386.4,0.0
SKU_48,WH_1,-20,2,17.58,4,70.85,-258.15,0.0
SKU_48,WH_2,-20,2,9.62,10,96.57,-430.43,0.0
SKU_48,WH_3,-20,2,18.49,13,240.91,-419.09,0.0
SKU_48,WH_4,-20,2,20.32,14,285.19,-200.81,0.0
SKU_48,WH_5,-20,2,18.83,13,245.55,-123.45,0.0
SKU_49,WH_1,-20,2,13.7,8,110.51,-488.49,0.0
SKU_49,WH_2,-20,2,14.05,8,112.99,-445.01,0.0
SKU_49,WH_3,-20,2,22.83,14,321.28,-63.72,0.0
SKU_49,WH_4,-20,2,10.7,16,171.87,-250.13,0.0
SKU_49,WH_5,-20,2,14.65,6,88.51,-352.49,0.0
SKU_5,WH_1,-20,2,15.8,6,95.34,-469.66,0.0
SKU_5,WH_2,-20,2,15.01,4,60.58,-232.42,0.0
SKU_5,WH_3,-20,2,19.64,13,255.96,-65.04,0.0
SKU_5,WH_4,-20,2,15.02,16,242.72,-88.28,0.0
SKU_5,WH_5,-20,2,19.72,12,237.21,-73.79,0.0
SKU_50,WH_1,-20,2,14.66,12,176.77,-432.23,0.0
SKU_50,WH_2,-20,2,19.22,5,96.69,-178.31,0.0
SKU_50,WH_3,-20,2,11.83,13,155.27,-213.73,0.0
SKU_50,WH_4,-20,2,19.29,16,309.85,73.85,73.85
SKU_50,WH_5,-20,2,12.73,9,116.4,-158.6,0.0
SKU_6,WH_1,-20,2,16.66,11,184.61,-279.39,0.0
SKU_6,WH_2,-20,2,17.74,16,285.66,-166.34,0.0
SKU_6,WH_3,-20,2,16.03,12,193.26,-567.74,0.0
SKU_6,WH_4,-20,2,18.88,13,246.1,-82.9,0.0
SKU_6,WH_5,-20,2,12.92,5,64.95,-444.05,0.0
SKU_7,WH_1,-20,2,15.9,5,80.04,-501.96,0.0
SKU_7,WH_2,-20,2,15.62,7,110.18,-383.82,0.0
SKU_7,WH_3,-20,2,18.82,5,94.75,-562.25,0.0
SKU_7,WH_4,-20,2,12.26,6,73.96,-601.04,0.0
SKU_7,WH_5,-20,2,19.71,10,197.49,-150.51,0.0
SKU_8,WH_1,-20,2,11.9,15,179.39,-272.61,0.0
SKU_8,WH_2,-20,2,18.66,12,224.47,-247.53,0.0
SKU_8,WH_3,-20,2,26.31,6,158.82,-183.18,0.0
SKU_8,WH_4,-20,2,15.55,9,140.58,-457.42,0.0
SKU_8,WH_5,-20,2,9.48,7,67.0,-464.0,0.0
SKU_9,WH_1,-20,2,13.36,13,174.65,-161.35,0.0
SKU_9,WH_2,-20,2,17.9,14,251.89,-145.11,0.0
SKU_9,WH_3,-20,2,9.58,16,154.62,-378.38,0.0
SKU_9,WH_4,-20,2,15.77,5,79.16,-316.84,0.0
SKU_9,WH_5,-20,2,16.26,15,244.94,-271.06,0.0
SKU_1,WH_1,-10,-2,20.68,12,248.89,-375.11,0.0
SKU_1,WH_2,-10,-2,12.4,6,75.08,-287.92,0.0
SKU_1,WH_3,-10,-2,16.97,4,68.93,-366.07,0.0
SKU_1,WH_4,-10,-2,9.4,7,66.54,-374.46,0.0
SKU_1,WH_5,-10,-2,26.4,2,53.57,-516.43,0.0
SKU_10,WH_1,-10,-2,17.21,11,190.56,-312.44,0.0
SKU_10,WH_2,-10,-2,20.66,8,166.03,-276.97,0.0
SKU_10,WH_3,-10,-2,12.82,3,39.24,-532.76,0.0
SKU_10,WH_4,-10,-2,24.0,12,289.08,-124.92,0.0
SKU_10,WH_5,-10,-2,29.73,7,209.36,-142.64,0.0
SKU_11,WH_1,-10,-2,14.07,2,29.12,-728.88,0.0
SKU_11,WH_2,-10,-2,21.46,2,43.73,-247.27,0.0
SKU_11,WH_3,-10,-2,13.22,11,146.21,-223.79,0.0
SKU_11,WH_4,-10,-2,15.92,1,16.57,-568.43,0.0
SKU_11,WH_5,-10,-2,20.03,1,20.76,-652.24,0.0
SKU_12,WH_1,-10,-2,26.77,3,81.31,-222.69,0.0
SKU_12,WH_2,-10,-2,17.27,4,69.97,-539.03,0.0
SKU_12,WH_3,-10,-2,23.22,4,93.89,-169.11,0.0
SKU_12,WH_4,-10,-2,19.79,10,198.69,-338.31,0.0
SKU_12,WH_5,-10,-2,16.03,4,64.83,-306.17,0.0
SKU_13,WH_1,-10,-2,22.33,7,157.21,-284.79,0.0
SKU_13,WH_2,-10,-2,12.62,9,114.56,-444.44,0.0
SKU_13,WH_3,-10,-2,10.46,12,126.45,-384.55,0.0
SKU_13,WH_4,-10,-2,16.26,8,130.92,-221.08,0.0
SKU_13,WH_5,-10,-2,18.75,5,94.46,-481.54,0.0
SKU_14,WH_1,-10,-2,18.1,9,163.85,-293.15,0.0
SKU_14,WH_2,-10,-2,12.48,12,151.07,-354.93,0.0
SKU_14,WH_3,-10,-2,20.5,1,20.96,-436.04,0.0
SKU_14,WH_4,-10,-2,25.07,8,201.56,-312.44,0.0
SKU_14,WH_5,-10,-2,13.59,4,54.77,-503.23,0.0
SKU_15,WH_1,-10,-2,16.34,11,180.68,-159.32,0.0
SKU_15,WH_2,-10,-2,16.45,6,99.67,-391.33,0.0
SKU_15,WH_3,-10,-2,18.34,5,92.9,-201.1,0.0
SKU_15,WH_4,-10,-2,18.7,3,56.68,-306.32,0.0
SKU_15,WH_5,-10,-2,13.55,12,163.22,-306.78,0.0
SKU_16,WH_1,-10,-2,16.2,12,195.62,-270.38,0.0
SKU_16,WH_2,-10,-2,20.91,9,189.05,-519.95,0.0
SKU_16,WH_3,-10,-2,20.77,4,83.83,-322.17,0.0
SKU_16,WH_4,-10,-2,4.88,2,10.47,-599.53,0.0
SKU_16,WH_5,-10,-2,15.36,1,15.83,-417.17,0.0
SKU_17,WH_1,-10,-2,10.8,8,87.1,-412.9,0.0
SKU_17,WH_2,-10,-2,16.28,11,180.44,-324.56,0.0
SKU_17,WH_3,-10,-2,26.16,1,26.65,-547.35,0.0
SKU_17,WH_4,-10,-2,14.08,3,42.78,-319.22,0.0
SKU_17,WH_5,-10,-2,17.97,6,108.84,-225.16,0.0
SKU_18,WH_1,-10,-2,25.14,1,25.54,-381.46,0.0
SKU_18,WH_2,-10,-2,20.57,8,165.53,-106.47,0.0
SKU_18,WH_3,-10,-2,17.37,7,123.15,-318.85,0.0
SKU_18,WH_4,-10,-2,15.42,4,62.5,-276.5,0.0
SKU_18,WH_5,-10,-2,21.69,11,239.39,-526.61,0.0
SKU_19,WH_1,-10,-2,17.5,6,105.96,-240.04,0.0
SKU_19,WH_2,-10,-2,16.79,6,101.87,-368.13,0.0
SKU_19,WH_3,-10,-2,18.89,2,38.5,-239.5,0.0
SKU_19,WH_4,-10,-2,25.29,2,51.34,-291.66,0.0
SKU_19,WH_5,-10,-2,14.61,5,73.71,-530.29,0.0
SKU_2,WH_1,-10,-2,22.55,11,249.82,-21.18,0.0
SKU_2,WH_2,-10,-2,15.71,6,94.99,-402.01,0.0
SKU_2,WH_3,-10,-2,18.68,8,150.92,-148.08,0.0
SKU_2,WH_4,-10,-2,12.59,4,50.89,-338.11,0.0
SKU_2,WH_5,-10,-2,25.97,12,312.39,-177.61,0.0
SKU_20,WH_1,-10,-2,18.85,7,132.67,-319.33,0.0
SKU_20,WH_2,-10,-2,21.24,7,149.68,-394.32,0.0
SKU_20,WH_3,-10,-2,21.35,1,21.64,-411.36,0.0
SKU_20,WH_4,-10,-2,15.34,1,15.7,-328.3,0.0
SKU_20,WH_5,-10,-2,18.06,1,18.47,-428.53,0.0
SKU_21,WH_1,-10,-2,20.13,9,182.55,-156.45,0.0
SKU_21,WH_2,-10,-2,16.23,5,81.76,-290.24,0.0
SKU_21,WH_3,-10,-2,11.82,8,95.72,-182.28,0.0
SKU_21,WH_4,-10,-2,20.14,6,122.09,-355.91,0.0
SKU_21,WH_5,-10,-2,17.98,6,108.66,-213.34,0.0
SKU_22,WH_1,-10,-2,18.74,2,38.1,-437.9,0.0
SKU_22,WH_2,-10,-2,16.2,5,81.57,-454.43,0.0
SKU_22,WH_3,-10,-2,16.14,2,33.17,-396.83,0.0
SKU_22,WH_4,-10,-2,18.99,9,172.14,-438.86,0.0
SKU_22,WH_5,-10,-2,14.74,2,29.83,-564.17,0.0
SKU_23,WH_1,-10,-2,22.84,6,137.74,-133.26,0.0
SKU_23,WH_2,-10,-2,12.73,10,128.11,-284.89,0.0
SKU_23,WH_3,-10,-2,12.35,3,37.64,-338.36,0.0
SKU_23,WH_4,-10,-2,11.77,12,142.3,-253.7,0.0
SKU_23,WH_5,-10,-2,19.04,1,19.79,-582.21,0.0
SKU_24,WH_1,-10,-2,23.94,1,24.4,-275.6,0.0
SKU_24,WH_2,-10,-2,20.16,3,61.13,-315.87,0.0
SKU_24,WH_3,-10,-2,17.89,8,144.35,-280.65,0.0
SKU_24,WH_4,-10,-2,13.17,11,145.47,-175.53,0.0
SKU_24,WH_5,-10,-2,19.95,5,100.35,-422.66,0.0
SKU_25,WH_1,-10,-2,22.36,3,67.56,-527.43,0.0
SKU_25,WH_2,-10,-2,13.9,1,14.61,-786.39,0.0
SKU_25,WH_3,-10,-2,23.93,5,120.48,-131.52,0.0
SKU_25,WH_4,-10,-2,17.02,7,120.05,-254.95,0.0
SKU_25,WH_5,-10,-2,17.98,5,90.63,-282.37,0.0
SKU_26,WH_1,-10,-2,12.26,1,12.78,-470.22,0.0
SKU_26,WH_2,-10,-2,23.36,3,70.68,-363.32,0.0
SKU_26,WH_3,-10,-2,14.15,12,172.74,-335.26,0.0
SKU_26,WH_4,-10,-2,23.3,12,281.71,-227.29,0.0
SKU_26,WH_5,-10,-2,29.55,2,60.12,-338.88,0.0
SKU_27,WH_1,-10,-2,19.71,1,20.12,-652.88,0.0
SKU_27,WH_2,-10,-2,14.53,2,29.39,-434.61,0.0
SKU_27,WH_3,-10,-2,37.18,1,38.5,-529.5,0.0
SKU_27,WH_4,-10,-2,22.96,12,276.67,-38.33,0.0
SKU_27,WH_5,-10,-2,11.56,1,11.88,-455.12,0.0
SKU_28,WH_1,-10,-2,17.5,8,141.82,-503.18,0.0
SKU_28,WH_2,-10,-2,13.4,1,13.7,-533.3,0.0
SKU_28,WH_3,-10,-2,19.67,8,158.26,-416.74,0.0
SKU_28,WH_4,-10,-2,15.29,1,15.76,-598.24,0.0
SKU_28,WH_5,-10,-2,17.16,10,172.98,-296.02,0.0
SKU_29,WH_1,-10,-2,19.8,3,60.47,-266.53,0.0
SKU_29,WH_2,-10,-2,31.35,12,377.58,-24.42,0.0
SKU_29,WH_3,-10,-2,23.48,1,24.63,-480.37,0.0
SKU_29,WH_4,-10,-2,18.77,12,226.45,-343.55,0.0
SKU_29,WH_5,-10,-2,27.82,9,251.72,-222.28,0.0
SKU_3,WH_1,-10,-2,19.64,12,236.56,-130.44,0.0
SKU_3,WH_2,-10,-2,11.54,11,127.48,-291.52,0.0
SKU_3,WH_3,-10,-2,18.95,7,133.85,-141.15,0.0
SKU_3,WH_4,-10,-2,18.1,8,145.94,-434.06,0.0
SKU_3,WH_5,-10,-2,24.22,5,121.7,-305.3,0.0
SKU_30,WH_1,-10,-2,20.71,1,21.01,-514.99,0.0
SKU_30,WH_2,-10,-2,17.11,10,172.31,-162.69,0.0
SKU_30,WH_3,-10,-2,14.26,2,28.76,-546.24,0.0
SKU_30,WH_4,-10,-2,10.37,5,52.65,-315.35,0.0
SKU_30,WH_5,-10,-2,19.82,1,20.12,-373.88,0.0
SKU_31,WH_1,-10,-2,18.28,6,110.84,-188.16,0.0
SKU_31,WH_2,-10,-2,25.21,1,26.38,-666.62,0.0
SKU_31,WH_3,-10,-2,12.67,10,128.02,-340.98,0.0
SKU_31,WH_4,-10,-2,16.33,1,17.02,-503.98,0.0
SKU_31,WH_5,-10,-2,21.92,2,44.58,-370.42,0.0
SKU_32,WH_1,-10,-2,19.96,4,80.41,-542.59,0.0
SKU_32,WH_2,-10,-2,23.23,1,23.59,-471.41,0.0
SKU_32,WH_3,-10,-2,19.15,4,77.4,-185.6,0.0
SKU_32,WH_4,-10,-2,15.43,1,15.79,-539.21,0.0
SKU_32,WH_5,-10,-2,11.71,7,82.59,-319.41,0.0
SKU_33,WH_1,-10,-2,18.69,7,131.93,-225.07,0.0
SKU_33,WH_2,-10,-2,16.24,5,81.99,-655.01,0.0
SKU_33,WH_3,-10,-2,12.17,11,134.91,-379.09,0.0
SKU_33,WH_4,-10,-2,17.85,1,18.29,-522.71,0.0
SKU_33,WH_5,-10,-2,14.31,5,72.3,-185.7,0.0
SKU_34,WH_1,-10,-2,18.05,2,36.79,-443.21,0.0
SKU_34,WH_2,-10,-2,12.22,3,37.38,-237.62,0.0
SKU_34,WH_3,-10,-2,14.26,11,157.71,-482.29,0.0
SKU_34,WH_4,-10,-2,12.32,1,13.01,-265.99,0.0
SKU_34,WH_5,-10,-2,18.86,2,38.46,-320.54,0.0
SKU_35,WH_1,-10,-2,16.91,9,153.9,-236.1,0.0
SKU_35,WH_2,-10,-2,12.2,10,122.62,-490.38,0.0
SKU_35,WH_3,-10,-2,16.16,5,81.51,-248.49,0.0
SKU_35,WH_4,-10,-2,17.88,1,18.52,-212.48,0.0
SKU_35,WH_5,-10,-2,6.19,1,6.87,-375.13,0.0
SKU_36,WH_1,-10,-2,25.76,10,258.41,-127.59,0.0
SKU_36,WH_2,-10,-2,15.31,8,123.66,-338.34,0.0
SKU_36,WH_3,-10,-2,18.13,10,182.16,-130.84,0.0
SKU_36,WH_4,-10,-2,19.52,9,176.26,-192.74,0.0
SKU_36,WH_5,-10,-2,15.41,10,155.0,-362.0,0.0
SKU_37,WH_1,-10,-2,21.33,1,21.77,-310.23,0.0
SKU_37,WH_2,-10,-2,17.61,12,212.55,-161.45,0.0
SKU_37,WH_3,-10,-2,30.82,1,31.3,-355.7,0.0
SKU_37,WH_4,-10,-2,22.25,11,245.8,-180.2,0.0
SKU_37,WH_5,-10,-2,14.77,1,15.72,-218.28,0.0
SKU_38,WH_1,-10,-2,20.62,6,124.47,-246.53,0.0
SKU_38,WH_2,-10,-2,14.23,12,171.66,-338.34,0.0
SKU_38,WH_3,-10,-2,17.33,6,105.06,-363.94,0.0
SKU_38,WH_4,-10,-2,12.11,11,133.97,-244.03,0.0
SKU_38,WH_5,-10,-2,21.57,11,238.43,-236.57,0.0
SKU_39,WH_1,-10,-2,19.81,8,159.39,-228.61,0.0
SKU_39,WH_2,-10,-2,14.44,6,87.69,-596.31,0.0
SKU_39,WH_3,-10,-2,25.59,2,51.56,-535.44,0.0
SKU_39,WH_4,-10,-2,16.7,9,151.58,-292.41,0.0
SKU_39,WH_5,-10,-2,13.37,2,27.1,-484.9,0.0
SKU_4,WH_1,-10,-2,19.86,9,179.73,-237.27,0.0
SKU_4,WH_2,-10,-2,20.9,11,231.16,-374.84,0.0
SKU_4,WH_3,-10,-2,16.43,5,82.75,-513.25,0.0
SKU_4,WH_4,-10,-2,20.48,10,205.43,-206.57,0.0
SKU_4,WH_5,-10,-2,20.83,6,125.52,-512.48,0.0
SKU_40,WH_1,-10,-2,20.63,1,20.93,-344.07,0.0
SKU_40,WH_2,-10,-2,15.77,12,190.36,-369.64,0.0
SKU_40,WH_3,-10,-2,24.4,5,122.46,-264.54,0.0
SKU_40,WH_4,-10,-2,21.56,3,65.27,-329.72,0.0
SKU_40,WH_5,-10,-2,28.0,6,168.67,-411.33,0.0
SKU_41,WH_1,-10,-2,21.07,10,211.53,-151.47,0.0
SKU_41,WH_2,-10,-2,16.32,12,197.6,-418.4,0.0
SKU_41,WH_3,-10,-2,18.57,11,204.94,-258.06,0.0
SKU_41,WH_4,-10,-2,17.64,11,194.97,-358.03,0.0
SKU_41,WH_5,-10,-2,7.9,2,16.77,-547.23,0.0
SKU_42,WH_1,-10,-2,13.49,7,96.01,-94.99,0.0
SKU_42,WH_2,-10,-2,16.96,3,51.8,-684.2,0.0
SKU_42,WH_3,-10,-2,14.34,10,144.05,-485.95,0.0
SKU_42,WH_4,-10,-2,21.51,8,172.79,-346.21,0.0
SKU_42,WH_5,-10,-2,9.37,4,38.43,-277.57,0.0
SKU_43,WH_1,-10,-2,13.68,10,137.59,-276.41,0.0
SKU_43,WH_2,-10,-2,18.13,10,182.13,-343.87,0.0
SKU_43,WH_3,-10,-2,12.82,5,64.65,-320.35,0.0
SKU_43,WH_4,-10,-2,16.42,5,82.96,-523.04,0.0
SKU_43,WH_5,-10,-2,15.34,12,184.8,-269.2,0.0
SKU_44,WH_1,-10,-2,25.06,5,125.94,-300.06,0.0
SKU_44,WH_2,-10,-2,16.04,1,16.56,-310.44,0.0
SKU_44,WH_3,-10,-2,15.57,11,173.66,-26.34,0.0
SKU_44,WH_4,-10,-2,16.2,10,164.23,-137.77,0.0
SKU_44,WH_5,-10,-2,20.65,2,41.88,-525.12,0.0
SKU_45,WH_1,-10,-2,11.98,6,72.3,-313.7,0.0
SKU_45,WH_2,-10,-2,26.13,5,131.2,-254.8,0.0
SKU_45,WH_3,-10,-2,15.26,7,107.71,-470.29,0.0
SKU_45,WH_4,-10,-2,20.56,1,21.0,-562.0,0.0
SKU_45,WH_5,-10,-2,10.63,1,11.25,-446.75,0.0
SKU_46,WH_1,-10,-2,15.68,8,126.52,-406.48,0.0
SKU_46,WH_2,-10,-2,18.09,5,91.19,-528.81,0.0
SKU_46,WH_3,-10,-2,16.26,9,147.16,-196.84,0.0
SKU_46,WH_4,-10,-2,17.2,10,173.2,-422.8,0.0
SKU_46,WH_5,-10,-2,15.14,1,15.46,-281.54,0.0
SKU_47,WH_1,-10,-2,16.41,7,115.71,-455.29,0.0
SKU_47,WH_2,-10,-2,20.66,9,186.6,-270.4,0.0
SKU_47,WH_3,-10,-2,23.43,8,188.5,-279.5,0.0
SKU_47,WH_4,-10,-2,18.35,3,56.06,-272.94,0.0
SKU_47,WH_5,-10,-2,23.37,6,141.08,-453.92,0.0
SKU_48,WH_1,-10,-2,19.78,1,20.29,-308.71,0.0
SKU_48,WH_2,-10,-2,10.83,6,65.29,-461.71,0.0
SKU_48,WH_3,-10,-2,20.8,9,187.76,-472.24,0.0
SKU_48,WH_4,-10,-2,22.86,10,229.31,-256.69,0.0
SKU_48,WH_5,-10,-2,21.19,9,191.4,-177.6,0.0
SKU_49,WH_1,-10,-2,15.42,4,62.55,-536.45,0.0
SKU_49,WH_2,-10,-2,15.8,4,63.83,-494.17,0.0
SKU_49,WH_3,-10,-2,25.69,10,258.49,-126.51,0.0
SKU_49,WH_4,-10,-2,12.03,12,145.13,-276.87,0.0
SKU_49,WH_5,-10,-2,16.48,2,33.58,-407.42,0.0
SKU_5,WH_1,-10,-2,17.78,2,36.09,-528.91,0.0
SKU_5,WH_2,-10,-2,16.88,1,17.43,-275.57,0.0
SKU_5,WH_3,-10,-2,22.1,9,199.5,-121.5,0.0
SKU_5,WH_4,-10,-2,16.89,12,205.18,-125.82,0.0
SKU_5,WH_5,-10,-2,22.18,8,178.05,-132.95,0.0
SKU_50,WH_1,-10,-2,16.5,8,132.78,-476.22,0.0
SKU_50,WH_2,-10,-2,21.63,1,22.2,-252.8,0.0
SKU_50,WH_3,-10,-2,13.31,9,121.25,-247.75,0.0
SKU_50,WH_4,-10,-2,21.7,12,261.63,25.63,25.63
SKU_50,WH_5,-10,-2,14.32,5,73.44,-201.56,0.0
SKU_6,WH_1,-10,-2,18.75,7,132.54,-331.46,0.0
SKU_6,WH_2,-10,-2,19.95,12,241.32,-210.68,0.0
SKU_6,WH_3,-10,-2,18.04,8,145.17,-615.83,0.0
SKU_6,WH_4,-10,-2,21.24,9,191.82,-137.18,0.0
SKU_6,WH_5,-10,-2,14.53,1,14.88,-494.12,0.0
SKU_7,WH_1,-10,-2,17.88,1,18.44,-563.56,0.0
SKU_7,WH_2,-10,-2,17.58,3,53.54,-440.46,0.0
SKU_7,WH_3,-10,-2,21.18,1,21.81,-635.19,0.0
SKU_7,WH_4,-10,-2,13.79,2,28.0,-647.0,0.0
SKU_7,WH_5,-10,-2,22.18,6,133.43,-214.57,0.0
SKU_8,WH_1,-10,-2,13.39,11,148.14,-303.86,0.0
SKU_8,WH_2,-10,-2,20.99,8,168.5,-303.5,0.0
SKU_8,WH_3,-10,-2,29.6,2,60.15,-281.85,0.0
SKU_8,WH_4,-10,-2,17.5,5,88.09,-509.91,0.0
SKU_8,WH_5,-10,-2,10.66,3,32.64,-498.36,0.0
SKU_9,WH_1,-10,-2,15.03,9,136.24,-199.76,0.0
SKU_9,WH_2,-10,-2,20.13,10,202.68,-194.32,0.0
SKU_9,WH_3,-10,-2,10.78,12,130.66,-402.34,0.0
SKU_9,WH_4,-10,-2,17.74,1,18.06,-377.94,0.0
SKU_9,WH_5,-10,-2,18.29,11,202.27,-313.73,0.0
SKU_1,WH_1,-10,0,20.68,14,290.26,-333.74,0.0
SKU_1,WH_2,-10,0,12.4,8,99.89,-263.11,0.0
SKU_1,WH_3,-10,0,16.97,6,102.86,-332.14,0.0
SKU_1,WH_4,-10,0,9.4,9,85.34,-355.66,0.0
SKU_1,WH_5,-10,0,26.4,4,106.37,-463.63,0.0
SKU_10,WH_1,-10,0,17.21,13,224.97,-278.03,0.0
SKU_10,WH_2,-10,0,20.66,10,207.34,-235.66,0.0
SKU_10,WH_3,-10,0,12.82,5,64.89,-507.12,0.0
SKU_10,WH_4,-10,0,24.0,14,337.08,-76.92,0.0
SKU_10,WH_5,-10,0,29.73,9,268.81,-83.19,0.0
SKU_11,WH_1,-10,0,14.07,4,57.26,-700.74,0.0
SKU_11,WH_2,-10,0,21.46,4,86.64,-204.36,0.0
SKU_11,WH_3,-10,0,13.22,13,172.65,-197.35,0.0
SKU_11,WH_4,-10,0,15.92,2,32.49,-552.51,0.0
SKU_11,WH_5,-10,0,20.03,3,60.83,-612.17,0.0
SKU_12,WH_1,-10,0,26.77,5,134.84,-169.16,0.0
SKU_12,WH_2,-10,0,17.27,6,104.52,-504.48,0.0
SKU_12,WH_3,-10,0,23.22,6,140.33,-122.67,0.0
SKU_12,WH_4,-10,0,19.79,12,238.27,-298.73,0.0
SKU_12,WH_5,-10,0,16.03,6,96.88,-274.12,0.0
SKU_13,WH_1,-10,0,22.33,9,201.87,-240.13,0.0
SKU_13,WH_2,-10,0,12.62,11,139.8,-419.2,0.0
SKU_13,WH_3,-10,0,10.46,14,147.36,-363.64,0.0
SKU_13,WH_4,-10,0,16.26,10,163.45,-188.55,0.0
SKU_13,WH_5,-10,0,18.75,7,131.95,-444.05,0.0
SKU_14,WH_1,-10,0,18.1,11,200.05,-256.95,0.0
SKU_14,WH_2,-10,0,12.48,14,176.03,-329.97,0.0
SKU_14,WH_3,-10,0,20.5,3,61.97,-395.03,0.0
SKU_14,WH_4,-10,0,25.07,10,251.71,-262.29,0.0
SKU_14,WH_5,-10,0,13.59,6,81.95,-476.05,0.0
SKU_15,WH_1,-10,0,16.34,13,213.37,-126.63,0.0
SKU_15,WH_2,-10,0,16.45,8,132.58,-358.42,0.0
SKU_15,WH_3,-10,0,18.34,7,129.58,-164.42,0.0
SKU_15,WH_4,-10,0,18.7,5,94.08,-268.92,0.0
SKU_15,WH_5,-10,0,13.55,14,190.31,-279.69,0.0
SKU_16,WH_1,-10,0,16.2,14,228.02,-237.98,0.0
SKU_16,WH_2,-10,0,20.91,11,230.87,-478.13,0.0
SKU_16,WH_3,-10,0,20.77,6,125.37,-280.63,0.0
SKU_16,WH_4,-10,0,4.88,4,20.22,-589.78,0.0
SKU_16,WH_5,-10,0,15.36,2,31.2,-401.8,0.0
SKU_17,WH_1,-10,0,10.8,10,108.7,-391.3,0.0
SKU_17,WH_2,-10,0,16.28,13,213.0,-292.0,0.0
SKU_17,WH_3,-10,0,26.16,3,78.98,-495.02,0.0
SKU_17,WH_4,-10,0,14.08,5,70.93,-291.07,0.0
SKU_17,WH_5,-10,0,17.97,8,144.78,-189.22,0.0
SKU_18,WH_1,-10,0,25.14,2,50.67,-356.33,0.0
SKU_18,WH_2,-10,0,20.57,10,206.68,-65.32,0.0
SKU_18,WH_3,-10,0,17.37,9,157.89,-284.11,0.0
SKU_18,WH_4,-10,0,15.42,6,93.33,-245.67,0.0
SKU_18,WH_5,-10,0,21.69,13,282.77,-483.23,0.0
SKU_19,WH_1,-10,0,17.5,8,140.97,-205.03,0.0
SKU_19,WH_2,-10,0,16.79,8,135.46,-334.54,0.0
SKU_19,WH_3,-10,0,18.89,4,76.28,-201.72,0.0
SKU_19,WH_4,-10,0,25.29,4,101.92,-241.08,0.0
SKU_19,WH_5,-10,0,14.61,7,102.92,-501.08,0.0
SKU_2,WH_1,-10,0,22.55,13,294.93,23.93,23.93
SKU_2,WH_2,-10,0,15.71,8,126.42,-370.58,0.0
SKU_2,WH_3,-10,0,18.68,10,188.27,-110.73,0.0
SKU_2,WH_4,-10,0,12.59,6,76.08,-312.92,0.0
SKU_2,WH_5,-10,0,25.97,14,364.34,-125.66,0.0
SKU_20,WH_1,-10,0,18.85,9,170.36,-281.64,0.0
SKU_20,WH_2,-10,0,21.24,9,192.16,-351.84,0.0
SKU_20,WH_3,-10,0,21.35,3,64.33,-368.67,0.0
SKU_20,WH_4,-10,0,15.34,2,31.04,-312.96,0.0
SKU_20,WH_5,-10,0,18.06,2,36.54,-410.46,0.0
SKU_21,WH_1,-10,0,20.13,11,222.81,-116.19,0.0
SKU_21,WH_2,-10,0,16.23,7,114.21,-257.79,0.0
SKU_21,WH_3,-10,0,11.82,10,119.35,-158.65,0.0
SKU_21,WH_4,-10,0,20.14,8,162.38,-315.62,0.0
SKU_21,WH_5,-10,0,17.98,8,144.63,-177.37,0.0
SKU_22,WH_1,-10,0,18.74,4,75.57,-400.43,0.0
SKU_22,WH_2,-10,0,16.2,7,113.97,-422.03,0.0
SKU_22,WH_3,-10,0,16.14,4,65.45,-364.55,0.0
SKU_22,WH_4,-10,0,18.99,11,210.12,-400.88,0.0
SKU_22,WH_5,-10,0,14.74,4,59.32,-534.68,0.0
SKU_23,WH_1,-10,0,22.84,8,183.43,-87.57,0.0
SKU_23,WH_2,-10,0,12.73,12,153.56,-259.44,0.0
SKU_23,WH_3,-10,0,12.35,5,62.34,-313.66,0.0
SKU_23,WH_4,-10,0,11.77,14,165.85,-230.15,0.0
SKU_23,WH_5,-10,0,19.04,3,57.88,-544.12,0.0
SKU_24,WH_1,-10,0,23.94,2,48.34,-251.66,0.0
SKU_24,WH_2,-10,0,20.16,5,101.45,-275.55,0.0
SKU_24,WH_3,-10,0,17.89,10,180.13,-244.87,0.0
SKU_24,WH_4,-10,0,13.17,13,171.8,-149.2,0.0
SKU_24,WH_5,-10,0,19.95,7,140.25,-382.75,0.0
SKU_25,WH_1,-10,0,22.36,5,112.3,-482.7,0.0
SKU_25,WH_2,-10,0,13.9,3,42.4,-758.6,0.0
SKU_25,WH_3,-10,0,23.93,7,168.34,-83.66,0.0
SKU_25,WH_4,-10,0,17.02,9,154.09,-220.91,0.0
SKU_25,WH_5,-10,0,17.98,7,126.59,-246.41,0.0
SKU_26,WH_1,-10,0,12.26,2,25.04,-457.96,0.0
SKU_26,WH_2,-10,0,23.36,5,117.41,-316.59,0.0
SKU_26,WH_3,-10,0,14.15,14,201.03,-306.97,0.0
SKU_26,WH_4,-10,0,23.3,14,328.31,-180.69,0.0
SKU_26,WH_5,-10,0,29.55,4,119.22,-279.78,0.0
SKU_27,WH_1,-10,0,19.71,2,39.83,-633.17,0.0
SKU_27,WH_2,-10,0,14.53,4,58.44,-405.56,0.0
SKU_27,WH_3,-10,0,37.18,3,112.86,-455.14,0.0
SKU_27,WH_4,-10,0,22.96,14,322.59,7.59,7.59
SKU_27,WH_5,-10,0,11.56,2,23.43,-443.57,0.0
SKU_28,WH_1,-10,0,17.5,10,176.83,-468.17,0.0
SKU_28,WH_2,-10,0,13.4,2,27.1,-519.9,0.0
SKU_28,WH_3,-10,0,19.67,10,197.61,-377.39,0.0
SKU_28,WH_4,-10,0,15.29,3,46.34,-567.66,0.0
SKU_28,WH_5,-10,0,17.16,12,207.31,-261.69,0.0
SKU_29,WH_1,-10,0,19.8,5,100.07,-226.93,0.0
SKU_29,WH_2,-10,0,31.35,14,440.28,38.28,38.28
SKU_29,WH_3,-10,0,23.48,3,71.59,-433.41,0.0
SKU_29,WH_4,-10,0,18.77,14,264.0,-306.0,0.0
SKU_29,WH_5,-10,0,27.82,11,307.36,-166.64,0.0
SKU_3,WH_1,-10,0,19.64,14,275.83,-91.17,0.0
SKU_3,WH_2,-10,0,11.54,13,150.55,-268.45,0.0
SKU_3,WH_3,-10,0,18.95,9,171.76,-103.24,0.0
SKU_3,WH_4,-10,0,18.1,10,182.14,-397.86,0.0
SKU_3,WH_5,-10,0,24.22,7,170.13,-256.87,0.0
SKU_30,WH_1,-10,0,20.71,3,62.43,-473.57,0.0
SKU_30,WH_2,-10,0,17.11,12,206.53,-128.47,0.0
SKU_30,WH_3,-10,0,14.26,4,57.29,-517.71,0.0
SKU_30,WH_4,-10,0,10.37,7,73.39,-294.61,0.0
SKU_30,WH_5,-10,0,19.82,2,39.94,-354.06,0.0
SKU_31,WH_1,-10,0,18.28,8,147.4,-151.6,0.0
SKU_31,WH_2,-10,0,25.21,2,51.59,-641.41,0.0
SKU_31,WH_3,-10,0,12.67,12,153.36,-315.64,0.0
SKU_31,WH_4,-10,0,16.33,3,49.67,-471.33,0.0
SKU_31,WH_5,-10,0,21.92,4,88.43,-326.57,0.0
SKU_32,WH_1,-10,0,19.96,6,120.33,-502.67,0.0
SKU_32,WH_2,-10,0,23.23,2,46.82,-448.18,0.0
SKU_32,WH_3,-10,0,19.15,6,115.7,-147.3,0.0
SKU_32,WH_4,-10,0,15.43,2,31.21,-523.79,0.0
SKU_32,WH_5,-10,0,11.71,9,106.01,-295.99,0.0
SKU_33,WH_1,-10,0,18.69,9,169.32,-187.68,0.0
SKU_33,WH_2,-10,0,16.24,7,114.46,-622.54,0.0
SKU_33,WH_3,-10,0,12.17,13,159.24,-354.76,0.0
SKU_33,WH_4,-10,0,17.85,3,53.98,-487.02,0.0
SKU_33,WH_5,-10,0,14.31,7,100.92,-157.08,0.0
SKU_34,WH_1,-10,0,18.05,4,72.9,-407.1,0.0
SKU_34,WH_2,-10,0,12.22,5,61.82,-213.18,0.0
SKU_34,WH_3,-10,0,14.26,13,186.24,-453.76,0.0
SKU_34,WH_4,-10,0,12.32,2,25.33,-253.67,0.0
SKU_34,WH_5,-10,0,18.86,4,76.17,-282.83,0.0
SKU_35,WH_1,-10,0,16.91,11,187.72,-202.28,0.0
SKU_35,WH_2,-10,0,12.2,12,147.03,-465.97,0.0
SKU_35,WH_3,-10,0,16.16,7,113.84,-216.16,0.0
SKU_35,WH_4,-10,0,17.88,2,36.41,-194.59,0.0
SKU_35,WH_5,-10,0,6.19,2,13.06,-368.94,0.0
SKU_36,WH_1,-10,0,25.76,12,309.93,-76.07,0.0
SKU_36,WH_2,-10,0,15.31,10,154.28,-307.72,0.0
SKU_36,WH_3,-10,0,18.13,12,218.41,-94.59,0.0
SKU_36,WH_4,-10,0,19.52,11,215.3,-153.7,0.0
SKU_36,WH_5,-10,0,15.41,12,185.82,-331.18,0.0
SKU_37,WH_1,-10,0,21.33,3,64.43,-267.57,0.0
SKU_37,WH_2,-10,0,17.61,14,247.77,-126.23,0.0
SKU_37,WH_3,-10,0,30.82,3,92.96,-294.04,0.0
SKU_37,WH_4,-10,0,22.25,13,290.29,-135.71,0.0
SKU_37,WH_5,-10,0,14.77,3,45.26,-188.74,0.0
SKU_38,WH_1,-10,0,20.62,8,165.71,-205.29,0.0
SKU_38,WH_2,-10,0,14.23,14,200.12,-309.88,0.0
SKU_38,WH_3,-10,0,17.33,8,139.73,-329.27,0.0
SKU_38,WH_4,-10,0,12.11,13,158.2,-219.8,0.0
SKU_38,WH_5,-10,0,21.57,13,281.58,-193.42,0.0
SKU_39,WH_1,-10,0,19.81,10,199.01,-188.99,0.0
SKU_39,WH_2,-10,0,14.44,8,116.58,-567.42,0.0
SKU_39,WH_3,-10,0,25.59,4,102.74,-484.26,0.0
SKU_39,WH_4,-10,0,16.7,11,184.98,-259.02,0.0
SKU_39,WH_5,-10,0,13.37,4,53.85,-458.15,0.0
SKU_4,WH_1,-10,0,19.86,11,219.45,-197.55,0.0
SKU_4,WH_2,-10,0,20.9,13,272.95,-333.05,0.0
SKU_4,WH_3,-10,0,16.43,7,115.62,-480.38,0.0
SKU_4,WH_4,-10,0,20.48,12,246.38,-165.62,0.0
SKU_4,WH_5,-10,0,20.83,8,167.17,-470.83,0.0
SKU_40,WH_1,-10,0,20.63,2,41.56,-323.44,0.0
SKU_40,WH_2,-10,0,15.77,14,221.89,-338.11,0.0
SKU_40,WH_3,-10,0,24.4,7,171.25,-215.75,0.0
SKU_40,WH_4,-10,0,21.56,5,108.38,-286.62,0.0
SKU_40,WH_5,-10,0,28.0,8,224.67,-355.33,0.0
SKU_41,WH_1,-10,0,21.07,12,253.67,-109.33,0.0
SKU_41,WH_2,-10,0,16.32,14,230.24,-385.76,0.0
SKU_41,WH_3,-10,0,18.57,13,242.07,-220.93,0.0
SKU_41,WH_4,-10,0,17.64,13,230.25,-322.75,0.0
SKU_41,WH_5,-10,0,7.9,4,32.58,-531.42,0.0
SKU_42,WH_1,-10,0,13.49,9,122.99,-68.01,0.0
SKU_42,WH_2,-10,0,16.96,5,85.71,-650.29,0.0
SKU_42,WH_3,-10,0,14.34,12,172.72,-457.28,0.0
SKU_42,WH_4,-10,0,21.51,10,215.81,-303.19,0.0
SKU_42,WH_5,-10,0,9.37,6,57.16,-258.84,0.0
SKU_43,WH_1,-10,0,13.68,12,164.95,-249.05,0.0
SKU_43,WH_2,-10,0,18.13,12,218.38,-307.62,0.0
SKU_43,WH_3,-10,0,12.82,7,90.28,-294.72,0.0
SKU_43,WH_4,-10,0,16.42,7,115.82,-490.18,0.0
SKU_43,WH_5,-10,0,15.34,14,215.47,-238.53,0.0
SKU_44,WH_1,-10,0,25.06,7,176.05,-249.95,0.0
SKU_44,WH_2,-10,0,16.04,2,32.6,-294.4,0.0
SKU_44,WH_3,-10,0,15.57,13,204.8,4.8,4.8
SKU_44,WH_4,-10,0,16.2,12,196.63,-105.37,0.0
SKU_44,WH_5,-10,0,20.65,4,83.17,-483.83,0.0
SKU_45,WH_1,-10,0,11.98,8,96.26,-289.74,0.0
SKU_45,WH_2,-10,0,26.13,7,183.45,-202.55,0.0
SKU_45,WH_3,-10,0,15.26,9,138.24,-439.76,0.0
SKU_45,WH_4,-10,0,20.56,3,62.13,-520.88,0.0
SKU_45,WH_5,-10,0,10.63,3,32.51,-425.49,0.0
SKU_46,WH_1,-10,0,15.68,10,157.88,-375.12,0.0
SKU_46,WH_2,-10,0,18.09,7,127.37,-492.63,0.0
SKU_46,WH_3,-10,0,16.26,11,179.68,-164.32,0.0
SKU_46,WH_4,-10,0,17.2,12,207.6,-388.4,0.0
SKU_46,WH_5,-10,0,15.14,2,30.6,-266.4,0.0
SKU_47,WH_1,-10,0,16.41,9,148.52,-422.48,0.0
SKU_47,WH_2,-10,0,20.66,11,227.92,-229.08,0.0
SKU_47,WH_3,-10,0,23.43,10,235.35,-232.65,0.0
SKU_47,WH_4,-10,0,18.35,5,92.77,-236.24,0.0
SKU_47,WH_5,-10,0,23.37,8,187.82,-407.18,0.0
SKU_48,WH_1,-10,0,19.78,2,40.07,-288.93,0.0
SKU_48,WH_2,-10,0,10.83,8,86.95,-440.05,0.0
SKU_48,WH_3,-10,0,20.8,11,229.36,-430.64,0.0
SKU_48,WH_4,-10,0,22.86,12,275.03,-210.97,0.0
SKU_48,WH_5,-10,0,21.19,11,233.78,-135.22,0.0
SKU_49,WH_1,-10,0,15.42,6,93.38,-505.62,0.0
SKU_49,WH_2,-10,0,15.8,6,95.43,-462.57,0.0
SKU_49,WH_3,-10,0,25.69,12,309.86,-75.14,0.0
SKU_49,WH_4,-10,0,12.03,14,169.19,-252.81,0.0
SKU_49,WH_5,-10,0,16.48,4,66.54,-374.46,0.0
SKU_5,WH_1,-10,0,17.78,4,71.64,-493.36,0.0
SKU_5,WH_2,-10,0,16.88,2,34.32,-258.68,0.0
SKU_5,WH_3,-10,0,22.1,11,243.68,-77.32,0.0
SKU_5,WH_4,-10,0,16.89,14,238.96,-92.04,0.0
SKU_5,WH_5,-10,0,22.18,10,222.42,-88.58,0.0
SKU_50,WH_1,-10,0,16.5,10,165.77,-443.23,0.0
SKU_50,WH_2,-10,0,21.63,3,65.45,-209.55,0.0
SKU_50,WH_3,-10,0,13.31,11,147.87,-221.13,0.0
SKU_50,WH_4,-10,0,21.7,14,305.03,69.03,69.03
SKU_50,WH_5,-10,0,14.32,7,102.08,-172.92,0.0
SKU_6,WH_1,-10,0,18.75,9,170.03,-293.97,0.0
SKU_6,WH_2,-10,0,19.95,14,281.22,-170.78,0.0
SKU_6,WH_3,-10,0,18.04,10,181.24,-579.76,0.0
SKU_6,WH_4,-10,0,21.24,11,234.3,-94.7,0.0
SKU_6,WH_5,-10,0,14.53,3,43.96,-465.04,0.0
SKU_7,WH_1,-10,0,17.88,3,54.21,-527.79,0.0
SKU_7,WH_2,-10,0,17.58,5,88.7,-405.3,0.0
SKU_7,WH_3,-10,0,21.18,3,64.16,-592.84,0.0
SKU_7,WH_4,-10,0,13.79,4,55.57,-619.43,0.0
SKU_7,WH_5,-10,0,22.18,8,177.78,-170.22,0.0
SKU_8,WH_1,-10,0,13.39,13,174.93,-277.07,0.0
SKU_8,WH_2,-10,0,20.99,10,210.48,-261.52,0.0
SKU_8,WH_3,-10,0,29.6,4,119.35,-222.65,0.0
SKU_8,WH_4,-10,0,17.5,7,123.08,-474.92,0.0
SKU_8,WH_5,-10,0,10.66,5,53.96,-477.04,0.0
SKU_9,WH_1,-10,0,15.03,11,166.3,-169.7,0.0
SKU_9,WH_2,-10,0,20.13,12,242.95,-154.05,0.0
SKU_9,WH_3,-10,0,10.78,14,152.23,-380.77,0.0
SKU_9,WH_4,-10,0,17.74,3,53.54,-342.46,0.0
SKU_9,WH_5,-10,0,18.29,13,238.84,-277.16,0.0
SKU_1,WH_1,-10,2,20.68,16,331.62,-292.38,0.0
SKU_1,WH_2,-10,2,12.4,10,124.69,-238.31,0.0
SKU_1,WH_3,-10,2,16.97,8,136.79,-298.21,0.0
SKU_1,WH_4,-10,2,9.4,11,104.16,-336.84,0.0
SKU_1,WH_5,-10,2,26.4,6,159.16,-410.84,0.0
SKU_10,WH_1,-10,2,17.21,15,259.39,-243.61,0.0
SKU_10,WH_2,-10,2,20.66,12,248.65,-194.35,0.0
SKU_10,WH_3,-10,2,12.82,7,90.54,-481.46,0.0
SKU_10,WH_4,-10,2,24.0,16,385.09,-28.91,0.0
SKU_10,WH_5,-10,2,29.73,11,328.27,-23.73,0.0
SKU_11,WH_1,-10,2,14.07,6,85.39,-672.61,0.0
SKU_11,WH_2,-10,2,21.46,6,129.56,-161.44,0.0
SKU_11,WH_3,-10,2,13.22,15,199.1,-170.9,0.0
SKU_11,WH_4,-10,2,15.92,4,64.33,-520.67,0.0
SKU_11,WH_5,-10,2,20.03,5,100.9,-572.1,0.0
SKU_12,WH_1,-10,2,26.77,7,188.37,-115.63,0.0
SKU_12,WH_2,-10,2,17.27,8,139.06,-469.94,0.0
SKU_12,WH_3,-10,2,23.22,8,186.77,-76.23,0.0
SKU_12,WH_4,-10,2,19.79,14,277.85,-259.15,0.0
SKU_12,WH_5,-10,2,16.03,8,128.94,-242.06,0.0
SKU_13,WH_1,-10,2,22.33,11,246.53,-195.47,0.0
SKU_13,WH_2,-10,2,12.62,13,165.03,-393.97,0.0
SKU_13,WH_3,-10,2,10.46,16,168.28,-342.72,0.0
SKU_13,WH_4,-10,2,16.26,12,195.98,-156.02,0.0
SKU_13,WH_5,-10,2,18.75,9,169.44,-406.56,0.0
SKU_14,WH_1,-10,2,18.1,13,236.25,-220.75,0.0
SKU_14,WH_2,-10,2,12.48,16,201.0,-305.0,0.0
SKU_14,WH_3,-10,2,20.5,5,102.97,-354.03,0.0
SKU_14,WH_4,-10,2,25.07,12,301.86,-212.14,0.0
SKU_14,WH_5,-10,2,13.59,8,109.13,-448.87,0.0
SKU_15,WH_1,-10,2,16.34,15,246.06,-93.94,0.0
SKU_15,WH_2,-10,2,16.45,10,165.48,-325.52,0.0
SKU_15,WH_3,-10,2,18.34,9,166.27,-127.73,0.0
SKU_15,WH_4,-10,2,18.7,7,131.48,-231.52,0.0
SKU_15,WH_5,-10,2,13.55,16,217.4,-252.6,0.0
SKU_16,WH_1,-10,2,16.2,16,260.42,-205.58,0.0
SKU_16,WH_2,-10,2,20.91,13,272.68,-436.32,0.0
SKU_16,WH_3,-10,2,20.77,8,166.92,-239.08,0.0
SKU_16,WH_4,-10,2,4.88,6,29.98,-580.02,0.0
SKU_16,WH_5,-10,2,15.36,4,61.92,-371.08,0.0
SKU_17,WH_1,-10,2,10.8,12,130.3,-369.7,0.0
SKU_17,WH_2,-10,2,16.28,15,245.56,-259.44,0.0
SKU_17,WH_3,-10,2,26.16,5,131.3,-442.7,0.0
SKU_17,WH_4,-10,2,14.08,7,99.08,-262.92,0.0
SKU_17,WH_5,-10,2,17.97,10,180.73,-153.27,0.0
SKU_18,WH_1,-10,2,25.14,4,100.95,-306.05,0.0
SKU_18,WH_2,-10,2,20.57,12,247.83,-24.17,0.0
SKU_18,WH_3,-10,2,17.37,11,192.63,-249.37,0.0
SKU_18,WH_4,-10,2,15.42,8,124.17,-214.83,0.0
SKU_18,WH_5,-10,2,21.69,15,326.15,-439.85,0.0
SKU_19,WH_1,-10,2,17.5,10,175.98,-170.02,0.0
SKU_19,WH_2,-10,2,16.79,10,169.05,-300.95,0.0
SKU_19,WH_3,-10,2,18.89,6,114.07,-163.93,0.0
SKU_19,WH_4,-10,2,25.29,6,152.5,-190.5,0.0
SKU_19,WH_5,-10,2,14.61,9,132.13,-471.87,0.0
SKU_2,WH_1,-10,2,22.55,15,340.04,69.04,69.04
SKU_2,WH_2,-10,2,15.71,10,157.85,-339.15,0.0
SKU_2,WH_3,-10,2,18.68,12,225.62,-73.38,0.0
SKU_2,WH_4,-10,2,12.59,8,101.26,-287.74,0.0
SKU_2,WH_5,-10,2,25.97,16,416.28,-73.72,0.0
SKU_20,WH_1,-10,2,18.85,11,208.06,-243.94,0.0
SKU_20,WH_2,-10,2,21.24,11,234.64,-309.36,0.0
SKU_20,WH_3,-10,2,21.35,5,107.03,-325.97,0.0
SKU_20,WH_4,-10,2,15.34,4,61.73,-282.27,0.0
SKU_20,WH_5,-10,2,18.06,4,72.66,-374.34,0.0
SKU_21,WH_1,-10,2,20.13,13,263.08,-75.92,0.0
SKU_21,WH_2,-10,2,16.23,9,146.66,-225.34,0.0
SKU_21,WH_3,-10,2,11.82,12,142.98,-135.02,0.0
SKU_21,WH_4,-10,2,20.14,10,202.66,-275.34,0.0
SKU_21,WH_5,-10,2,17.98,10,180.59,-141.41,0.0
SKU_22,WH_1,-10,2,18.74,6,113.05,-362.95,0.0
SKU_22,WH_2,-10,2,16.2,9,146.37,-389.63,0.0
SKU_22,WH_3,-10,2,16.14,6,97.72,-332.28,0.0
SKU_22,WH_4,-10,2,18.99,13,248.1,-362.9,0.0
SKU_22,WH_5,-10,2,14.74,6,88.8,-505.2,0.0
SKU_23,WH_1,-10,2,22.84,10,229.11,-41.89,0.0
SKU_23,WH_2,-10,2,12.73,14,179.01,-233.99,0.0
SKU_23,WH_3,-10,2,12.35,7,87.04,-288.96,0.0
SKU_23,WH_4,-10,2,11.77,16,189.39,-206.61,0.0
SKU_23,WH_5,-10,2,19.04,5,95.97,-506.03,0.0
SKU_24,WH_1,-10,2,23.94,4,96.22,-203.78,0.0
SKU_24,WH_2,-10,2,20.16,7,141.77,-235.23,0.0
SKU_24,WH_3,-10,2,17.89,12,215.91,-209.09,0.0
SKU_24,WH_4,-10,2,13.17,15,198.14,-122.86,0.0
SKU_24,WH_5,-10,2,19.95,9,180.16,-342.84,0.0
SKU_25,WH_1,-10,2,22.36,7,157.02,-437.98,0.0
SKU_25,WH_2,-10,2,13.9,5,70.19,-730.81,0.0
SKU_25,WH_3,-10,2,23.93,9,216.2,-35.8,0.0
SKU_25,WH_4,-10,2,17.02,11,188.13,-186.87,0.0
SKU_25,WH_5,-10,2,17.98,9,162.56,-210.44,0.0
SKU_26,WH_1,-10,2,12.26,4,49.55,-433.45,0.0
SKU_26,WH_2,-10,2,23.36,7,164.14,-269.86,0.0
SKU_26,WH_3,-10,2,14.15,16,229.33,-278.67,0.0
SKU_26,WH_4,-10,2,23.3,16,374.92,-134.08,0.0
SKU_26,WH_5,-10,2,29.55,6,178.31,-220.69,0.0
SKU_27,WH_1,-10,2,19.71,4,79.25,-593.75,0.0
SKU_27,WH_2,-10,2,14.53,6,87.5,-376.5,0.0
SKU_27,WH_3,-10,2,37.18,5,187.22,-380.78,0.0
SKU_27,WH_4,-10,2,22.96,16,368.5,53.5,53.5
SKU_27,WH_5,-10,2,11.56,4,46.54,-420.46,0.0
SKU_28,WH_1,-10,2,17.5,12,211.84,-433.16,0.0
SKU_28,WH_2,-10,2,13.4,4,53.9,-493.1,0.0
SKU_28,WH_3,-10,2,19.67,12,236.96,-338.04,0.0
SKU_28,WH_4,-10,2,15.29,5,76.92,-537.08,0.0
SKU_28,WH_5,-10,2,17.16,14,241.63,-227.37,0.0
SKU_29,WH_1,-10,2,19.8,7,139.67,-187.33,0.0
SKU_29,WH_2,-10,2,31.35,16,502.97,100.97,100.97
SKU_29,WH_3,-10,2,23.48,5,118.56,-386.44,0.0
SKU_29,WH_4,-10,2,18.77,16,301.54,-268.46,0.0
SKU_29,WH_5,-10,2,27.82,13,363.0,-111.0,0.0
SKU_3,WH_1,-10,2,19.64,16,315.11,-51.89,0.0
SKU_3,WH_2,-10,2,11.54,15,173.63,-245.37,0.0
SKU_3,WH_3,-10,2,18.95,11,209.66,-65.34,0.0
SKU_3,WH_4,-10,2,18.1,12,218.34,-361.66,0.0
SKU_3,WH_5,-10,2,24.22,9,218.57,-208.43,0.0
SKU_30,WH_1,-10,2,20.71,5,103.85,-432.16,0.0
SKU_30,WH_2,-10,2,17.11,14,240.75,-94.25,0.0
SKU_30,WH_3,-10,2,14.26,6,85.82,-489.18,0.0
SKU_30,WH_4,-10,2,10.37,9,94.12,-273.88,0.0
SKU_30,WH_5,-10,2,19.82,4,79.57,-314.43,0.0
SKU_31,WH_1,-10,2,18.28,10,183.96,-115.04,0.0
SKU_31,WH_2,-10,2,25.21,4,102.01,-590.99,0.0
SKU_31,WH_3,-10,2,12.67,14,178.71,-290.29,0.0
SKU_31,WH_4,-10,2,16.33,5,82.32,-438.68,0.0
SKU_31,WH_5,-10,2,21.92,6,132.27,-282.73,0.0
SKU_32,WH_1,-10,2,19.96,8,160.26,-462.74,0.0
SKU_32,WH_2,-10,2,23.23,4,93.28,-401.72,0.0
SKU_32,WH_3,-10,2,19.15,8,154.01,-108.99,0.0
SKU_32,WH_4,-10,2,15.43,4,62.06,-492.94,0.0
SKU_32,WH_5,-10,2,11.71,11,129.43,-272.57,0.0
SKU_33,WH_1,-10,2,18.69,11,206.7,-150.3,0.0
SKU_33,WH_2,-10,2,16.24,9,146.93,-590.07,0.0
SKU_33,WH_3,-10,2,12.17,15,183.58,-330.42,0.0
SKU_33,WH_4,-10,2,17.85,5,89.67,-451.33,0.0
SKU_33,WH_5,-10,2,14.31,9,129.54,-128.46,0.0
SKU_34,WH_1,-10,2,18.05,6,109.0,-371.0,0.0
SKU_34,WH_2,-10,2,12.22,7,86.26,-188.74,0.0
SKU_34,WH_3,-10,2,14.26,15,214.76,-425.24,0.0
SKU_34,WH_4,-10,2,12.32,4,49.97,-229.03,0.0
SKU_34,WH_5,-10,2,18.86,6,113.88,-245.12,0.0
SKU_35,WH_1,-10,2,16.91,13,221.54,-168.46,0.0
SKU_35,WH_2,-10,2,12.2,14,171.44,-441.56,0.0
SKU_35,WH_3,-10,2,16.16,9,146.17,-183.83,0.0
SKU_35,WH_4,-10,2,17.88,4,72.17,-158.83,0.0
SKU_35,WH_5,-10,2,6.19,4,25.45,-356.55,0.0
SKU_36,WH_1,-10,2,25.76,14,361.44,-24.56,0.0
SKU_36,WH_2,-10,2,15.31,12,184.9,-277.1,0.0
SKU_36,WH_3,-10,2,18.13,14,254.66,-58.34,0.0
SKU_36,WH_4,-10,2,19.52,13,254.34,-114.66,0.0
SKU_36,WH_5,-10,2,15.41,14,216.63,-300.37,0.0
SKU_37,WH_1,-10,2,21.33,5,107.09,-224.91,0.0
SKU_37,WH_2,-10,2,17.61,16,283.0,-91.0,0.0
SKU_37,WH_3,-10,2,30.82,5,154.6,-232.4,0.0
SKU_37,WH_4,-10,2,22.25,15,334.79,-91.21,0.0
SKU_37,WH_5,-10,2,14.77,5,74.8,-159.2,0.0
SKU_38,WH_1,-10,2,20.62,10,206.95,-164.05,0.0
SKU_38,WH_2,-10,2,14.23,16,228.57,-281.43,0.0
SKU_38,WH_3,-10,2,17.33,10,174.4,-294.6,0.0
SKU_38,WH_4,-10,2,12.11,15,182.43,-195.57,0.0
SKU_38,WH_5,-10,2,21.57,15,324.73,-150.27,0.0
SKU_39,WH_1,-10,2,19.81,12,238.63,-149.37,0.0
SKU_39,WH_2,-10,2,14.44,10,145.47,-538.53,0.0
SKU_39,WH_3,-10,2,25.59,6,153.91,-433.09,0.0
SKU_39,WH_4,-10,2,16.7,13,218.36,-225.64,0.0
SKU_39,WH_5,-10,2,13.37,6,80.59,-431.41,0.0
SKU_4,WH_1,-10,2,19.86,13,259.18,-157.82,0.0
SKU_4,WH_2,-10,2,20.9,15,314.75,-291.25,0.0
SKU_4,WH_3,-10,2,16.43,9,148.49,-447.51,0.0
SKU_4,WH_4,-10,2,20.48,14,287.33,-124.67,0.0
SKU_4,WH_5,-10,2,20.83,10,208.82,-429.18,0.0
SKU_40,WH_1,-10,2,20.63,4,82.81,-282.19,0.0
SKU_40,WH_2,-10,2,15.77,16,253.43,-306.57,0.0
SKU_40,WH_3,-10,2,24.4,9,220.05,-166.95,0.0
SKU_40,WH_4,-10,2,21.56,7,151.5,-243.5,0.0
SKU_40,WH_5,-10,2,28.0,10,280.67,-299.33,0.0
SKU_41,WH_1,-10,2,21.07,14,295.81,-67.19,0.0
SKU_41,WH_2,-10,2,16.32,16,262.87,-353.13,0.0
SKU_41,WH_3,-10,2,18.57,15,279.2,-183.8,0.0
SKU_41,WH_4,-10,2,17.64,15,265.53,-287.47,0.0
SKU_41,WH_5,-10,2,7.9,6,48.38,-515.62,0.0
SKU_42,WH_1,-10,2,13.49,11,149.97,-41.03,0.0
SKU_42,WH_2,-10,2,16.96,7,119.62,-616.38,0.0
SKU_42,WH_3,-10,2,14.34,14,201.4,-428.6,0.0
SKU_42,WH_4,-10,2,21.51,12,258.83,-260.17,0.0
SKU_42,WH_5,-10,2,9.37,8,75.9,-240.1,0.0
SKU_43,WH_1,-10,2,13.68,14,192.31,-221.69,0.0
SKU_43,WH_2,-10,2,18.13,14,254.63,-271.37,0.0
SKU_43,WH_3,-10,2,12.82,9,115.91,-269.09,0.0
SKU_43,WH_4,-10,2,16.42,9,148.67,-457.34,0.0
SKU_43,WH_5,-10,2,15.34,16,246.15,-207.85,0.0
SKU_44,WH_1,-10,2,25.06,9,226.16,-199.84,0.0
SKU_44,WH_2,-10,2,16.04,4,64.67,-262.33,0.0
SKU_44,WH_3,-10,2,15.57,15,235.94,35.94,35.94
SKU_44,WH_4,-10,2,16.2,14,229.03,-72.97,0.0
SKU_44,WH_5,-10,2,20.65,6,124.47,-442.53,0.0
SKU_45,WH_1,-10,2,11.98,10,120.22,-265.78,0.0
SKU_45,WH_2,-10,2,26.13,9,235.7,-150.3,0.0
SKU_45,WH_3,-10,2,15.26,11,168.76,-409.24,0.0
SKU_45,WH_4,-10,2,20.56,5,103.26,-479.74,0.0
SKU_45,WH_5,-10,2,10.63,5,53.77,-404.24,0.0
SKU_46,WH_1,-10,2,15.68,12,189.24,-343.76,0.0
SKU_46,WH_2,-10,2,18.09,9,163.55,-456.45,0.0
SKU_46,WH_3,-10,2,16.26,13,212.21,-131.79,0.0
SKU_46,WH_4,-10,2,17.2,14,242.0,-354.0,0.0
SKU_46,WH_5,-10,2,15.14,4,60.87,-236.13,0.0
SKU_47,WH_1,-10,2,16.41,11,181.34,-389.66,0.0
SKU_47,WH_2,-10,2,20.66,13,269.22,-187.78,0.0
SKU_47,WH_3,-10,2,23.43,12,282.2,-185.8,0.0
SKU_47,WH_4,-10,2,18.35,7,129.47,-199.53,0.0
SKU_47,WH_5,-10,2,23.37,10,234.57,-360.43,0.0
SKU_48,WH_1,-10,2,19.78,4,79.64,-249.36,0.0
SKU_48,WH_2,-10,2,10.83,10,108.6,-418.4,0.0
SKU_48,WH_3,-10,2,20.8,13,270.96,-389.04,0.0
SKU_48,WH_4,-10,2,22.86,14,320.75,-165.25,0.0
SKU_48,WH_5,-10,2,21.19,13,276.15,-92.85,0.0
SKU_49,WH_1,-10,2,15.42,8,124.22,-474.78,0.0
SKU_49,WH_2,-10,2,15.8,8,127.04,-430.96,0.0
SKU_49,WH_3,-10,2,25.69,14,361.23,-23.77,0.0
SKU_49,WH_4,-10,2,12.03,16,193.26,-228.74,0.0
SKU_49,WH_5,-10,2,16.48,6,99.49,-341.51,0.0
SKU_5,WH_1,-10,2,17.78,6,107.19,-457.81,0.0
SKU_5,WH_2,-10,2,16.88,4,68.09,-224.91,0.0
SKU_5,WH_3,-10,2,22.1,13,287.88,-33.12,0.0
SKU_5,WH_4,-10,2,16.89,16,272.75,-58.25,0.0
SKU_5,WH_5,-10,2,22.18,12,266.79,-44.21,0.0
SKU_50,WH_1,-10,2,16.5,12,198.76,-410.24,0.0
SKU_50,WH_2,-10,2,21.63,5,108.71,-166.3,0.0
SKU_50,WH_3,-10,2,13.31,13,174.49,-194.51,0.0
SKU_50,WH_4,-10,2,21.7,16,348.42,112.42,112.42
SKU_50,WH_5,-10,2,14.32,9,130.72,-144.28,0.0
SKU_6,WH_1,-10,2,18.75,11,207.53,-256.47,0.0
SKU_6,WH_2,-10,2,19.95,16,321.13,-130.87,0.0
SKU_6,WH_3,-10,2,18.04,12,217.31,-543.69,0.0
SKU_6,WH_4,-10,2,21.24,13,276.78,-52.22,0.0
SKU_6,WH_5,-10,2,14.53,5,73.02,-435.98,0.0
SKU_7,WH_1,-10,2,17.88,5,89.98,-492.02,0.0
SKU_7,WH_2,-10,2,17.58,7,123.85,-370.15,0.0
SKU_7,WH_3,-10,2,21.18,5,106.52,-550.48,0.0
SKU_7,WH_4,-10,2,13.79,6,83.15,-591.85,0.0
SKU_7,WH_5,-10,2,22.18,10,222.13,-125.87,0.0
SKU_8,WH_1,-10,2,13.39,15,201.71,-250.29,0.0
SKU_8,WH_2,-10,2,20.99,12,252.46,-219.54,0.0
SKU_8,WH_3,-10,2,29.6,6,178.56,-163.44,0.0
SKU_8,WH_4,-10,2,17.5,9,158.07,-439.93,0.0
SKU_8,WH_5,-10,2,10.66,7,75.3,-455.7,0.0
SKU_9,WH_1,-10,2,15.03,13,196.36,-139.64,0.0
SKU_9,WH_2,-10,2,20.13,14,283.21,-113.79,0.0
SKU_9,WH_3,-10,2,10.78,16,173.79,-359.21,0.0
SKU_9,WH_4,-10,2,17.74,5,89.02,-306.98,0.0
SKU_9,WH_5,-10,2,18.29,15,275.42,-240.58,0.0
SKU_1,WH_1,0,-2,22.98,12,276.47,-347.53,0.0
SKU_1,WH_2,0,-2,13.78,6,83.35,-279.65,0.0
SKU_1,WH_3,0,-2,18.85,4,76.47,-358.53,0.0
SKU_1,WH_4,0,-2,10.45,7,73.85,-367.15,0.0
SKU_1,WH_5,0,-2,29.33,2,59.44,-510.56,0.0
SKU_10,WH_1,0,-2,19.12,11,211.59,-291.41,0.0
SKU_10,WH_2,0,-2,22.95,8,184.39,-258.61,0.0
SKU_10,WH_3,0,-2,14.25,3,43.51,-528.49,0.0
SKU_10,WH_4,0,-2,26.67,12,321.08,-92.92,0.0
SKU_10,WH_5,0,-2,33.03,7,232.48,-119.52,0.0
SKU_11,WH_1,0,-2,15.63,2,32.25,-725.75,0.0
SKU_11,WH_2,0,-2,23.84,2,48.5,-242.5,0.0
SKU_11,WH_3,0,-2,14.69,11,162.37,-207.63,0.0
SKU_11,WH_4,0,-2,17.69,1,18.34,-566.66,0.0
SKU_11,WH_5,0,-2,22.26,1,22.99,-650.01,0.0
SKU_12,WH_1,0,-2,29.74,3,90.23,-213.77,0.0
SKU_12,WH_2,0,-2,19.19,4,77.65,-531.35,0.0
SKU_12,WH_3,0,-2,25.8,4,104.21,-158.79,0.0
SKU_12,WH_4,0,-2,21.99,10,220.68,-316.32,0.0
SKU_12,WH_5,0,-2,17.81,4,71.95,-299.05,0.0
SKU_13,WH_1,0,-2,24.81,7,174.58,-267.42,0.0
SKU_13,WH_2,0,-2,14.02,9,127.18,-431.82,0.0
SKU_13,WH_3,0,-2,11.62,12,140.39,-370.61,0.0
SKU_13,WH_4,0,-2,18.07,8,145.38,-206.62,0.0
SKU_13,WH_5,0,-2,20.83,5,104.87,-471.13,0.0
SKU_14,WH_1,0,-2,20.11,9,181.95,-275.05,0.0
SKU_14,WH_2,0,-2,13.87,12,167.71,-338.29,0.0
SKU_14,WH_3,0,-2,22.78,1,23.24,-433.76,0.0
SKU_14,WH_4,0,-2,27.86,8,223.85,-290.15,0.0
SKU_14,WH_5,0,-2,15.1,4,60.81,-497.19,0.0
SKU_15,WH_1,0,-2,18.16,11,200.66,-139.34,0.0
SKU_15,WH_2,0,-2,18.28,6,110.64,-380.36,0.0
SKU_15,WH_3,0,-2,20.38,5,103.09,-190.91,0.0
SKU_15,WH_4,0,-2,20.78,3,62.91,-300.09,0.0
SKU_15,WH_5,0,-2,15.05,12,181.28,-288.72,0.0
SKU_16,WH_1,0,-2,18.0,12,217.22,-248.78,0.0
SKU_16,WH_2,0,-2,23.23,9,209.96,-499.04,0.0
SKU_16,WH_3,0,-2,23.08,4,93.06,-312.94,0.0
SKU_16,WH_4,0,-2,5.42,2,11.55,-598.45,0.0
SKU_16,WH_5,0,-2,17.07,1,17.54,-415.46,0.0
SKU_17,WH_1,0,-2,12.0,8,96.7,-403.3,0.0
SKU_17,WH_2,0,-2,18.09,11,200.34,-304.66,0.0
SKU_17,WH_3,0,-2,29.07,1,29.56,-544.44,0.0
SKU_17,WH_4,0,-2,15.64,3,47.47,-314.53,0.0
SKU_17,WH_5,0,-2,19.97,6,120.82,-213.18,0.0
SKU_18,WH_1,0,-2,27.93,1,28.33,-378.67,0.0
SKU_18,WH_2,0,-2,22.86,8,183.82,-88.18,0.0
SKU_18,WH_3,0,-2,19.3,7,136.66,-305.34,0.0
SKU_18,WH_4,0,-2,17.13,4,69.35,-269.65,0.0
SKU_18,WH_5,0,-2,24.1,11,265.9,-500.1,0.0
SKU_19,WH_1,0,-2,19.45,6,117.63,-228.37,0.0
SKU_19,WH_2,0,-2,18.66,6,113.07,-356.93,0.0
SKU_19,WH_3,0,-2,20.99,2,42.7,-235.3,0.0
SKU_19,WH_4,0,-2,28.1,2,56.96,-286.04,0.0
SKU_19,WH_5,0,-2,16.23,5,81.82,-522.18,0.0
SKU_2,WH_1,0,-2,25.06,11,277.39,6.39,6.39
SKU_2,WH_2,0,-2,17.46,6,105.47,-391.53,0.0
SKU_2,WH_3,0,-2,20.75,8,167.52,-131.48,0.0
SKU_2,WH_4,0,-2,13.99,4,56.49,-332.51,0.0
SKU_2,WH_5,0,-2,28.86,12,347.02,-142.98,0.0
SKU_20,WH_1,0,-2,20.94,7,147.33,-304.67,0.0
SKU_20,WH_2,0,-2,23.6,7,166.2,-377.8,0.0
SKU_20,WH_3,0,-2,23.72,1,24.01,-408.99,0.0
SKU_20,WH_4,0,-2,17.05,1,17.4,-326.6,0.0
SKU_20,WH_5,0,-2,20.07,1,20.48,-426.52,0.0
SKU_21,WH_1,0,-2,22.37,9,202.68,-136.32,0.0
SKU_21,WH_2,0,-2,18.03,5,90.77,-281.23,0.0
SKU_21,WH_3,0,-2,13.13,8,106.22,-171.78,0.0
SKU_21,WH_4,0,-2,22.38,6,135.52,-342.48,0.0
SKU_21,WH_5,0,-2,19.98,6,120.65,-201.35,0.0
SKU_22,WH_1,0,-2,20.82,2,42.26,-433.74,0.0
SKU_22,WH_2,0,-2,18.0,5,90.57,-445.43,0.0
SKU_22,WH_3,0,-2,17.93,2,36.76,-393.24,0.0
SKU_22,WH_4,0,-2,21.1,9,191.13,-419.87,0.0
SKU_22,WH_5,0,-2,16.38,2,33.11,-560.89,0.0
SKU_23,WH_1,0,-2,25.38,6,152.97,-118.03,0.0
SKU_23,WH_2,0,-2,14.14,10,142.25,-270.75,0.0
SKU_23,WH_3,0,-2,13.72,3,41.76,-334.24,0.0
SKU_23,WH_4,0,-2,13.08,12,158.0,-238.0,0.0
SKU_23,WH_5,0,-2,21.16,1,21.91,-580.09,0.0
SKU_24,WH_1,0,-2,26.6,1,27.06,-272.94,0.0
SKU_24,WH_2,0,-2,22.4,3,67.85,-309.15,0.0
SKU_24,WH_3,0,-2,19.88,8,160.25,-264.75,0.0
SKU_24,WH_4,0,-2,14.63,11,161.56,-159.44,0.0
SKU_24,WH_5,0,-2,22.17,5,111.43,-411.57,0.0
SKU_25,WH_1,0,-2,24.85,3,75.02,-519.98,0.0
SKU_25,WH_2,0,-2,15.44,1,16.15,-784.85,0.0
SKU_25,WH_3,0,-2,26.59,5,133.77,-118.23,0.0
SKU_25,WH_4,0,-2,18.91,7,133.29,-241.71,0.0
SKU_25,WH_5,0,-2,19.98,5,100.62,-272.38,0.0
SKU_26,WH_1,0,-2,13.62,1,14.14,-468.86,0.0
SKU_26,WH_2,0,-2,25.96,3,78.47,-355.53,0.0
SKU_26,WH_3,0,-2,15.72,12,191.6,-316.4,0.0
SKU_26,WH_4,0,-2,25.89,12,312.78,-196.22,0.0
SKU_26,WH_5,0,-2,32.83,2,66.69,-332.31,0.0
SKU_27,WH_1,0,-2,21.9,1,22.31,-650.69,0.0
SKU_27,WH_2,0,-2,16.14,2,32.62,-431.38,0.0
SKU_27,WH_3,0,-2,41.31,1,42.63,-525.37,0.0
SKU_27,WH_4,0,-2,25.51,12,307.28,-7.72,0.0
SKU_27,WH_5,0,-2,12.84,1,13.16,-453.84,0.0
SKU_28,WH_1,0,-2,19.45,8,157.38,-487.62,0.0
SKU_28,WH_2,0,-2,14.89,1,15.19,-531.81,0.0
SKU_28,WH_3,0,-2,21.86,8,175.75,-399.25,0.0
SKU_28,WH_4,0,-2,16.99,1,17.46,-596.54,0.0
SKU_28,WH_5,0,-2,19.07,10,192.05,-276.95,0.0
SKU_29,WH_1,0,-2,22.0,3,67.07,-259.93,0.0
SKU_29,WH_2,0,-2,34.83,12,419.38,17.38,17.38
SKU_29,WH_3,0,-2,26.09,1,27.24,-477.76,0.0
SKU_29,WH_4,0,-2,20.86,12,251.48,-318.52,0.0
SKU_29,WH_5,0,-2,30.91,9,279.54,-194.46,0.0
SKU_3,WH_1,0,-2,21.82,12,262.74,-104.26,0.0
SKU_3,WH_2,0,-2,12.82,11,141.58,-277.42,0.0
SKU_3,WH_3,0,-2,21.06,7,148.59,-126.41,0.0
SKU_3,WH_4,0,-2,20.11,8,162.03,-417.97,0.0
SKU_3,WH_5,0,-2,26.91,5,135.15,-291.85,0.0
SKU_30,WH_1,0,-2,23.01,1,23.31,-512.69,0.0
SKU_30,WH_2,0,-2,19.01,10,191.32,-143.68,0.0
SKU_30,WH_3,0,-2,15.85,2,31.93,-543.07,0.0
SKU_30,WH_4,0,-2,11.52,5,58.41,-309.59,0.0
SKU_30,WH_5,0,-2,22.02,1,22.32,-371.68,0.0
SKU_31,WH_1,0,-2,20.31,6,123.03,-175.97,0.0
SKU_31,WH_2,0,-2,28.01,1,29.18,-663.82,0.0
SKU_31,WH_3,0,-2,14.08,10,142.1,-326.9,0.0
SKU_31,WH_4,0,-2,18.14,1,18.83,-502.17,0.0
SKU_31,WH_5,0,-2,24.36,2,49.45,-365.55,0.0
SKU_32,WH_1,0,-2,22.18,4,89.28,-533.72,0.0
SKU_32,WH_2,0,-2,25.81,1,26.17,-468.83,0.0
SKU_32,WH_3,0,-2,21.28,4,85.91,-177.09,0.0
SKU_32,WH_4,0,-2,17.14,1,17.5,-537.5,0.0
SKU_32,WH_5,0,-2,13.01,7,91.7,-310.3,0.0
SKU_33,WH_1,0,-2,20.77,7,146.47,-210.53,0.0
SKU_33,WH_2,0,-2,18.04,5,91.01,-645.99,0.0
SKU_33,WH_3,0,-2,13.52,11,149.78,-364.22,0.0
SKU_33,WH_4,0,-2,19.83,1,20.27,-520.73,0.0
SKU_33,WH_5,0,-2,15.9,5,80.25,-177.75,0.0
SKU_34,WH_1,0,-2,20.06,2,40.8,-439.2,0.0
SKU_34,WH_2,0,-2,13.58,3,41.45,-233.55,0.0
SKU_34,WH_3,0,-2,15.85,11,175.14,-464.86,0.0
SKU_34,WH_4,0,-2,13.69,1,14.38,-264.62,0.0
SKU_34,WH_5,0,-2,20.95,2,42.65,-316.35,0.0
SKU_35,WH_1,0,-2,18.79,9,170.81,-219.19,0.0
SKU_35,WH_2,0,-2,13.56,10,136.18,-476.82,0.0
SKU_35,WH_3,0,-2,17.96,5,90.49,-239.51,0.0
SKU_35,WH_4,0,-2,19.87,1,20.51,-210.49,0.0
SKU_35,WH_5,0,-2,6.88,1,7.56,-374.44,0.0
SKU_36,WH_1,0,-2,28.62,10,287.03,-98.97,0.0
SKU_36,WH_2,0,-2,17.01,8,137.27,-324.73,0.0
SKU_36,WH_3,0,-2,20.14,10,202.3,-110.7,0.0
SKU_36,WH_4,0,-2,21.69,9,195.78,-173.22,0.0
SKU_36,WH_5,0,-2,17.12,10,172.12,-344.88,0.0
SKU_37,WH_1,0,-2,23.7,1,24.14,-307.86,0.0
SKU_37,WH_2,0,-2,19.57,12,236.03,-137.97,0.0
SKU_37,WH_3,0,-2,34.25,1,34.73,-352.27,0.0
SKU_37,WH_4,0,-2,24.72,11,272.99,-153.01,0.0
SKU_37,WH_5,0,-2,16.41,1,17.36,-216.64,0.0
SKU_38,WH_1,0,-2,22.91,6,138.22,-232.78,0.0
SKU_38,WH_2,0,-2,15.81,12,190.63,-319.37,0.0
SKU_38,WH_3,0,-2,19.26,6,116.62,-352.38,0.0
SKU_38,WH_4,0,-2,13.46,11,148.78,-229.22,0.0
SKU_38,WH_5,0,-2,23.97,11,264.8,-210.2,0.0
SKU_39,WH_1,0,-2,22.01,8,177.0,-211.0,0.0
SKU_39,WH_2,0,-2,16.05,6,97.32,-586.68,0.0
SKU_39,WH_3,0,-2,28.43,2,57.25,-529.75,0.0
SKU_39,WH_4,0,-2,18.55,9,168.28,-275.72,0.0
SKU_39,WH_5,0,-2,14.86,2,30.07,-481.93,0.0
SKU_4,WH_1,0,-2,22.07,9,199.59,-217.41,0.0
SKU_4,WH_2,0,-2,23.22,11,256.7,-349.3,0.0
SKU_4,WH_3,0,-2,18.26,5,91.88,-504.12,0.0
SKU_4,WH_4,0,-2,22.75,10,228.18,-183.82,0.0
SKU_4,WH_5,0,-2,23.14,6,139.4,-498.6,0.0
SKU_40,WH_1,0,-2,22.92,1,23.22,-341.78,0.0
SKU_40,WH_2,0,-2,17.52,12,211.38,-348.62,0.0
SKU_40,WH_3,0,-2,27.11,5,136.01,-250.99,0.0
SKU_40,WH_4,0,-2,23.95,3,72.46,-322.54,0.0
SKU_40,WH_5,0,-2,31.11,6,187.34,-392.66,0.0
SKU_41,WH_1,0,-2,23.41,10,234.94,-128.06,0.0
SKU_41,WH_2,0,-2,18.13,12,219.36,-396.64,0.0
SKU_41,WH_3,0,-2,20.63,11,227.63,-235.37,0.0
SKU_41,WH_4,0,-2,19.6,11,216.53,-336.47,0.0
SKU_41,WH_5,0,-2,8.78,2,18.53,-545.47,0.0
SKU_42,WH_1,0,-2,14.99,7,106.5,-84.5,0.0
SKU_42,WH_2,0,-2,18.84,3,57.45,-678.55,0.0
SKU_42,WH_3,0,-2,15.93,10,159.98,-470.02,0.0
SKU_42,WH_4,0,-2,23.9,8,191.91,-327.09,0.0
SKU_42,WH_5,0,-2,10.41,4,42.59,-273.41,0.0
SKU_43,WH_1,0,-2,15.2,10,152.79,-261.21,0.0
SKU_43,WH_2,0,-2,20.14,10,202.27,-323.73,0.0
SKU_43,WH_3,0,-2,14.24,5,71.77,-313.23,0.0
SKU_43,WH_4,0,-2,18.25,5,92.09,-513.91,0.0
SKU_43,WH_5,0,-2,17.04,12,205.25,-248.75,0.0
SKU_44,WH_1,0,-2,27.84,5,139.86,-286.14,0.0
SKU_44,WH_2,0,-2,17.82,1,18.34,-308.66,0.0
SKU_44,WH_3,0,-2,17.3,11,192.69,-7.31,0.0
SKU_44,WH_4,0,-2,18.0,10,182.23,-119.77,0.0
SKU_44,WH_5,0,-2,22.94,2,46.47,-520.53,0.0
SKU_45,WH_1,0,-2,13.31,6,80.29,-305.71,0.0
SKU_45,WH_2,0,-2,29.03,5,145.71,-240.29,0.0
SKU_45,WH_3,0,-2,16.96,7,119.58,-458.42,0.0
SKU_45,WH_4,0,-2,22.85,1,23.28,-559.72,0.0
SKU_45,WH_5,0,-2,11.81,1,12.43,-445.57,0.0
SKU_46,WH_1,0,-2,17.42,8,140.46,-392.54,0.0
SKU_46,WH_2,0,-2,20.1,5,101.24,-518.76,0.0
SKU_46,WH_3,0,-2,18.07,9,163.42,-180.58,0.0
SKU_46,WH_4,0,-2,19.11,10,192.31,-403.69,0.0
SKU_46,WH_5,0,-2,16.82,1,17.14,-279.86,0.0
SKU_47,WH_1,0,-2,18.23,7,128.47,-442.53,0.0
SKU_47,WH_2,0,-2,22.95,9,207.26,-249.74,0.0
SKU_47,WH_3,0,-2,26.03,8,209.32,-258.68,0.0
SKU_47,WH_4,0,-2,20.39,3,62.18,-266.82,0.0
SKU_47,WH_5,0,-2,25.97,6,156.66,-438.34,0.0
SKU_48,WH_1,0,-2,21.98,1,22.49,-306.51,0.0
SKU_48,WH_2,0,-2,12.03,6,72.51,-454.49,0.0
SKU_48,WH_3,0,-2,23.11,9,208.56,-451.44,0.0
SKU_48,WH_4,0,-2,25.4,10,254.71,-231.29,0.0
SKU_48,WH_5,0,-2,23.54,9,212.59,-156.41,0.0
SKU_49,WH_1,0,-2,17.13,4,69.4,-529.6,0.0
SKU_49,WH_2,0,-2,17.56,4,70.85,-487.15,0.0
SKU_49,WH_3,0,-2,28.54,10,287.03,-97.97,0.0
SKU_49,WH_4,0,-2,13.37,12,161.17,-260.83,0.0
SKU_49,WH_5,0,-2,18.31,2,37.24,-403.76,0.0
SKU_5,WH_1,0,-2,19.75,2,40.04,-524.96,0.0
SKU_5,WH_2,0,-2,18.76,1,19.31,-273.69,0.0
SKU_5,WH_3,0,-2,24.55,9,221.59,-99.41,0.0
SKU_5,WH_4,0,-2,18.77,12,227.7,-103.3,0.0
SKU_5,WH_5,0,-2,24.65,8,197.77,-113.23,0.0
SKU_50,WH_1,0,-2,18.33,8,147.44,-461.56,0.0
SKU_50,WH_2,0,-2,24.03,1,24.6,-250.4,0.0
SKU_50,WH_3,0,-2,14.79,9,134.56,-234.44,0.0
SKU_50,WH_4,0,-2,24.11,12,290.56,54.56,54.56
SKU_50,WH_5,0,-2,15.91,5,81.4,-193.6,0.0
SKU_6,WH_1,0,-2,20.83,7,147.12,-316.88,0.0
SKU_6,WH_2,0,-2,22.17,12,267.92,-184.08,0.0
SKU_6,WH_3,0,-2,20.04,8,161.2,-599.8,0.0
SKU_6,WH_4,0,-2,23.6,9,213.06,-115.94,0.0
SKU_6,WH_5,0,-2,16.15,1,16.5,-492.5,0.0
SKU_7,WH_1,0,-2,19.87,1,20.43,-561.57,0.0
SKU_7,WH_2,0,-2,19.53,3,59.4,-434.6,0.0
SKU_7,WH_3,0,-2,23.53,1,24.16,-632.84,0.0
SKU_7,WH_4,0,-2,15.32,2,31.06,-643.94,0.0
SKU_7,WH_5,0,-2,24.64,6,148.21,-199.79,0.0
SKU_8,WH_1,0,-2,14.88,11,164.51,-287.49,0.0
SKU_8,WH_2,0,-2,23.32,8,187.16,-284.84,0.0
SKU_8,WH_3,0,-2,32.89,2,66.73,-275.27,0.0
SKU_8,WH_4,0,-2,19.44,5,97.81,-500.19,0.0
SKU_8,WH_5,0,-2,11.85,3,36.19,-494.81,0.0
SKU_9,WH_1,0,-2,16.7,9,151.27,-184.73,0.0
SKU_9,WH_2,0,-2,22.37,10,225.05,-171.95,0.0
SKU_9,WH_3,0,-2,11.98,12,145.04,-387.96,0.0
SKU_9,WH_4,0,-2,19.71,1,20.03,-375.97,0.0
SKU_9,WH_5,0,-2,20.32,11,224.62,-291.38,0.0
SKU_1,WH_1,0,0,22.98,14,322.43,-301.57,0.0
SKU_1,WH_2,0,0,13.78,8,110.91,-252.09,0.0
SKU_1,WH_3,0,0,18.85,6,114.17,-320.83,0.0
SKU_1,WH_4,0,0,10.45,9,94.75,-346.25,0.0
SKU_1,WH_5,0,0,29.33,4,118.1,-451.9,0.0
SKU_10,WH_1,0,0,19.12,13,249.83,-253.17,0.0
SKU_10,WH_2,0,0,22.95,10,230.29,-212.71,0.0
SKU_10,WH_3,0,0,14.25,5,72.01,-499.99,0.0
SKU_10,WH_4,0,0,26.67,14,374.42,-39.58,0.0
SKU_10,WH_5,0,0,33.03,9,298.54,-53.46,0.0
SKU_11,WH_1,0,0,15.63,4,63.51,-694.49,0.0
SKU_11,WH_2,0,0,23.84,4,96.18,-194.82,0.0
SKU_11,WH_3,0,0,14.69,13,191.75,-178.25,0.0
SKU_11,WH_4,0,0,17.69,2,36.03,-548.97,0.0
SKU_11,WH_5,0,0,22.26,3,67.51,-605.49,0.0
SKU_12,WH_1,0,0,29.74,5,149.71,-154.29,0.0
SKU_12,WH_2,0,0,19.19,6,116.03,-492.97,0.0
SKU_12,WH_3,0,0,25.8,6,155.81,-107.19,0.0
SKU_12,WH_4,0,0,21.99,12,264.66,-272.34,0.0
SKU_12,WH_5,0,0,17.81,6,107.57,-263.43,0.0
SKU_13,WH_1,0,0,24.81,9,224.2,-217.8,0.0
SKU_13,WH_2,0,0,14.02,11,155.22,-403.78,0.0
SKU_13,WH_3,0,0,11.62,14,163.63,-347.37,0.0
SKU_13,WH_4,0,0,18.07,10,181.52,-170.48,0.0
SKU_13,WH_5,0,0,20.83,7,146.53,-429.47,0.0
SKU_14,WH_1,0,0,20.11,11,222.17,-234.83,0.0
SKU_14,WH_2,0,0,13.87,14,195.45,-310.55,0.0
SKU_14,WH_3,0,0,22.78,3,68.8,-388.2,0.0
SKU_14,WH_4,0,0,27.86,10,279.57,-234.43,0.0
SKU_14,WH_5,0,0,15.1,6,91.01,-466.99,0.0
SKU_15,WH_1,0,0,18.16,13,236.98,-103.02,0.0
SKU_15,WH_2,0,0,18.28,8,147.2,-343.8,0.0
SKU_15,WH_3,0,0,20.38,7,143.85,-150.15,0.0
SKU_15,WH_4,0,0,20.78,5,104.47,-258.53,0.0
SKU_15,WH_5,0,0,15.05,14,211.38,-258.62,0.0
SKU_16,WH_1,0,0,18.0,14,253.22,-212.78,0.0
SKU_16,WH_2,0,0,23.23,11,256.42,-452.58,0.0
SKU_16,WH_3,0,0,23.08,6,139.22,-266.78,0.0
SKU_16,WH_4,0,0,5.42,4,22.39,-587.61,0.0
SKU_16,WH_5,0,0,17.07,2,34.61,-398.39,0.0
SKU_17,WH_1,0,0,12.0,10,120.7,-379.3,0.0
SKU_17,WH_2,0,0,18.09,13,236.52,-268.48,0.0
SKU_17,WH_3,0,0,29.07,3,87.7,-486.3,0.0
SKU_17,WH_4,0,0,15.64,5,78.75,-283.25,0.0
SKU_17,WH_5,0,0,19.97,8,160.76,-173.24,0.0
SKU_18,WH_1,0,0,27.93,2,56.26,-350.74,0.0
SKU_18,WH_2,0,0,22.86,10,229.54,-42.46,0.0
SKU_18,WH_3,0,0,19.3,9,175.26,-266.74,0.0
SKU_18,WH_4,0,0,17.13,6,103.61,-235.39,0.0
SKU_18,WH_5,0,0,24.1,13,314.1,-451.9,0.0
SKU_19,WH_1,0,0,19.45,8,156.53,-189.47,0.0
SKU_19,WH_2,0,0,18.66,8,150.39,-319.61,0.0
SKU_19,WH_3,0,0,20.99,4,84.68,-193.32,0.0
SKU_19,WH_4,0,0,28.1,4,113.16,-229.84,0.0
SKU_19,WH_5,0,0,16.23,7,114.28,-489.72,0.0
SKU_2,WH_1,0,0,25.06,13,327.51,56.51,56.51
SKU_2,WH_2,0,0,17.46,8,140.39,-356.61,0.0
SKU_2,WH_3,0,0,20.75,10,209.02,-89.98,0.0
SKU_2,WH_4,0,0,13.99,6,84.47,-304.53,0.0
SKU_2,WH_5,0,0,28.86,14,404.74,-85.26,0.0
SKU_20,WH_1,0,0,20.94,9,189.21,-262.79,0.0
SKU_20,WH_2,0,0,23.6,9,213.4,-330.6,0.0
SKU_20,WH_3,0,0,23.72,3,71.45,-361.55,0.0
SKU_20,WH_4,0,0,17.05,2,34.45,-309.55,0.0
SKU_20,WH_5,0,0,20.07,2,40.55,-406.45,0.0
SKU_21,WH_1,0,0,22.37,11,247.42,-91.58,0.0
SKU_21,WH_2,0,0,18.03,7,126.83,-245.17,0.0
SKU_21,WH_3,0,0,13.13,10,132.48,-145.52,0.0
SKU_21,WH_4,0,0,22.38,8,180.28,-297.72,0.0
SKU_21,WH_5,0,0,19.98,8,160.61,-161.39,0.0
SKU_22,WH_1,0,0,20.82,4,83.9,-392.1,0.0
SKU_22,WH_2,0,0,18.0,7,126.57,-409.43,0.0
SKU_22,WH_3,0,0,17.93,4,72.62,-357.38,0.0
SKU_22,WH_4,0,0,21.1,11,233.33,-377.67,0.0
SKU_22,WH_5,0,0,16.38,4,65.87,-528.13,0.0
SKU_23,WH_1,0,0,25.38,8,203.73,-67.27,0.0
SKU_23,WH_2,0,0,14.14,12,170.53,-242.47,0.0
SKU_23,WH_3,0,0,13.72,5,69.2,-306.8,0.0
SKU_23,WH_4,0,0,13.08,14,184.16,-211.84,0.0
SKU_23,WH_5,0,0,21.16,3,64.23,-537.77,0.0
SKU_24,WH_1,0,0,26.6,2,53.66,-246.34,0.0
SKU_24,WH_2,0,0,22.4,5,112.65,-264.35,0.0
SKU_24,WH_3,0,0,19.88,10,200.01,-224.99,0.0
SKU_24,WH_4,0,0,14.63,13,190.82,-130.18,0.0
SKU_24,WH_5,0,0,22.17,7,155.77,-367.23,0.0
SKU_25,WH_1,0,0,24.85,5,124.72,-470.28,0.0
SKU_25,WH_2,0,0,15.44,3,47.03,-753.97,0.0
SKU_25,WH_3,0,0,26.59,7,186.95,-65.05,0.0
SKU_25,WH_4,0,0,18.91,9,171.11,-203.89,0.0
SKU_25,WH_5,0,0,19.98,7,140.58,-232.42,0.0
SKU_26,WH_1,0,0,13.62,2,27.76,-455.24,0.0
SKU_26,WH_2,0,0,25.96,5,130.39,-303.61,0.0
SKU_26,WH_3,0,0,15.72,14,223.04,-284.96,0.0
SKU_26,WH_4,0,0,25.89,14,364.56,-144.44,0.0
SKU_26,WH_5,0,0,32.83,4,132.35,-266.65,0.0
SKU_27,WH_1,0,0,21.9,2,44.21,-628.79,0.0
SKU_27,WH_2,0,0,16.14,4,64.9,-399.1,0.0
SKU_27,WH_3,0,0,41.31,3,125.25,-442.75,0.0
SKU_27,WH_4,0,0,25.51,14,358.3,43.3,43.3
SKU_27,WH_5,0,0,12.84,2,26.0,-441.0,0.0
SKU_28,WH_1,0,0,19.45,10,196.28,-448.72,0.0
SKU_28,WH_2,0,0,14.89,2,30.08,-516.92,0.0
SKU_28,WH_3,0,0,21.86,10,219.47,-355.53,0.0
SKU_28,WH_4,0,0,16.99,3,51.44,-562.56,0.0
SKU_28,WH_5,0,0,19.07,12,230.19,-238.81,0.0
SKU_29,WH_1,0,0,22.0,5,111.07,-215.93,0.0
SKU_29,WH_2,0,0,34.83,14,489.04,87.04,87.04
SKU_29,WH_3,0,0,26.09,3,79.42,-425.58,0.0
SKU_29,WH_4,0,0,20.86,14,293.2,-276.8,0.0
SKU_29,WH_5,0,0,30.91,11,341.36,-132.64,0.0
SKU_3,WH_1,0,0,21.82,14,306.38,-60.62,0.0
SKU_3,WH_2,0,0,12.82,13,167.22,-251.78,0.0
SKU_3,WH_3,0,0,21.06,9,190.71,-84.29,0.0
SKU_3,WH_4,0,0,20.11,10,202.25,-377.75,0.0
SKU_3,WH_5,0,0,26.91,7,188.97,-238.03,0.0
SKU_30,WH_1,0,0,23.01,3,69.33,-466.67,0.0
SKU_30,WH_2,0,0,19.01,12,229.34,-105.66,0.0
SKU_30,WH_3,0,0,15.85,4,63.63,-511.37,0.0
SKU_30,WH_4,0,0,11.52,7,81.45,-286.55,0.0
SKU_30,WH_5,0,0,22.02,2,44.34,-349.66,0.0
SKU_31,WH_1,0,0,20.31,8,163.65,-135.35,0.0
SKU_31,WH_2,0,0,28.01,2,57.19,-635.81,0.0
SKU_31,WH_3,0,0,14.08,12,170.26,-298.74,0.0
SKU_31,WH_4,0,0,18.14,3,55.11,-465.89,0.0
SKU_31,WH_5,0,0,24.36,4,98.17,-316.83,0.0
SKU_32,WH_1,0,0,22.18,6,133.64,-489.36,0.0
SKU_32,WH_2,0,0,25.81,2,51.98,-443.02,0.0
SKU_32,WH_3,0,0,21.28,6,128.47,-134.53,0.0
SKU_32,WH_4,0,0,17.14,2,34.64,-520.36,0.0
SKU_32,WH_5,0,0,13.01,9,117.72,-284.28,0.0
SKU_33,WH_1,0,0,20.77,9,188.01,-168.99,0.0
SKU_33,WH_2,0,0,18.04,7,127.09,-609.91,0.0
SKU_33,WH_3,0,0,13.52,13,176.82,-337.18,0.0
SKU_33,WH_4,0,0,19.83,3,59.93,-481.07,0.0
SKU_33,WH_5,0,0,15.9,7,112.05,-145.95,0.0
SKU_34,WH_1,0,0,20.06,4,80.92,-399.08,0.0
SKU_34,WH_2,0,0,13.58,5,68.61,-206.39,0.0
SKU_34,WH_3,0,0,15.85,13,206.84,-433.16,0.0
SKU_34,WH_4,0,0,13.69,2,28.07,-250.93,0.0
SKU_34,WH_5,0,0,20.95,4,84.55,-274.45,0.0
SKU_35,WH_1,0,0,18.79,11,208.39,-181.61,0.0
SKU_35,WH_2,0,0,13.56,12,163.3,-449.7,0.0
SKU_35,WH_3,0,0,17.96,7,126.41,-203.59,0.0
SKU_35,WH_4,0,0,19.87,2,40.38,-190.62,0.0
SKU_35,WH_5,0,0,6.88,2,14.44,-367.56,0.0
SKU_36,WH_1,0,0,28.62,12,344.27,-41.73,0.0
SKU_36,WH_2,0,0,17.01,10,171.29,-290.71,0.0
SKU_36,WH_3,0,0,20.14,12,242.58,-70.42,0.0
SKU_36,WH_4,0,0,21.69,11,239.16,-129.84,0.0
SKU_36,WH_5,0,0,17.12,12,206.36,-310.64,0.0
SKU_37,WH_1,0,0,23.7,3,71.54,-260.46,0.0
SKU_37,WH_2,0,0,19.57,14,275.17,-98.83,0.0
SKU_37,WH_3,0,0,34.25,3,103.23,-283.77,0.0
SKU_37,WH_4,0,0,24.72,13,322.43,-103.57,0.0
SKU_37,WH_5,0,0,16.41,3,50.18,-183.82,0.0
SKU_38,WH_1,0,0,22.91,8,184.04,-186.96,0.0
SKU_38,WH_2,0,0,15.81,14,222.25,-287.75,0.0
SKU_38,WH_3,0,0,19.26,8,155.14,-313.86,0.0
SKU_38,WH_4,0,0,13.46,13,175.7,-202.3,0.0
SKU_38,WH_5,0,0,23.97,13,312.74,-162.26,0.0
SKU_39,WH_1,0,0,22.01,10,221.02,-166.98,0.0
SKU_39,WH_2,0,0,16.05,8,129.42,-554.58,0.0
SKU_39,WH_3,0,0,28.43,4,114.11,-472.89,0.0
SKU_39,WH_4,0,0,18.55,11,205.38,-238.62,0.0
SKU_39,WH_5,0,0,14.86,4,59.79,-452.21,0.0
SKU_4,WH_1,0,0,22.07,11,243.73,-173.27,0.0
SKU_4,WH_2,0,0,23.22,13,303.14,-302.86,0.0
SKU_4,WH_3,0,0,18.26,7,128.4,-467.6,0.0
SKU_4,WH_4,0,0,22.75,12,273.68,-138.32,0.0
SKU_4,WH_5,0,0,23.14,8,185.68,-452.32,0.0
SKU_40,WH_1,0,0,22.92,2,46.14,-318.86,0.0
SKU_40,WH_2,0,0,17.52,14,246.42,-313.58,0.0
SKU_40,WH_3,0,0,27.11,7,190.23,-196.77,0.0
SKU_40,WH_4,0,0,23.95,5,120.36,-274.64,0.0
SKU_40,WH_5,0,0,31.11,8,249.56,-330.44,0.0
SKU_41,WH_1,0,0,23.41,12,281.76,-81.24,0.0
SKU_41,WH_2,0,0,18.13,14,255.62,-360.38,0.0
SKU_41,WH_3,0,0,20.63,13,268.89,-194.11,0.0
SKU_41,WH_4,0,0,19.6,13,255.73,-297.27,0.0
SKU_41,WH_5,0,0,8.78,4,36.09,-527.91,0.0
SKU_42,WH_1,0,0,14.99,9,136.48,-54.52,0.0
SKU_42,WH_2,0,0,18.84,5,95.13,-640.87,0.0
SKU_42,WH_3,0,0,15.93,12,191.84,-438.16,0.0
SKU_42,WH_4,0,0,23.9,10,239.71,-279.29,0.0
SKU_42,WH_5,0,0,10.41,6,63.41,-252.59,0.0
SKU_43,WH_1,0,0,15.2,12,183.19,-230.81,0.0
SKU_43,WH_2,0,0,20.14,12,242.55,-283.45,0.0
SKU_43,WH_3,0,0,14.24,7,100.25,-284.75,0.0
SKU_43,WH_4,0,0,18.25,7,128.59,-477.41,0.0
SKU_43,WH_5,0,0,17.04,14,239.33,-214.67,0.0
SKU_44,WH_1,0,0,27.84,7,195.54,-230.46,0.0
SKU_44,WH_2,0,0,17.82,2,36.16,-290.84,0.0
SKU_44,WH_3,0,0,17.3,13,227.29,27.29,27.29
SKU_44,WH_4,0,0,18.0,12,218.23,-83.77,0.0
SKU_44,WH_5,0,0,22.94,4,92.35,-474.65,0.0
SKU_45,WH_1,0,0,13.31,8,106.91,-279.09,0.0
SKU_45,WH_2,0,0,29.03,7,203.77,-182.23,0.0
SKU_45,WH_3,0,0,16.96,9,153.5,-424.5,0.0
SKU_45,WH_4,0,0,22.85,3,68.98,-514.02,0.0
SKU_45,WH_5,0,0,11.81,3,36.05,-421.95,0.0
SKU_46,WH_1,0,0,17.42,10,175.3,-357.7,0.0
SKU_46,WH_2,0,0,20.1,7,141.44,-478.56,0.0
SKU_46,WH_3,0,0,18.07,11,199.56,-144.44,0.0
SKU_46,WH_4,0,0,19.11,12,230.53,-365.47,0.0
SKU_46,WH_5,0,0,16.82,2,33.96,-263.04,0.0
SKU_47,WH_1,0,0,18.23,9,164.93,-406.07,0.0
SKU_47,WH_2,0,0,22.95,11,253.16,-203.84,0.0
SKU_47,WH_3,0,0,26.03,10,261.38,-206.62,0.0
SKU_47,WH_4,0,0,20.39,5,102.96,-226.04,0.0
SKU_47,WH_5,0,0,25.97,8,208.6,-386.4,0.0
SKU_48,WH_1,0,0,21.98,2,44.47,-284.53,0.0
SKU_48,WH_2,0,0,12.03,8,96.57,-430.43,0.0
SKU_48,WH_3,0,0,23.11,11,254.78,-405.22,0.0
SKU_48,WH_4,0,0,25.4,12,305.51,-180.49,0.0
SKU_48,WH_5,0,0,23.54,11,259.67,-109.33,0.0
SKU_49,WH_1,0,0,17.13,6,103.66,-495.34,0.0
SKU_49,WH_2,0,0,17.56,6,105.97,-452.03,0.0
SKU_49,WH_3,0,0,28.54,12,344.11,-40.89,0.0
SKU_49,WH_4,0,0,13.37,14,187.91,-234.09,0.0
SKU_49,WH_5,0,0,18.31,4,73.86,-367.14,0.0
SKU_5,WH_1,0,0,19.75,4,79.54,-485.46,0.0
SKU_5,WH_2,0,0,18.76,2,38.07,-254.93,0.0
SKU_5,WH_3,0,0,24.55,11,270.69,-50.31,0.0
SKU_5,WH_4,0,0,18.77,14,265.24,-65.76,0.0
SKU_5,WH_5,0,0,24.65,10,247.07,-63.93,0.0
SKU_50,WH_1,0,0,18.33,10,184.1,-424.9,0.0
SKU_50,WH_2,0,0,24.03,3,72.66,-202.34,0.0
SKU_50,WH_3,0,0,14.79,11,164.14,-204.86,0.0
SKU_50,WH_4,0,0,24.11,14,338.78,102.78,102.78
SKU_50,WH_5,0,0,15.91,7,113.22,-161.78,0.0
SKU_6,WH_1,0,0,20.83,9,188.78,-275.22,0.0
SKU_6,WH_2,0,0,22.17,14,312.26,-139.74,0.0
SKU_6,WH_3,0,0,20.04,10,201.28,-559.72,0.0
SKU_6,WH_4,0,0,23.6,11,260.26,-68.74,0.0
SKU_6,WH_5,0,0,16.15,3,48.8,-460.2,0.0
SKU_7,WH_1,0,0,19.87,3,60.17,-521.83,0.0
SKU_7,WH_2,0,0,19.53,5,98.46,-395.54,0.0
SKU_7,WH_3,0,0,23.53,3,71.22,-585.78,0.0
SKU_7,WH_4,0,0,15.32,4,61.7,-613.3,0.0
SKU_7,WH_5,0,0,24.64,8,197.49,-150.51,0.0
SKU_8,WH_1,0,0,14.88,13,194.27,-257.73,0.0
SKU_8,WH_2,0,0,23.32,10,233.8,-238.2,0.0
SKU_8,WH_3,0,0,32.89,4,132.51,-209.49,0.0
SKU_8,WH_4,0,0,19.44,7,136.69,-461.31,0.0
SKU_8,WH_5,0,0,11.85,5,59.89,-471.11,0.0
SKU_9,WH_1,0,0,16.7,11,184.67,-151.33,0.0
SKU_9,WH_2,0,0,22.37,12,269.79,-127.21,0.0
SKU_9,WH_3,0,0,11.98,14,169.0,-364.0,0.0
SKU_9,WH_4,0,0,19.71,3,59.45,-336.55,0.0
SKU_9,WH_5,0,0,20.32,13,265.26,-250.74,0.0
SKU_1,WH_1,0,2,22.98,16,368.39,-255.61,0.0
SKU_1,WH_2,0,2,13.78,10,138.47,-224.53,0.0
SKU_1,WH_3,0,2,18.85,8,151.87,-283.13,0.0
SKU_1,WH_4,0,2,10.45,11,115.65,-325.35,0.0
SKU_1,WH_5,0,2,29.33,6,176.76,-393.24,0.0
SKU_10,WH_1,0,2,19.12,15,288.07,-214.93,0.0
SKU_10,WH_2,0,2,22.95,12,276.19,-166.81,0.0
SKU_10,WH_3,0,2,14.25,7,100.51,-471.49,0.0
SKU_10,WH_4,0,2,26.67,16,427.76,13.76,13.76
SKU_10,WH_5,0,2,33.03,11,364.6,12.6,12.6
SKU_11,WH_1,0,2,15.63,6,94.77,-663.23,0.0
SKU_11,WH_2,0,2,23.84,6,143.86,-147.14,0.0
SKU_11,WH_3,0,2,14.69,15,221.13,-148.87,0.0
SKU_11,WH_4,0,2,17.69,4,71.41,-513.59,0.0
SKU_11,WH_5,0,2,22.26,5,112.03,-560.97,0.0
SKU_12,WH_1,0,2,29.74,7,209.19,-94.81,0.0
SKU_12,WH_2,0,2,19.19,8,154.41,-454.59,0.0
SKU_12,WH_3,0,2,25.8,8,207.41,-55.59,0.0
SKU_12,WH_4,0,2,21.99,14,308.64,-228.36,0.0
SKU_12,WH_5,0,2,17.81,8,143.19,-227.81,0.0
SKU_13,WH_1,0,2,24.81,11,273.82,-168.18,0.0
SKU_13,WH_2,0,2,14.02,13,183.26,-375.74,0.0
SKU_13,WH_3,0,2,11.62,16,186.87,-324.13,0.0
SKU_13,WH_4,0,2,18.07,12,217.66,-134.34,0.0
SKU_13,WH_5,0,2,20.83,9,188.19,-387.81,0.0
SKU_14,WH_1,0,2,20.11,13,262.39,-194.61,0.0
SKU_14,WH_2,0,2,13.87,16,223.19,-282.81,0.0
SKU_14,WH_3,0,2,22.78,5,114.36,-342.64,0.0
SKU_14,WH_4,0,2,27.86,12,335.29,-178.71,0.0
SKU_14,WH_5,0,2,15.1,8,121.21,-436.79,0.0
SKU_15,WH_1,0,2,18.16,15,273.3,-66.7,0.0
SKU_15,WH_2,0,2,18.28,10,183.76,-307.24,0.0
SKU_15,WH_3,0,2,20.38,9,184.61,-109.39,0.0
SKU_15,WH_4,0,2,20.78,7,146.03,-216.97,0.0
SKU_15,WH_5,0,2,15.05,16,241.48,-228.52,0.0
SKU_16,WH_1,0,2,18.0,16,289.22,-176.78,0.0
SKU_16,WH_2,0,2,23.23,13,302.88,-406.12,0.0
SKU_16,WH_3,0,2,23.08,8,185.38,-220.62,0.0
SKU_16,WH_4,0,2,5.42,6,33.23,-576.77,0.0
SKU_16,WH_5,0,2,17.07,4,68.75,-364.25,0.0
SKU_17,WH_1,0,2,12.0,12,144.7,-355.3,0.0
SKU_17,WH_2,0,2,18.09,15,272.7,-232.3,0.0
SKU_17,WH_3,0,2,29.07,5,145.84,-428.16,0.0
SKU_17,WH_4,0,2,15.64,7,110.03,-251.97,0.0
SKU_17,WH_5,0,2,19.97,10,200.7,-133.3,0.0
SKU_18,WH_1,0,2,27.93,4,112.12,-294.88,0.0
SKU_18,WH_2,0,2,22.86,12,275.26,3.26,3.26
SKU_18,WH_3,0,2,19.3,11,213.86,-228.14,0.0
SKU_18,WH_4,0,2,17.13,8,137.87,-201.13,0.0
SKU_18,WH_5,0,2,24.1,15,362.3,-403.7,0.0
SKU_19,WH_1,0,2,19.45,10,195.43,-150.57,0.0
SKU_19,WH_2,0,2,18.66,10,187.71,-282.29,0.0
SKU_19,WH_3,0,2,20.99,6,126.66,-151.34,0.0
SKU_19,WH_4,0,2,28.1,6,169.36,-173.64,0.0
SKU_19,WH_5,0,2,16.23,9,146.74,-457.26,0.0
SKU_2,WH_1,0,2,25.06,15,377.63,106.63,106.63
SKU_2,WH_2,0,2,17.46,10,175.31,-321.69,0.0
SKU_2,WH_3,0,2,20.75,12,250.52,-48.48,0.0
SKU_2,WH_4,0,2,13.99,8,112.45,-276.55,0.0
SKU_2,WH_5,0,2,28.86,16,462.46,-27.54,0.0
SKU_20,WH_1,0,2,20.94,11,231.09,-220.91,0.0
SKU_20,WH_2,0,2,23.6,11,260.6,-283.4,0.0
SKU_20,WH_3,0,2,23.72,5,118.89,-314.11,0.0
SKU_20,WH_4,0,2,17.05,4,68.55,-275.45,0.0
SKU_20,WH_5,0,2,20.07,4,80.69,-366.31,0.0
SKU_21,WH_1,0,2,22.37,13,292.16,-46.84,0.0
SKU_21,WH_2,0,2,18.03,9,162.89,-209.11,0.0
SKU_21,WH_3,0,2,13.13,12,158.74,-119.26,0.0
SKU_21,WH_4,0,2,22.38,10,225.04,-252.96,0.0
SKU_21,WH_5,0,2,19.98,10,200.57,-121.43,0.0
SKU_22,WH_1,0,2,20.82,6,125.54,-350.46,0.0
SKU_22,WH_2,0,2,18.0,9,162.57,-373.43,0.0
SKU_22,WH_3,0,2,17.93,6,108.48,-321.52,0.0
SKU_22,WH_4,0,2,21.1,13,275.53,-335.47,0.0
SKU_22,WH_5,0,2,16.38,6,98.63,-495.37,0.0
SKU_23,WH_1,0,2,25.38,10,254.49,-16.51,0.0
SKU_23,WH_2,0,2,14.14,14,198.81,-214.19,0.0
SKU_23,WH_3,0,2,13.72,7,96.64,-279.36,0.0
SKU_23,WH_4,0,2,13.08,16,210.32,-185.68,0.0
SKU_23,WH_5,0,2,21.16,5,106.55,-495.45,0.0
SKU_24,WH_1,0,2,26.6,4,106.86,-193.14,0.0
SKU_24,WH_2,0,2,22.4,7,157.45,-219.55,0.0
SKU_24,WH_3,0,2,19.88,12,239.77,-185.23,0.0
SKU_24,WH_4,0,2,14.63,15,220.08,-100.92,0.0
SKU_24,WH_5,0,2,22.17,9,200.11,-322.89,0.0
SKU_25,WH_1,0,2,24.85,7,174.42,-420.58,0.0
SKU_25,WH_2,0,2,15.44,5,77.91,-723.09,0.0
SKU_25,WH_3,0,2,26.59,9,240.13,-11.87,0.0
SKU_25,WH_4,0,2,18.91,11,208.93,-166.07,0.0
SKU_25,WH_5,0,2,19.98,9,180.54,-192.46,0.0
SKU_26,WH_1,0,2,13.62,4,55.0,-428.0,0.0
SKU_26,WH_2,0,2,25.96,7,182.31,-251.69,0.0
SKU_26,WH_3,0,2,15.72,16,254.48,-253.52,0.0
SKU_26,WH_4,0,2,25.89,16,416.34,-92.66,0.0
SKU_26,WH_5,0,2,32.83,6,198.01,-200.99,0.0
SKU_27,WH_1,0,2,21.9,4,88.01,-584.99,0.0
SKU_27,WH_2,0,2,16.14,6,97.18,-366.82,0.0
SKU_27,WH_3,0,2,41.31,5,207.87,-360.13,0.0
SKU_27,WH_4,0,2,25.51,16,409.32,94.32,94.32
SKU_27,WH_5,0,2,12.84,4,51.68,-415.32,0.0
SKU_28,WH_1,0,2,19.45,12,235.18,-409.82,0.0
SKU_28,WH_2,0,2,14.89,4,59.86,-487.14,0.0
SKU_28,WH_3,0,2,21.86,12,263.19,-311.81,0.0
SKU_28,WH_4,0,2,16.99,5,85.42,-528.58,0.0
SKU_28,WH_5,0,2,19.07,14,268.33,-200.67,0.0
SKU_29,WH_1,0,2,22.0,7,155.07,-171.93,0.0
SKU_29,WH_2,0,2,34.83,16,558.7,156.7,156.7
SKU_29,WH_3,0,2,26.09,5,131.6,-373.4,0.0
SKU_29,WH_4,0,2,20.86,16,334.92,-235.08,0.0
SKU_29,WH_5,0,2,30.91,13,403.18,-70.82,0.0
SKU_3,WH_1,0,2,21.82,16,350.02,-16.98,0.0
SKU_3,WH_2,0,2,12.82,15,192.86,-226.14,0.0
SKU_3,WH_3,0,2,21.06,11,232.83,-42.17,0.0
SKU_3,WH_4,0,2,20.11,12,242.47,-337.53,0.0
SKU_3,WH_5,0,2,26.91,9,242.79,-184.21,0.0
SKU_30,WH_1,0,2,23.01,5,115.35,-420.65,0.0
SKU_30,WH_2,0,2,19.01,14,267.36,-67.64,0.0
SKU_30,WH_3,0,2,15.85,6,95.33,-479.67,0.0
SKU_30,WH_4,0,2,11.52,9,104.49,-263.51,0.0
SKU_30,WH_5,0,2,22.02,4,88.38,-305.62,0.0
SKU_31,WH_1,0,2,20.31,10,204.27,-94.73,0.0
SKU_31,WH_2,0,2,28.01,4,113.21,-579.79,0.0
SKU_31,WH_3,0,2,14.08,14,198.42,-270.58,0.0
SKU_31,WH_4,0,2,18.14,5,91.39,-429.61,0.0
SKU_31,WH_5,0,2,24.36,6,146.89,-268.11,0.0
SKU_32,WH_1,0,2,22.18,8,178.0,-445.0,0.0
SKU_32,WH_2,0,2,25.81,4,103.6,-391.4,0.0
SKU_32,WH_3,0,2,21.28,8,171.03,-91.97,0.0
SKU_32,WH_4,0,2,17.14,4,68.92,-486.08,0.0
SKU_32,WH_5,0,2,13.01,11,143.74,-258.26,0.0
SKU_33,WH_1,0,2,20.77,11,229.55,-127.45,0.0
SKU_33,WH_2,0,2,18.04,9,163.17,-573.83,0.0
SKU_33,WH_3,0,2,13.52,15,203.86,-310.14,0.0
SKU_33,WH_4,0,2,19.83,5,99.59,-441.41,0.0
SKU_33,WH_5,0,2,15.9,9,143.85,-114.15,0.0
SKU_34,WH_1,0,2,20.06,6,121.04,-358.96,0.0
SKU_34,WH_2,0,2,13.58,7,95.77,-179.23,0.0
SKU_34,WH_3,0,2,15.85,15,238.54,-401.46,0.0
SKU_34,WH_4,0,2,13.69,4,55.45,-223.55,0.0
SKU_34,WH_5,0,2,20.95,6,126.45,-232.55,0.0
SKU_35,WH_1,0,2,18.79,13,245.97,-144.03,0.0
SKU_35,WH_2,0,2,13.56,14,190.42,-422.58,0.0
SKU_35,WH_3,0,2,17.96,9,162.33,-167.67,0.0
SKU_35,WH_4,0,2,19.87,4,80.12,-150.88,0.0
SKU_35,WH_5,0,2,6.88,4,28.2,-353.8,0.0
SKU_36,WH_1,0,2,28.62,14,401.51,15.51,15.51
SKU_36,WH_2,0,2,17.01,12,205.31,-256.69,0.0
SKU_36,WH_3,0,2,20.14,14,282.86,-30.14,0.0
SKU_36,WH_4,0,2,21.69,13,282.54,-86.46,0.0
SKU_36,WH_5,0,2,17.12,14,240.6,-276.4,0.0
SKU_37,WH_1,0,2,23.7,5,118.94,-213.06,0.0
SKU_37,WH_2,0,2,19.57,16,314.31,-59.69,0.0
SKU_37,WH_3,0,2,34.25,5,171.73,-215.27,0.0
SKU_37,WH_4,0,2,24.72,15,371.87,-54.13,0.0
SKU_37,WH_5,0,2,16.41,5,83.0,-151.0,0.0
SKU_38,WH_1,0,2,22.91,10,229.86,-141.14,0.0
SKU_38,WH_2,0,2,15.81,16,253.87,-256.13,0.0
SKU_38,WH_3,0,2,19.26,10,193.66,-275.34,0.0
SKU_38,WH_4,0,2,13.46,15,202.62,-175.38,0.0
SKU_38,WH_5,0,2,23.97,15,360.68,-114.32,0.0
SKU_39,WH_1,0,2,22.01,12,265.04,-122.96,0.0
SKU_39,WH_2,0,2,16.05,10,161.52,-522.48,0.0
SKU_39,WH_3,0,2,28.43,6,170.97,-416.03,0.0
SKU_39,WH_4,0,2,18.55,13,242.48,-201.52,0.0
SKU_39,WH_5,0,2,14.86,6,89.51,-422.49,0.0
SKU_4,WH_1,0,2,22.07,13,287.87,-129.13,0.0
SKU_4,WH_2,0,2,23.22,15,349.58,-256.42,0.0
SKU_4,WH_3,0,2,18.26,9,164.92,-431.08,0.0
SKU_4,WH_4,0,2,22.75,14,319.18,-92.82,0.0
SKU_4,WH_5,0,2,23.14,10,231.96,-406.04,0.0
SKU_40,WH_1,0,2,22.92,4,91.98,-273.02,0.0
SKU_40,WH_2,0,2,17.52,16,281.46,-278.54,0.0
SKU_40,WH_3,0,2,27.11,9,244.45,-142.55,0.0
SKU_40,WH_4,0,2,23.95,7,168.26,-226.74,0.0
SKU_40,WH_5,0,2,31.11,10,311.78,-268.22,0.0
SKU_41,WH_1,0,2,23.41,14,328.58,-34.42,0.0
SKU_41,WH_2,0,2,18.13,16,291.88,-324.12,0.0
SKU_41,WH_3,0,2,20.63,15,310.15,-152.85,0.0
SKU_41,WH_4,0,2,19.6,15,294.93,-258.07,0.0
SKU_41,WH_5,0,2,8.78,6,53.65,-510.35,0.0
SKU_42,WH_1,0,2,14.99,11,166.46,-24.54,0.0
SKU_42,WH_2,0,2,18.84,7,132.81,-603.19,0.0
SKU_42,WH_3,0,2,15.93,14,223.7,-406.3,0.0
SKU_42,WH_4,0,2,23.9,12,287.51,-231.49,0.0
SKU_42,WH_5,0,2,10.41,8,84.23,-231.77,0.0
SKU_43,WH_1,0,2,15.2,14,213.59,-200.41,0.0
SKU_43,WH_2,0,2,20.14,14,282.83,-243.17,0.0
SKU_43,WH_3,0,2,14.24,9,128.73,-256.27,0.0
SKU_43,WH_4,0,2,18.25,9,165.09,-440.91,0.0
SKU_43,WH_5,0,2,17.04,16,273.41,-180.59,0.0
SKU_44,WH_1,0,2,27.84,9,251.22,-174.78,0.0
SKU_44,WH_2,0,2,17.82,4,71.8,-255.2,0.0
SKU_44,WH_3,0,2,17.3,15,261.89,61.89,61.89
SKU_44,WH_4,0,2,18.0,14,254.23,-47.77,0.0
SKU_44,WH_5,0,2,22.94,6,138.23,-428.77,0.0
SKU_45,WH_1,0,2,13.31,10,133.53,-252.47,0.0
SKU_45,WH_2,0,2,29.03,9,261.83,-124.17,0.0
SKU_45,WH_3,0,2,16.96,11,187.42,-390.58,0.0
SKU_45,WH_4,0,2,22.85,5,114.68,-468.32,0.0
SKU_45,WH_5,0,2,11.81,5,59.67,-398.33,0.0
SKU_46,WH_1,0,2,17.42,12,210.14,-322.86,0.0
SKU_46,WH_2,0,2,20.1,9,181.64,-438.36,0.0
SKU_46,WH_3,0,2,18.07,13,235.7,-108.3,0.0
SKU_46,WH_4,0,2,19.11,14,268.75,-327.25,0.0
SKU_46,WH_5,0,2,16.82,4,67.6,-229.4,0.0
SKU_47,WH_1,0,2,18.23,11,201.39,-369.61,0.0
SKU_47,WH_2,0,2,22.95,13,299.06,-157.94,0.0
SKU_47,WH_3,0,2,26.03,12,313.44,-154.56,0.0
SKU_47,WH_4,0,2,20.39,7,143.74,-185.26,0.0
SKU_47,WH_5,0,2,25.97,10,260.54,-334.46,0.0
SKU_48,WH_1,0,2,21.98,4,88.43,-240.57,0.0
SKU_48,WH_2,0,2,12.03,10,120.63,-406.37,0.0
SKU_48,WH_3,0,2,23.11,13,301.0,-359.0,0.0
SKU_48,WH_4,0,2,25.4,14,356.31,-129.69,0.0
SKU_48,WH_5,0,2,23.54,13,306.75,-62.25,0.0
SKU_49,WH_1,0,2,17.13,8,137.92,-461.08,0.0
SKU_49,WH_2,0,2,17.56,8,141.09,-416.91,0.0
SKU_49,WH_3,0,2,28.54,14,401.19,16.19,16.19
SKU_49,WH_4,0,2,13.37,16,214.65,-207.35,0.0
SKU_49,WH_5,0,2,18.31,6,110.48,-330.52,0.0
SKU_5,WH_1,0,2,19.75,6,119.04,-445.96,0.0
SKU_5,WH_2,0,2,18.76,4,75.59,-217.41,0.0
SKU_5,WH_3,0,2,24.55,13,319.79,-1.21,0.0
SKU_5,WH_4,0,2,18.77,16,302.78,-28.22,0.0
SKU_5,WH_5,0,2,24.65,12,296.37,-14.63,0.0
SKU_50,WH_1,0,2,18.33,12,220.76,-388.24,0.0
SKU_50,WH_2,0,2,24.03,5,120.72,-154.28,0.0
SKU_50,WH_3,0,2,14.79,13,193.72,-175.28,0.0
SKU_50,WH_4,0,2,24.11,16,387.0,151.0,151.0
SKU_50,WH_5,0,2,15.91,9,145.04,-129.96,0.0
SKU_6,WH_1,0,2,20.83,11,230.44,-233.56,0.0
SKU_6,WH_2,0,2,22.17,16,356.6,-95.4,0.0
SKU_6,WH_3,0,2,20.04,12,241.36,-519.64,0.0
SKU_6,WH_4,0,2,23.6,13,307.46,-21.54,0.0
SKU_6,WH_5,0,2,16.15,5,81.1,-427.9,0.0
SKU_7,WH_1,0,2,19.87,5,99.91,-482.09,0.0
SKU_7,WH_2,0,2,19.53,7,137.52,-356.48,0.0
SKU_7,WH_3,0,2,23.53,5,118.28,-538.72,0.0
SKU_7,WH_4,0,2,15.32,6,92.34,-582.66,0.0
SKU_7,WH_5,0,2,24.64,10,246.77,-101.23,0.0
SKU_8,WH_1,0,2,14.88,15,224.03,-227.97,0.0
SKU_8,WH_2,0,2,23.32,12,280.44,-191.56,0.0
SKU_8,WH_3,0,2,32.89,6,198.29,-143.71,0.0
SKU_8,WH_4,0,2,19.44,9,175.57,-422.43,0.0
SKU_8,WH_5,0,2,11.85,7,83.59,-447.41,0.0
SKU_9,WH_1,0,2,16.7,13,218.07,-117.93,0.0
SKU_9,WH_2,0,2,22.37,14,314.53,-82.47,0.0
SKU_9,WH_3,0,2,11.98,16,192.96,-340.04,0.0
SKU_9,WH_4,0,2,19.71,5,98.87,-297.13,0.0
SKU_9,WH_5,0,2,20.32,15,305.9,-210.1,0.0
SKU_1,WH_1,10,-2,25.28,12,304.05,-319.95,0.0
SKU_1,WH_2,10,-2,15.16,6,91.62,-271.38,0.0
SKU_1,WH_3,10,-2,20.74,4,84.01,-350.99,0.0
SKU_1,WH_4,10,-2,11.5,7,81.17,-359.84,0.0
SKU_1,WH_5,10,-2,32.26,2,65.31,-504.69,0.0
SKU_10,WH_1,10,-2,21.03,11,232.62,-270.38,0.0
SKU_10,WH_2,10,-2,25.24,8,202.75,-240.25,0.0
SKU_10,WH_3,10,-2,15.68,3,47.78,-524.22,0.0
SKU_10,WH_4,10,-2,29.34,12,353.08,-60.92,0.0
SKU_10,WH_5,10,-2,36.33,7,255.6,-96.4,0.0
SKU_11,WH_1,10,-2,17.19,2,35.38,-722.62,0.0
SKU_11,WH_2,10,-2,26.22,2,53.27,-237.73,0.0
SKU_11,WH_3,10,-2,16.16,11,178.53,-191.47,0.0
SKU_11,WH_4,10,-2,19.46,1,20.11,-564.89,0.0
SKU_11,WH_5,10,-2,24.49,1,25.22,-647.78,0.0
SKU_12,WH_1,10,-2,32.71,3,99.15,-204.85,0.0
SKU_12,WH_2,10,-2,21.11,4,85.33,-523.67,0.0
SKU_12,WH_3,10,-2,28.38,4,114.53,-148.47,0.0
SKU_12,WH_4,10,-2,24.19,10,242.67,-294.33,0.0
SKU_12,WH_5,10,-2,19.59,4,79.07,-291.93,0.0
SKU_13,WH_1,10,-2,27.29,7,191.95,-250.05,0.0
SKU_13,WH_2,10,-2,15.42,9,139.8,-419.2,0.0
SKU_13,WH_3,10,-2,12.78,12,154.33,-356.67,0.0
SKU_13,WH_4,10,-2,19.88,8,159.84,-192.16,0.0
SKU_13,WH_5,10,-2,22.91,5,115.28,-460.72,0.0
SKU_14,WH_1,10,-2,22.12,9,200.05,-256.95,0.0
SKU_14,WH_2,10,-2,15.26,12,184.35,-321.65,0.0
SKU_14,WH_3,10,-2,25.06,1,25.52,-431.48,0.0
SKU_14,WH_4,10,-2,30.65,8,246.14,-267.86,0.0
SKU_14,WH_5,10,-2,16.61,4,66.85,-491.15,0.0
SKU_15,WH_1,10,-2,19.98,11,220.64,-119.36,0.0
SKU_15,WH_2,10,-2,20.11,6,121.61,-369.39,0.0
SKU_15,WH_3,10,-2,22.42,5,113.28,-180.72,0.0
SKU_15,WH_4,10,-2,22.86,3,69.14,-293.86,0.0
SKU_15,WH_5,10,-2,16.56,12,199.34,-270.66,0.0
SKU_16,WH_1,10,-2,19.8,12,238.82,-227.18,0.0
SKU_16,WH_2,10,-2,25.55,9,230.87,-478.13,0.0
SKU_16,WH_3,10,-2,25.39,4,102.29,-303.71,0.0
SKU_16,WH_4,10,-2,5.96,2,12.63,-597.37,0.0
SKU_16,WH_5,10,-2,18.78,1,19.25,-413.75,0.0
SKU_17,WH_1,10,-2,13.2,8,106.3,-393.7,0.0
SKU_17,WH_2,10,-2,19.9,11,220.24,-284.76,0.0
SKU_17,WH_3,10,-2,31.98,1,32.47,-541.53,0.0
SKU_17,WH_4,10,-2,17.2,3,52.16,-309.84,0.0
SKU_17,WH_5,10,-2,21.97,6,132.8,-201.2,0.0
SKU_18,WH_1,10,-2,30.72,1,31.12,-375.88,0.0
SKU_18,WH_2,10,-2,25.15,8,202.11,-69.89,0.0
SKU_18,WH_3,10,-2,21.23,7,150.17,-291.83,0.0
SKU_18,WH_4,10,-2,18.84,4,76.2,-262.8,0.0
SKU_18,WH_5,10,-2,26.51,11,292.41,-473.59,0.0
SKU_19,WH_1,10,-2,21.4,6,129.3,-216.7,0.0
SKU_19,WH_2,10,-2,20.53,6,124.27,-345.73,0.0
SKU_19,WH_3,10,-2,23.09,2,46.9,-231.1,0.0
SKU_19,WH_4,10,-2,30.91,2,62.58,-280.42,0.0
SKU_19,WH_5,10,-2,17.85,5,89.94,-514.06,0.0
SKU_2,WH_1,10,-2,27.57,11,304.96,33.96,33.96
SKU_2,WH_2,10,-2,19.21,6,115.95,-381.05,0.0
SKU_2,WH_3,10,-2,22.83,8,184.12,-114.88,0.0
SKU_2,WH_4,10,-2,15.39,4,62.09,-326.91,0.0
SKU_2,WH_5,10,-2,31.75,12,381.65,-108.35,0.0
SKU_20,WH_1,10,-2,23.03,7,161.99,-290.01,0.0
SKU_20,WH_2,10,-2,25.96,7,182.72,-361.28,0.0
SKU_20,WH_3,10,-2,26.09,1,26.38,-406.62,0.0
SKU_20,WH_4,10,-2,18.76,1,19.11,-324.9,0.0
SKU_20,WH_5,10,-2,22.08,1,22.49,-424.51,0.0
SKU_21,WH_1,10,-2,24.61,9,222.81,-116.19,0.0
SKU_21,WH_2,10,-2,19.83,5,99.79,-272.21,0.0
SKU_21,WH_3,10,-2,14.44,8,116.72,-161.28,0.0
SKU_21,WH_4,10,-2,24.62,6,148.95,-329.05,0.0
SKU_21,WH_5,10,-2,21.98,6,132.64,-189.36,0.0
SKU_22,WH_1,10,-2,22.9,2,46.42,-429.58,0.0
SKU_22,WH_2,10,-2,19.8,5,99.57,-436.43,0.0
SKU_22,WH_3,10,-2,19.72,2,40.35,-389.65,0.0
SKU_22,WH_4,10,-2,23.21,9,210.12,-400.88,0.0
SKU_22,WH_5,10,-2,18.02,2,36.39,-557.61,0.0
SKU_23,WH_1,10,-2,27.92,6,168.2,-102.8,0.0
SKU_23,WH_2,10,-2,15.55,10,156.39,-256.61,0.0
SKU_23,WH_3,10,-2,15.09,3,45.88,-330.12,0.0
SKU_23,WH_4,10,-2,14.39,12,173.7,-222.3,0.0
SKU_23,WH_5,10,-2,23.28,1,24.03,-577.97,0.0
SKU_24,WH_1,10,-2,29.26,1,29.72,-270.28,0.0
SKU_24,WH_2,10,-2,24.64,3,74.57,-302.43,0.0
SKU_24,WH_3,10,-2,21.87,8,176.15,-248.85,0.0
SKU_24,WH_4,10,-2,16.09,11,177.65,-143.35,0.0
SKU_24,WH_5,10,-2,24.39,5,122.52,-400.48,0.0
SKU_25,WH_1,10,-2,27.34,3,82.48,-512.52,0.0
SKU_25,WH_2,10,-2,16.98,1,17.69,-783.31,0.0
SKU_25,WH_3,10,-2,29.25,5,147.06,-104.94,0.0
SKU_25,WH_4,10,-2,20.8,7,146.53,-228.47,0.0
SKU_25,WH_5,10,-2,21.98,5,110.61,-262.39,0.0
SKU_26,WH_1,10,-2,14.98,1,15.5,-467.5,0.0
SKU_26,WH_2,10,-2,28.56,3,86.26,-347.74,0.0
SKU_26,WH_3,10,-2,17.29,12,210.46,-297.54,0.0
SKU_26,WH_4,10,-2,28.48,12,343.85,-165.15,0.0
SKU_26,WH_5,10,-2,36.11,2,73.26,-325.74,0.0
SKU_27,WH_1,10,-2,24.09,1,24.5,-648.5,0.0
SKU_27,WH_2,10,-2,17.75,2,35.85,-428.15,0.0
SKU_27,WH_3,10,-2,45.44,1,46.76,-521.24,0.0
SKU_27,WH_4,10,-2,28.06,12,337.89,22.89,22.89
SKU_27,WH_5,10,-2,14.12,1,14.44,-452.56,0.0
SKU_28,WH_1,10,-2,21.4,8,172.94,-472.06,0.0
SKU_28,WH_2,10,-2,16.38,1,16.68,-530.32,0.0
SKU_28,WH_3,10,-2,24.05,8,193.24,-381.76,0.0
SKU_28,WH_4,10,-2,18.69,1,19.16,-594.84,0.0
SKU_28,WH_5,10,-2,20.98,10,211.12,-257.88,0.0
SKU_29,WH_1,10,-2,24.2,3,73.67,-253.33,0.0
SKU_29,WH_2,10,-2,38.31,12,461.18,59.18,59.18
SKU_29,WH_3,10,-2,28.7,1,29.85,-475.15,0.0
SKU_29,WH_4,10,-2,22.95,12,276.51,-293.49,0.0
SKU_29,WH_5,10,-2,34.0,9,307.36,-166.64,0.0
SKU_3,WH_1,10,-2,24.0,12,288.92,-78.08,0.0
SKU_3,WH_2,10,-2,14.1,11,155.68,-263.32,0.0
SKU_3,WH_3,10,-2,23.17,7,163.33,-111.67,0.0
SKU_3,WH_4,10,-2,22.12,8,178.12,-401.88,0.0
SKU_3,WH_5,10,-2,29.6,5,148.61,-278.4,0.0
SKU_30,WH_1,10,-2,25.31,1,25.61,-510.39,0.0
SKU_30,WH_2,10,-2,20.91,10,210.33,-124.67,0.0
SKU_30,WH_3,10,-2,17.44,2,35.1,-539.9,0.0
SKU_30,WH_4,10,-2,12.67,5,64.17,-303.83,0.0
SKU_30,WH_5,10,-2,24.22,1,24.52,-369.48,0.0
SKU_31,WH_1,10,-2,22.34,6,135.22,-163.78,0.0
SKU_31,WH_2,10,-2,30.81,1,31.98,-661.02,0.0
SKU_31,WH_3,10,-2,15.49,10,156.18,-312.82,0.0
SKU_31,WH_4,10,-2,19.95,1,20.64,-500.36,0.0
SKU_31,WH_5,10,-2,26.8,2,54.32,-360.68,0.0
SKU_32,WH_1,10,-2,24.4,4,98.15,-524.85,0.0
SKU_32,WH_2,10,-2,28.39,1,28.75,-466.25,0.0
SKU_32,WH_3,10,-2,23.41,4,94.42,-168.58,0.0
SKU_32,WH_4,10,-2,18.85,1,19.21,-535.79,0.0
SKU_32,WH_5,10,-2,14.31,7,100.81,-301.19,0.0
SKU_33,WH_1,10,-2,22.85,7,161.01,-195.99,0.0
SKU_33,WH_2,10,-2,19.84,5,100.03,-636.97,0.0
SKU_33,WH_3,10,-2,14.87,11,164.65,-349.35,0.0
SKU_33,WH_4,10,-2,21.81,1,22.25,-518.75,0.0
SKU_33,WH_5,10,-2,17.49,5,88.2,-169.8,0.0
SKU_34,WH_1,10,-2,22.07,2,44.81,-435.19,0.0
SKU_34,WH_2,10,-2,14.94,3,45.52,-229.48,0.0
SKU_34,WH_3,10,-2,17.44,11,192.58,-447.42,0.0
SKU_34,WH_4,10,-2,15.06,1,15.75,-263.25,0.0
SKU_34,WH_5,10,-2,23.04,2,46.84,-312.16,0.0
SKU_35,WH_1,10,-2,20.67,9,187.72,-202.28,0.0
SKU_35,WH_2,10,-2,14.92,10,149.74,-463.26,0.0
SKU_35,WH_3,10,-2,19.76,5,99.47,-230.53,0.0
SKU_35,WH_4,10,-2,21.86,1,22.5,-208.5,0.0
SKU_35,WH_5,10,-2,7.57,1,8.25,-373.75,0.0
SKU_36,WH_1,10,-2,31.48,10,315.65,-70.35,0.0
SKU_36,WH_2,10,-2,18.71,8,150.88,-311.12,0.0
SKU_36,WH_3,10,-2,22.15,10,222.44,-90.56,0.0
SKU_36,WH_4,10,-2,23.86,9,215.3,-153.7,0.0
SKU_36,WH_5,10,-2,18.83,10,189.24,-327.76,0.0
SKU_37,WH_1,10,-2,26.07,1,26.51,-305.49,0.0
SKU_37,WH_2,10,-2,21.53,12,259.51,-114.49,0.0
SKU_37,WH_3,10,-2,37.68,1,38.16,-348.84,0.0
SKU_37,WH_4,10,-2,27.19,11,300.18,-125.82,0.0
SKU_37,WH_5,10,-2,18.05,1,19.0,-215.0,0.0
SKU_38,WH_1,10,-2,25.2,6,151.97,-219.03,0.0
SKU_38,WH_2,10,-2,17.39,12,209.6,-300.4,0.0
SKU_38,WH_3,10,-2,21.19,6,128.18,-340.82,0.0
SKU_38,WH_4,10,-2,14.81,11,163.59,-214.41,0.0
SKU_38,WH_5,10,-2,26.37,11,291.17,-183.83,0.0
SKU_39,WH_1,10,-2,24.21,8,194.61,-193.39,0.0
SKU_39,WH_2,10,-2,17.66,6,106.95,-577.05,0.0
SKU_39,WH_3,10,-2,31.27,2,62.94,-524.06,0.0
SKU_39,WH_4,10,-2,20.4,9,184.98,-259.02,0.0
SKU_39,WH_5,10,-2,16.35,2,33.04,-478.96,0.0
SKU_4,WH_1,10,-2,24.28,9,219.45,-197.55,0.0
SKU_4,WH_2,10,-2,25.54,11,282.24,-323.76,0.0
SKU_4,WH_3,10,-2,20.09,5,101.01,-494.99,0.0
SKU_4,WH_4,10,-2,25.02,10,250.93,-161.07,0.0
SKU_4,WH_5,10,-2,25.45,6,153.28,-484.72,0.0
SKU_40,WH_1,10,-2,25.21,1,25.51,-339.49,0.0
SKU_40,WH_2,10,-2,19.27,12,232.4,-327.6,0.0
SKU_40,WH_3,10,-2,29.82,5,149.57,-237.43,0.0
SKU_40,WH_4,10,-2,26.35,3,79.65,-315.36,0.0
SKU_40,WH_5,10,-2,34.22,6,206.01,-373.99,0.0
SKU_41,WH_1,10,-2,25.75,10,258.35,-104.65,0.0
SKU_41,WH_2,10,-2,19.94,12,241.12,-374.88,0.0
SKU_41,WH_3,10,-2,22.69,11,250.32,-212.68,0.0
SKU_41,WH_4,10,-2,21.56,11,238.09,-314.91,0.0
SKU_41,WH_5,10,-2,9.66,2,20.29,-543.71,0.0
SKU_42,WH_1,10,-2,16.49,7,116.99,-74.01,0.0
SKU_42,WH_2,10,-2,20.72,3,63.1,-672.9,0.0
SKU_42,WH_3,10,-2,17.52,10,175.91,-454.09,0.0
SKU_42,WH_4,10,-2,26.29,8,211.03,-307.97,0.0
SKU_42,WH_5,10,-2,11.45,4,46.75,-269.25,0.0
SKU_43,WH_1,10,-2,16.72,10,167.99,-246.01,0.0
SKU_43,WH_2,10,-2,22.15,10,222.41,-303.59,0.0
SKU_43,WH_3,10,-2,15.66,5,78.89,-306.11,0.0
SKU_43,WH_4,10,-2,20.08,5,101.22,-504.78,0.0
SKU_43,WH_5,10,-2,18.74,12,225.7,-228.3,0.0
SKU_44,WH_1,10,-2,30.62,5,153.78,-272.22,0.0
SKU_44,WH_2,10,-2,19.6,1,20.12,-306.88,0.0
SKU_44,WH_3,10,-2,19.03,11,211.72,11.72,11.72
SKU_44,WH_4,10,-2,19.8,10,200.23,-101.77,0.0
SKU_44,WH_5,10,-2,25.23,2,51.06,-515.94,0.0
SKU_45,WH_1,10,-2,14.64,6,88.28,-297.72,0.0
SKU_45,WH_2,10,-2,31.93,5,160.23,-225.77,0.0
SKU_45,WH_3,10,-2,18.66,7,131.45,-446.55,0.0
SKU_45,WH_4,10,-2,25.14,1,25.57,-557.43,0.0
SKU_45,WH_5,10,-2,12.99,1,13.61,-444.39,0.0
SKU_46,WH_1,10,-2,19.16,8,154.4,-378.6,0.0
SKU_46,WH_2,10,-2,22.11,5,111.29,-508.71,0.0
SKU_46,WH_3,10,-2,19.88,9,179.68,-164.32,0.0
SKU_46,WH_4,10,-2,21.02,10,211.42,-384.58,0.0
SKU_46,WH_5,10,-2,18.5,1,18.82,-278.18,0.0
SKU_47,WH_1,10,-2,20.05,7,141.23,-429.77,0.0
SKU_47,WH_2,10,-2,25.24,9,227.92,-229.08,0.0
SKU_47,WH_3,10,-2,28.63,8,230.14,-237.86,0.0
SKU_47,WH_4,10,-2,22.43,3,68.3,-260.7,0.0
SKU_47,WH_5,10,-2,28.57,6,172.24,-422.76,0.0
SKU_48,WH_1,10,-2,24.18,1,24.69,-304.31,0.0
SKU_48,WH_2,10,-2,13.23,6,79.73,-447.27,0.0
SKU_48,WH_3,10,-2,25.42,9,229.36,-430.64,0.0
SKU_48,WH_4,10,-2,27.94,10,280.11,-205.89,0.0
SKU_48,WH_5,10,-2,25.89,9,233.78,-135.22,0.0
SKU_49,WH_1,10,-2,18.84,4,76.25,-522.75,0.0
SKU_49,WH_2,10,-2,19.32,4,77.87,-480.13,0.0
SKU_49,WH_3,10,-2,31.39,10,315.57,-69.43,0.0
SKU_49,WH_4,10,-2,14.71,12,177.21,-244.79,0.0
SKU_49,WH_5,10,-2,20.14,2,40.9,-400.1,0.0
SKU_5,WH_1,10,-2,21.72,2,43.99,-521.01,0.0
SKU_5,WH_2,10,-2,20.64,1,21.19,-271.81,0.0
SKU_5,WH_3,10,-2,27.01,9,243.68,-77.32,0.0
SKU_5,WH_4,10,-2,20.65,12,250.22,-80.78,0.0
SKU_5,WH_5,10,-2,27.12,8,217.49,-93.51,0.0
SKU_50,WH_1,10,-2,20.16,8,162.1,-446.9,0.0
SKU_50,WH_2,10,-2,26.43,1,27.0,-248.0,0.0
SKU_50,WH_3,10,-2,16.27,9,147.87,-221.13,0.0
SKU_50,WH_4,10,-2,26.52,12,319.49,83.49,83.49
SKU_50,WH_5,10,-2,17.5,5,89.36,-185.64,0.0
SKU_6,WH_1,10,-2,22.91,7,161.7,-302.3,0.0
SKU_6,WH_2,10,-2,24.39,12,294.52,-157.48,0.0
SKU_6,WH_3,10,-2,22.04,8,177.23,-583.77,0.0
SKU_6,WH_4,10,-2,25.96,9,234.3,-94.7,0.0
SKU_6,WH_5,10,-2,17.76,1,18.12,-490.88,0.0
SKU_7,WH_1,10,-2,21.86,1,22.42,-559.58,0.0
SKU_7,WH_2,10,-2,21.48,3,65.26,-428.74,0.0
SKU_7,WH_3,10,-2,25.88,1,26.51,-630.49,0.0
SKU_7,WH_4,10,-2,16.85,2,34.12,-640.88,0.0
SKU_7,WH_5,10,-2,27.1,6,162.99,-185.01,0.0
SKU_8,WH_1,10,-2,16.37,11,180.88,-271.12,0.0
SKU_8,WH_2,10,-2,25.65,8,205.82,-266.18,0.0
SKU_8,WH_3,10,-2,36.18,2,73.31,-268.69,0.0
SKU_8,WH_4,10,-2,21.38,5,107.53,-490.47,0.0
SKU_8,WH_5,10,-2,13.04,3,39.75,-491.26,0.0
SKU_9,WH_1,10,-2,18.37,9,166.3,-169.7,0.0
SKU_9,WH_2,10,-2,24.61,10,247.42,-149.58,0.0
SKU_9,WH_3,10,-2,13.18,12,159.42,-373.58,0.0
SKU_9,WH_4,10,-2,21.68,1,22.0,-374.0,0.0
SKU_9,WH_5,10,-2,22.35,11,246.97,-269.03,0.0
SKU_1,WH_1,10,0,25.28,14,354.6,-269.4,0.0
SKU_1,WH_2,10,0,15.16,8,121.93,-241.07,0.0
SKU_1,WH_3,10,0,20.74,6,125.48,-309.52,0.0
SKU_1,WH_4,10,0,11.5,9,104.16,-336.84,0.0
SKU_1,WH_5,10,0,32.26,4,129.83,-440.17,0.0
SKU_10,WH_1,10,0,21.03,13,274.69,-228.31,0.0
SKU_10,WH_2,10,0,25.24,10,253.24,-189.76,0.0
SKU_10,WH_3,10,0,15.68,5,79.14,-492.86,0.0
SKU_10,WH_4,10,0,29.34,14,411.76,-2.24,0.0
SKU_10,WH_5,10,0,36.33,9,328.27,-23.73,0.0
SKU_11,WH_1,10,0,17.19,4,69.76,-688.24,0.0
SKU_11,WH_2,10,0,26.22,4,105.72,-185.28,0.0
SKU_11,WH_3,10,0,16.16,13,210.85,-159.15,0.0
SKU_11,WH_4,10,0,19.46,2,39.57,-545.43,0.0
SKU_11,WH_5,10,0,24.49,3,74.19,-598.81,0.0
SKU_12,WH_1,10,0,32.71,5,164.58,-139.42,0.0
SKU_12,WH_2,10,0,21.11,6,127.54,-481.46,0.0
SKU_12,WH_3,10,0,28.38,6,171.29,-91.71,0.0
SKU_12,WH_4,10,0,24.19,12,291.05,-245.95,0.0
SKU_12,WH_5,10,0,19.59,6,118.26,-252.74,0.0
SKU_13,WH_1,10,0,27.29,9,246.53,-195.47,0.0
SKU_13,WH_2,10,0,15.42,11,170.64,-388.36,0.0
SKU_13,WH_3,10,0,12.78,14,179.9,-331.1,0.0
SKU_13,WH_4,10,0,19.88,10,199.59,-152.41,0.0
SKU_13,WH_5,10,0,22.91,7,161.11,-414.89,0.0
SKU_14,WH_1,10,0,22.12,11,244.29,-212.71,0.0
SKU_14,WH_2,10,0,15.26,14,214.87,-291.13,0.0
SKU_14,WH_3,10,0,25.06,3,75.63,-381.37,0.0
SKU_14,WH_4,10,0,30.65,10,307.43,-206.57,0.0
SKU_14,WH_5,10,0,16.61,6,100.07,-457.93,0.0
SKU_15,WH_1,10,0,19.98,13,260.59,-79.41,0.0
SKU_15,WH_2,10,0,20.11,8,161.82,-329.18,0.0
SKU_15,WH_3,10,0,22.42,7,158.12,-135.88,0.0
SKU_15,WH_4,10,0,22.86,5,114.86,-248.14,0.0
SKU_15,WH_5,10,0,16.56,14,232.45,-237.55,0.0
SKU_16,WH_1,10,0,19.8,14,278.42,-187.58,0.0
SKU_16,WH_2,10,0,25.55,11,281.97,-427.03,0.0
SKU_16,WH_3,10,0,25.39,6,153.07,-252.93,0.0
SKU_16,WH_4,10,0,5.96,4,24.56,-585.44,0.0
SKU_16,WH_5,10,0,18.78,2,38.02,-394.98,0.0
SKU_17,WH_1,10,0,13.2,10,132.7,-367.3,0.0
SKU_17,WH_2,10,0,19.9,13,260.04,-244.96,0.0
SKU_17,WH_3,10,0,31.98,3,96.42,-477.58,0.0
SKU_17,WH_4,10,0,17.2,5,86.57,-275.43,0.0
SKU_17,WH_5,10,0,21.97,8,176.74,-157.26,0.0
SKU_18,WH_1,10,0,30.72,2,61.85,-345.15,0.0
SKU_18,WH_2,10,0,25.15,10,252.4,-19.6,0.0
SKU_18,WH_3,10,0,21.23,9,192.63,-249.37,0.0
SKU_18,WH_4,10,0,18.84,6,113.89,-225.11,0.0
SKU_18,WH_5,10,0,26.51,13,345.43,-420.57,0.0
SKU_19,WH_1,10,0,21.4,8,172.09,-173.91,0.0
SKU_19,WH_2,10,0,20.53,8,165.32,-304.68,0.0
SKU_19,WH_3,10,0,23.09,4,93.08,-184.92,0.0
SKU_19,WH_4,10,0,30.91,4,124.4,-218.6,0.0
SKU_19,WH_5,10,0,17.85,7,125.64,-478.36,0.0
SKU_2,WH_1,10,0,27.57,13,360.09,89.09,89.09
SKU_2,WH_2,10,0,19.21,8,154.36,-342.64,0.0
SKU_2,WH_3,10,0,22.83,10,229.77,-69.23,0.0
SKU_2,WH_4,10,0,15.39,6,92.86,-296.14,0.0
SKU_2,WH_5,10,0,31.75,14,445.14,-44.86,0.0
SKU_20,WH_1,10,0,23.03,9,208.06,-243.94,0.0
SKU_20,WH_2,10,0,25.96,9,234.64,-309.36,0.0
SKU_20,WH_3,10,0,26.09,3,78.57,-354.43,0.0
SKU_20,WH_4,10,0,18.76,2,37.86,-306.14,0.0
SKU_20,WH_5,10,0,22.08,2,44.56,-402.44,0.0
SKU_21,WH_1,10,0,24.61,11,272.03,-66.97,0.0
SKU_21,WH_2,10,0,19.83,7,139.45,-232.55,0.0
SKU_21,WH_3,10,0,14.44,10,145.61,-132.39,0.0
SKU_21,WH_4,10,0,24.62,8,198.18,-279.82,0.0
SKU_21,WH_5,10,0,21.98,8,176.59,-145.41,0.0
SKU_22,WH_1,10,0,22.9,4,92.23,-383.77,0.0
SKU_22,WH_2,10,0,19.8,7,139.17,-396.83,0.0
SKU_22,WH_3,10,0,19.72,4,79.79,-350.21,0.0
SKU_22,WH_4,10,0,23.21,11,256.54,-354.46,0.0
SKU_22,WH_5,10,0,18.02,4,72.42,-521.58,0.0
SKU_23,WH_1,10,0,27.92,8,224.03,-46.97,0.0
SKU_23,WH_2,10,0,15.55,12,187.5,-225.5,0.0
SKU_23,WH_3,10,0,15.09,5,76.06,-299.94,0.0
SKU_23,WH_4,10,0,14.39,14,202.47,-193.53,0.0
SKU_23,WH_5,10,0,23.28,3,70.58,-531.42,0.0
SKU_24,WH_1,10,0,29.26,2,58.98,-241.02,0.0
SKU_24,WH_2,10,0,24.64,5,123.85,-253.15,0.0
SKU_24,WH_3,10,0,21.87,10,219.89,-205.11,0.0
SKU_24,WH_4,10,0,16.09,13,209.84,-111.16,0.0
SKU_24,WH_5,10,0,24.39,7,171.29,-351.71,0.0
SKU_25,WH_1,10,0,27.34,5,137.15,-457.86,0.0
SKU_25,WH_2,10,0,16.98,3,51.66,-749.34,0.0
SKU_25,WH_3,10,0,29.25,7,205.56,-46.44,0.0
SKU_25,WH_4,10,0,20.8,9,188.13,-186.87,0.0
SKU_25,WH_5,10,0,21.98,7,154.57,-218.43,0.0
SKU_26,WH_1,10,0,14.98,2,30.48,-452.52,0.0
SKU_26,WH_2,10,0,28.56,5,143.37,-290.63,0.0
SKU_26,WH_3,10,0,17.29,14,245.05,-262.95,0.0
SKU_26,WH_4,10,0,28.48,14,400.81,-108.19,0.0
SKU_26,WH_5,10,0,36.11,4,145.48,-253.52,0.0
SKU_27,WH_1,10,0,24.09,2,48.59,-624.41,0.0
SKU_27,WH_2,10,0,17.75,4,71.36,-392.64,0.0
SKU_27,WH_3,10,0,45.44,3,137.64,-430.36,0.0
SKU_27,WH_4,10,0,28.06,14,394.01,79.01,79.01
SKU_27,WH_5,10,0,14.12,2,28.57,-438.43,0.0
SKU_28,WH_1,10,0,21.4,10,215.73,-429.27,0.0
SKU_28,WH_2,10,0,16.38,2,33.06,-513.94,0.0
SKU_28,WH_3,10,0,24.05,10,241.33,-333.67,0.0
SKU_28,WH_4,10,0,18.69,3,56.54,-557.46,0.0
SKU_28,WH_5,10,0,20.98,12,253.07,-215.93,0.0
SKU_29,WH_1,10,0,24.2,5,122.07,-204.93,0.0
SKU_29,WH_2,10,0,38.31,14,537.8,135.8,135.8
SKU_29,WH_3,10,0,28.7,3,87.25,-417.75,0.0
SKU_29,WH_4,10,0,22.95,14,322.4,-247.6,0.0
SKU_29,WH_5,10,0,34.0,11,375.36,-98.64,0.0
SKU_3,WH_1,10,0,24.0,14,336.93,-30.07,0.0
SKU_3,WH_2,10,0,14.1,13,183.89,-235.11,0.0
SKU_3,WH_3,10,0,23.17,9,209.66,-65.34,0.0
SKU_3,WH_4,10,0,22.12,10,222.36,-357.64,0.0
SKU_3,WH_5,10,0,29.6,7,207.81,-219.19,0.0
SKU_30,WH_1,10,0,25.31,3,76.23,-459.77,0.0
SKU_30,WH_2,10,0,20.91,12,252.15,-82.85,0.0
SKU_30,WH_3,10,0,17.44,4,69.97,-505.03,0.0
SKU_30,WH_4,10,0,12.67,7,89.51,-278.49,0.0
SKU_30,WH_5,10,0,24.22,2,48.74,-345.26,0.0
SKU_31,WH_1,10,0,22.34,8,179.9,-119.1,0.0
SKU_31,WH_2,10,0,30.81,2,62.79,-630.21,0.0
SKU_31,WH_3,10,0,15.49,12,187.16,-281.84,0.0
SKU_31,WH_4,10,0,19.95,3,60.55,-460.45,0.0
SKU_31,WH_5,10,0,26.8,4,107.91,-307.09,0.0
SKU_32,WH_1,10,0,24.4,6,146.95,-476.05,0.0
SKU_32,WH_2,10,0,28.39,2,57.14,-437.86,0.0
SKU_32,WH_3,10,0,23.41,6,141.24,-121.76,0.0
SKU_32,WH_4,10,0,18.85,2,38.07,-516.93,0.0
SKU_32,WH_5,10,0,14.31,9,129.43,-272.57,0.0
SKU_33,WH_1,10,0,22.85,9,206.7,-150.3,0.0
SKU_33,WH_2,10,0,19.84,7,139.72,-597.28,0.0
SKU_33,WH_3,10,0,14.87,13,194.4,-319.6,0.0
SKU_33,WH_4,10,0,21.81,3,65.88,-475.12,0.0
SKU_33,WH_5,10,0,17.49,7,123.18,-134.82,0.0
SKU_34,WH_1,10,0,22.07,4,88.94,-391.06,0.0
SKU_34,WH_2,10,0,14.94,5,75.4,-199.6,0.0
SKU_34,WH_3,10,0,17.44,13,227.45,-412.55,0.0
SKU_34,WH_4,10,0,15.06,2,30.81,-248.19,0.0
SKU_34,WH_5,10,0,23.04,4,92.93,-266.07,0.0
SKU_35,WH_1,10,0,20.67,11,229.06,-160.94,0.0
SKU_35,WH_2,10,0,14.92,12,179.57,-433.43,0.0
SKU_35,WH_3,10,0,19.76,7,138.98,-191.02,0.0
SKU_35,WH_4,10,0,21.86,2,44.35,-186.65,0.0
SKU_35,WH_5,10,0,7.57,2,15.82,-366.18,0.0
SKU_36,WH_1,10,0,31.48,12,378.61,-7.39,0.0
SKU_36,WH_2,10,0,18.71,10,188.3,-273.7,0.0
SKU_36,WH_3,10,0,22.15,12,266.75,-46.25,0.0
SKU_36,WH_4,10,0,23.86,11,263.02,-105.98,0.0
SKU_36,WH_5,10,0,18.83,12,226.9,-290.1,0.0
SKU_37,WH_1,10,0,26.07,3,78.65,-253.35,0.0
SKU_37,WH_2,10,0,21.53,14,302.57,-71.43,0.0
SKU_37,WH_3,10,0,37.68,3,113.51,-273.5,0.0
SKU_37,WH_4,10,0,27.19,13,354.57,-71.43,0.0
SKU_37,WH_5,10,0,18.05,3,55.1,-178.9,0.0
SKU_38,WH_1,10,0,25.2,8,202.37,-168.63,0.0
SKU_38,WH_2,10,0,17.39,14,244.38,-265.62,0.0
SKU_38,WH_3,10,0,21.19,8,170.55,-298.45,0.0
SKU_38,WH_4,10,0,14.81,13,193.2,-184.8,0.0
SKU_38,WH_5,10,0,26.37,13,343.9,-131.1,0.0
SKU_39,WH_1,10,0,24.21,10,243.03,-144.97,0.0
SKU_39,WH_2,10,0,17.66,8,142.26,-541.74,0.0
SKU_39,WH_3,10,0,31.27,4,125.48,-461.52,0.0
SKU_39,WH_4,10,0,20.4,11,225.79,-218.21,0.0
SKU_39,WH_5,10,0,16.35,4,65.73,-446.27,0.0
SKU_4,WH_1,10,0,24.28,11,268.01,-148.99,0.0
SKU_4,WH_2,10,0,25.54,13,333.33,-272.67,0.0
SKU_4,WH_3,10,0,20.09,7,141.18,-454.82,0.0
SKU_4,WH_4,10,0,25.02,12,300.98,-111.02,0.0
SKU_4,WH_5,10,0,25.45,8,204.19,-433.81,0.0
SKU_40,WH_1,10,0,25.21,2,50.72,-314.28,0.0
SKU_40,WH_2,10,0,19.27,14,270.95,-289.05,0.0
SKU_40,WH_3,10,0,29.82,7,209.21,-177.79,0.0
SKU_40,WH_4,10,0,26.35,5,132.34,-262.66,0.0
SKU_40,WH_5,10,0,34.22,8,274.45,-305.55,0.0
SKU_41,WH_1,10,0,25.75,12,309.85,-53.15,0.0
SKU_41,WH_2,10,0,19.94,14,281.0,-335.0,0.0
SKU_41,WH_3,10,0,22.69,13,295.71,-167.29,0.0
SKU_41,WH_4,10,0,21.56,13,281.21,-271.79,0.0
SKU_41,WH_5,10,0,9.66,4,39.6,-524.4,0.0
SKU_42,WH_1,10,0,16.49,9,149.97,-41.03,0.0
SKU_42,WH_2,10,0,20.72,5,104.55,-631.45,0.0
SKU_42,WH_3,10,0,17.52,12,210.96,-419.04,0.0
SKU_42,WH_4,10,0,26.29,10,263.61,-255.39,0.0
SKU_42,WH_5,10,0,11.45,6,69.66,-246.34,0.0
SKU_43,WH_1,10,0,16.72,12,201.43,-212.57,0.0
SKU_43,WH_2,10,0,22.15,12,266.72,-259.28,0.0
SKU_43,WH_3,10,0,15.66,7,110.22,-274.78,0.0
SKU_43,WH_4,10,0,20.08,7,141.37,-464.64,0.0
SKU_43,WH_5,10,0,18.74,14,263.19,-190.81,0.0
SKU_44,WH_1,10,0,30.62,7,215.03,-210.97,0.0
SKU_44,WH_2,10,0,19.6,2,39.72,-287.28,0.0
SKU_44,WH_3,10,0,19.03,13,249.78,49.78,49.78
SKU_44,WH_4,10,0,19.8,12,239.83,-62.17,0.0
SKU_44,WH_5,10,0,25.23,4,101.53,-465.47,0.0
SKU_45,WH_1,10,0,14.64,8,117.56,-268.44,0.0
SKU_45,WH_2,10,0,31.93,7,224.09,-161.91,0.0
SKU_45,WH_3,10,0,18.66,9,168.76,-409.24,0.0
SKU_45,WH_4,10,0,25.14,3,75.84,-507.16,0.0
SKU_45,WH_5,10,0,12.99,3,39.59,-418.41,0.0
SKU_46,WH_1,10,0,19.16,10,192.72,-340.28,0.0
SKU_46,WH_2,10,0,22.11,7,155.51,-464.49,0.0
SKU_46,WH_3,10,0,19.88,11,219.44,-124.56,0.0
SKU_46,WH_4,10,0,21.02,12,253.46,-342.54,0.0
SKU_46,WH_5,10,0,18.5,2,37.32,-259.68,0.0
SKU_47,WH_1,10,0,20.05,9,181.34,-389.66,0.0
SKU_47,WH_2,10,0,25.24,11,278.4,-178.6,0.0
SKU_47,WH_3,10,0,28.63,10,287.41,-180.59,0.0
SKU_47,WH_4,10,0,22.43,5,113.16,-215.84,0.0
SKU_47,WH_5,10,0,28.57,8,229.38,-365.62,0.0
SKU_48,WH_1,10,0,24.18,2,48.87,-280.13,0.0
SKU_48,WH_2,10,0,13.23,8,106.19,-420.81,0.0
SKU_48,WH_3,10,0,25.42,11,280.2,-379.8,0.0
SKU_48,WH_4,10,0,27.94,12,335.99,-150.01,0.0
SKU_48,WH_5,10,0,25.89,11,285.56,-83.44,0.0
SKU_49,WH_1,10,0,18.84,6,113.94,-485.06,0.0
SKU_49,WH_2,10,0,19.32,6,116.51,-441.49,0.0
SKU_49,WH_3,10,0,31.39,12,378.36,-6.64,0.0
SKU_49,WH_4,10,0,14.71,14,206.63,-215.37,0.0
SKU_49,WH_5,10,0,20.14,4,81.18,-359.82,0.0
SKU_5,WH_1,10,0,21.72,4,87.44,-477.56,0.0
SKU_5,WH_2,10,0,20.64,2,41.82,-251.18,0.0
SKU_5,WH_3,10,0,27.01,11,297.7,-23.31,0.0
SKU_5,WH_4,10,0,20.65,14,291.52,-39.48,0.0
SKU_5,WH_5,10,0,27.12,10,271.72,-39.28,0.0
SKU_50,WH_1,10,0,20.16,10,202.43,-406.57,0.0
SKU_50,WH_2,10,0,26.43,3,79.87,-195.13,0.0
SKU_50,WH_3,10,0,16.27,11,180.41,-188.59,0.0
SKU_50,WH_4,10,0,26.52,14,372.53,136.53,136.53
SKU_50,WH_5,10,0,17.5,7,124.36,-150.64,0.0
SKU_6,WH_1,10,0,22.91,9,207.53,-256.47,0.0
SKU_6,WH_2,10,0,24.39,14,343.3,-108.7,0.0
SKU_6,WH_3,10,0,22.04,10,221.32,-539.68,0.0
SKU_6,WH_4,10,0,25.96,11,286.22,-42.78,0.0
SKU_6,WH_5,10,0,17.76,3,53.64,-455.36,0.0
SKU_7,WH_1,10,0,21.86,3,66.13,-515.87,0.0
SKU_7,WH_2,10,0,21.48,5,108.23,-385.78,0.0
SKU_7,WH_3,10,0,25.88,3,78.28,-578.72,0.0
SKU_7,WH_4,10,0,16.85,4,67.83,-607.17,0.0
SKU_7,WH_5,10,0,27.1,8,217.2,-130.8,0.0
SKU_8,WH_1,10,0,16.37,13,213.61,-238.39,0.0
SKU_8,WH_2,10,0,25.65,10,257.12,-214.88,0.0
SKU_8,WH_3,10,0,36.18,4,145.67,-196.33,0.0
SKU_8,WH_4,10,0,21.38,7,150.3,-447.7,0.0
SKU_8,WH_5,10,0,13.04,5,65.82,-465.18,0.0
SKU_9,WH_1,10,0,18.37,11,203.04,-132.96,0.0
SKU_9,WH_2,10,0,24.61,12,296.63,-100.37,0.0
SKU_9,WH_3,10,0,13.18,14,185.77,-347.23,0.0
SKU_9,WH_4,10,0,21.68,3,65.36,-330.64,0.0
SKU_9,WH_5,10,0,22.35,13,291.68,-224.32,0.0
SKU_1,WH_1,10,2,25.28,16,405.16,-218.84,0.0
SKU_1,WH_2,10,2,15.16,10,152.25,-210.75,0.0
SKU_1,WH_3,10,2,20.74,8,166.95,-268.05,0.0
SKU_1,WH_4,10,2,11.5,11,127.15,-313.86,0.0
SKU_1,WH_5,10,2,32.26,6,194.36,-375.64,0.0
SKU_10,WH_1,10,2,21.03,15,316.75,-186.25,0.0
SKU_10,WH_2,10,2,25.24,12,303.73,-139.27,0.0
SKU_10,WH_3,10,2,15.68,7,110.49,-461.52,0.0
SKU_10,WH_4,10,2,29.34,16,470.43,56.43,56.43
SKU_10,WH_5,10,2,36.33,11,400.93,48.93,48.93
SKU_11,WH_1,10,2,17.19,6,104.15,-653.85,0.0
SKU_11,WH_2,10,2,26.22,6,158.16,-132.84,0.0
SKU_11,WH_3,10,2,16.16,15,243.17,-126.83,0.0
SKU_11,WH_4,10,2,19.46,4,78.49,-506.51,0.0
SKU_11,WH_5,10,2,24.49,5,123.16,-549.84,0.0
SKU_12,WH_1,10,2,32.71,7,230.01,-73.99,0.0
SKU_12,WH_2,10,2,21.11,8,169.76,-439.24,0.0
SKU_12,WH_3,10,2,28.38,8,228.05,-34.95,0.0
SKU_12,WH_4,10,2,24.19,14,339.43,-197.57,0.0
SKU_12,WH_5,10,2,19.59,8,157.44,-213.56,0.0
SKU_13,WH_1,10,2,27.29,11,301.11,-140.89,0.0
SKU_13,WH_2,10,2,15.42,13,201.49,-357.51,0.0
SKU_13,WH_3,10,2,12.78,16,205.46,-305.54,0.0
SKU_13,WH_4,10,2,19.88,12,239.34,-112.66,0.0
SKU_13,WH_5,10,2,22.91,9,206.94,-369.06,0.0
SKU_14,WH_1,10,2,22.12,13,288.53,-168.47,0.0
SKU_14,WH_2,10,2,15.26,16,245.38,-260.62,0.0
SKU_14,WH_3,10,2,25.06,5,125.75,-331.25,0.0
SKU_14,WH_4,10,2,30.65,12,368.72,-145.28,0.0
SKU_14,WH_5,10,2,16.61,8,133.29,-424.71,0.0
SKU_15,WH_1,10,2,19.98,15,300.54,-39.46,0.0
SKU_15,WH_2,10,2,20.11,10,202.04,-288.96,0.0
SKU_15,WH_3,10,2,22.42,9,202.95,-91.05,0.0
SKU_15,WH_4,10,2,22.86,7,160.58,-202.42,0.0
SKU_15,WH_5,10,2,16.56,16,265.56,-204.44,0.0
SKU_16,WH_1,10,2,19.8,16,318.02,-147.98,0.0
SKU_16,WH_2,10,2,25.55,13,333.08,-375.92,0.0
SKU_16,WH_3,10,2,25.39,8,203.84,-202.16,0.0
SKU_16,WH_4,10,2,5.96,6,36.48,-573.52,0.0
SKU_16,WH_5,10,2,18.78,4,75.58,-357.42,0.0
SKU_17,WH_1,10,2,13.2,12,159.1,-340.9,0.0
SKU_17,WH_2,10,2,19.9,15,299.84,-205.16,0.0
SKU_17,WH_3,10,2,31.98,5,160.38,-413.62,0.0
SKU_17,WH_4,10,2,17.2,7,120.98,-241.02,0.0
SKU_17,WH_5,10,2,21.97,10,220.67,-113.33,0.0
SKU_18,WH_1,10,2,30.72,4,123.29,-283.71,0.0
SKU_18,WH_2,10,2,25.15,12,302.69,30.69,30.69
SKU_18,WH_3,10,2,21.23,11,235.09,-206.91,0.0
SKU_18,WH_4,10,2,18.84,8,151.57,-187.43,0.0
SKU_18,WH_5,10,2,26.51,15,398.45,-367.55,0.0
SKU_19,WH_1,10,2,21.4,10,214.88,-131.12,0.0
SKU_19,WH_2,10,2,20.53,10,206.37,-263.63,0.0
SKU_19,WH_3,10,2,23.09,6,139.25,-138.75,0.0
SKU_19,WH_4,10,2,30.91,6,186.22,-156.78,0.0
SKU_19,WH_5,10,2,17.85,9,161.35,-442.65,0.0
SKU_2,WH_1,10,2,27.57,15,415.22,144.22,144.22
SKU_2,WH_2,10,2,19.21,10,192.77,-304.23,0.0
SKU_2,WH_3,10,2,22.83,12,275.42,-23.58,0.0
SKU_2,WH_4,10,2,15.39,8,123.64,-265.36,0.0
SKU_2,WH_5,10,2,31.75,16,508.64,18.64,18.64
SKU_20,WH_1,10,2,23.03,11,254.12,-197.88,0.0
SKU_20,WH_2,10,2,25.96,11,286.56,-257.44,0.0
SKU_20,WH_3,10,2,26.09,5,130.75,-302.25,0.0
SKU_20,WH_4,10,2,18.76,4,75.37,-268.63,0.0
SKU_20,WH_5,10,2,22.08,4,88.72,-358.28,0.0
SKU_21,WH_1,10,2,24.61,13,321.24,-17.76,0.0
SKU_21,WH_2,10,2,19.83,9,179.12,-192.88,0.0
SKU_21,WH_3,10,2,14.44,12,174.5,-103.5,0.0
SKU_21,WH_4,10,2,24.62,10,247.42,-230.58,0.0
SKU_21,WH_5,10,2,21.98,10,220.55,-101.45,0.0
SKU_22,WH_1,10,2,22.9,6,138.03,-337.97,0.0
SKU_22,WH_2,10,2,19.8,9,178.77,-357.23,0.0
SKU_22,WH_3,10,2,19.72,6,119.24,-310.76,0.0
SKU_22,WH_4,10,2,23.21,13,302.96,-308.04,0.0
SKU_22,WH_5,10,2,18.02,6,108.46,-485.54,0.0
SKU_23,WH_1,10,2,27.92,10,279.87,8.87,8.87
SKU_23,WH_2,10,2,15.55,14,218.61,-194.39,0.0
SKU_23,WH_3,10,2,15.09,7,106.24,-269.76,0.0
SKU_23,WH_4,10,2,14.39,16,231.25,-164.75,0.0
SKU_23,WH_5,10,2,23.28,5,117.13,-484.87,0.0
SKU_24,WH_1,10,2,29.26,4,117.5,-182.5,0.0
SKU_24,WH_2,10,2,24.64,7,173.13,-203.87,0.0
SKU_24,WH_3,10,2,21.87,12,263.63,-161.37,0.0
SKU_24,WH_4,10,2,16.09,15,242.03,-78.97,0.0
SKU_24,WH_5,10,2,24.39,9,220.06,-302.94,0.0
SKU_25,WH_1,10,2,27.34,7,191.82,-403.18,0.0
SKU_25,WH_2,10,2,16.98,5,85.63,-715.37,0.0
SKU_25,WH_3,10,2,29.25,9,264.06,12.06,12.06
SKU_25,WH_4,10,2,20.8,11,229.73,-145.27,0.0
SKU_25,WH_5,10,2,21.98,9,198.52,-174.48,0.0
SKU_26,WH_1,10,2,14.98,4,60.45,-422.55,0.0
SKU_26,WH_2,10,2,28.56,7,200.48,-233.52,0.0
SKU_26,WH_3,10,2,17.29,16,279.63,-228.37,0.0
SKU_26,WH_4,10,2,28.48,16,457.76,-51.24,0.0
SKU_26,WH_5,10,2,36.11,6,217.71,-181.29,0.0
SKU_27,WH_1,10,2,24.09,4,96.77,-576.23,0.0
SKU_27,WH_2,10,2,17.75,6,106.86,-357.14,0.0
SKU_27,WH_3,10,2,45.44,5,228.53,-339.48,0.0
SKU_27,WH_4,10,2,28.06,16,450.14,135.14,135.14
SKU_27,WH_5,10,2,14.12,4,56.82,-410.18,0.0
SKU_28,WH_1,10,2,21.4,12,258.52,-386.48,0.0
SKU_28,WH_2,10,2,16.38,4,65.82,-481.18,0.0
SKU_28,WH_3,10,2,24.05,12,289.42,-285.58,0.0
SKU_28,WH_4,10,2,18.69,5,93.92,-520.08,0.0
SKU_28,WH_5,10,2,20.98,14,295.03,-173.97,0.0
SKU_29,WH_1,10,2,24.2,7,170.47,-156.53,0.0
SKU_29,WH_2,10,2,38.31,16,614.43,212.43,212.43
SKU_29,WH_3,10,2,28.7,5,144.65,-360.36,0.0
SKU_29,WH_4,10,2,22.95,16,368.3,-201.7,0.0
SKU_29,WH_5,10,2,34.0,13,443.36,-30.64,0.0
SKU_3,WH_1,10,2,24.0,16,384.93,17.93,17.93
SKU_3,WH_2,10,2,14.1,15,212.09,-206.91,0.0
SKU_3,WH_3,10,2,23.17,11,256.0,-19.0,0.0
SKU_3,WH_4,10,2,22.12,12,266.6,-313.4,0.0
SKU_3,WH_5,10,2,29.6,9,267.01,-159.99,0.0
SKU_30,WH_1,10,2,25.31,5,126.86,-409.14,0.0
SKU_30,WH_2,10,2,20.91,14,293.97,-41.03,0.0
SKU_30,WH_3,10,2,17.44,6,104.84,-470.16,0.0
SKU_30,WH_4,10,2,12.67,9,114.86,-253.14,0.0
SKU_30,WH_5,10,2,24.22,4,97.19,-296.81,0.0
SKU_31,WH_1,10,2,22.34,10,224.58,-74.42,0.0
SKU_31,WH_2,10,2,30.81,4,124.41,-568.59,0.0
SKU_31,WH_3,10,2,15.49,14,218.13,-250.87,0.0
SKU_31,WH_4,10,2,19.95,5,100.46,-420.54,0.0
SKU_31,WH_5,10,2,26.8,6,161.51,-253.49,0.0
SKU_32,WH_1,10,2,24.4,8,195.74,-427.26,0.0
SKU_32,WH_2,10,2,28.39,4,113.92,-381.08,0.0
SKU_32,WH_3,10,2,23.41,8,188.05,-74.95,0.0
SKU_32,WH_4,10,2,18.85,4,75.78,-479.22,0.0
SKU_32,WH_5,10,2,14.31,11,158.05,-243.95,0.0
SKU_33,WH_1,10,2,22.85,11,252.4,-104.6,0.0
SKU_33,WH_2,10,2,19.84,9,179.41,-557.59,0.0
SKU_33,WH_3,10,2,14.87,15,224.14,-289.86,0.0
SKU_33,WH_4,10,2,21.81,5,109.5,-431.5,0.0
SKU_33,WH_5,10,2,17.49,9,158.16,-99.84,0.0
SKU_34,WH_1,10,2,22.07,6,133.08,-346.92,0.0
SKU_34,WH_2,10,2,14.94,7,105.28,-169.72,0.0
SKU_34,WH_3,10,2,17.44,15,262.32,-377.68,0.0
SKU_34,WH_4,10,2,15.06,4,60.93,-218.07,0.0
SKU_34,WH_5,10,2,23.04,6,139.02,-219.98,0.0
SKU_35,WH_1,10,2,20.67,13,270.4,-119.6,0.0
SKU_35,WH_2,10,2,14.92,14,209.4,-403.6,0.0
SKU_35,WH_3,10,2,19.76,9,178.49,-151.51,0.0
SKU_35,WH_4,10,2,21.86,4,88.07,-142.93,0.0
SKU_35,WH_5,10,2,7.57,4,30.95,-351.05,0.0
SKU_36,WH_1,10,2,31.48,14,441.58,55.58,55.58
SKU_36,WH_2,10,2,18.71,12,225.72,-236.28,0.0
SKU_36,WH_3,10,2,22.15,14,311.06,-1.94,0.0
SKU_36,WH_4,10,2,23.86,13,310.74,-58.26,0.0
SKU_36,WH_5,10,2,18.83,14,264.57,-252.43,0.0
SKU_37,WH_1,10,2,26.07,5,130.79,-201.21,0.0
SKU_37,WH_2,10,2,21.53,16,345.62,-28.38,0.0
SKU_37,WH_3,10,2,37.68,5,188.86,-198.14,0.0
SKU_37,WH_4,10,2,27.19,15,408.95,-17.05,0.0
SKU_37,WH_5,10,2,18.05,5,91.21,-142.79,0.0
SKU_38,WH_1,10,2,25.2,10,252.77,-118.23,0.0
SKU_38,WH_2,10,2,17.39,16,279.17,-230.83,0.0
SKU_38,WH_3,10,2,21.19,10,212.92,-256.08,0.0
SKU_38,WH_4,10,2,14.81,15,222.81,-155.19,0.0
SKU_38,WH_5,10,2,26.37,15,396.64,-78.37,0.0
SKU_39,WH_1,10,2,24.21,12,291.45,-96.55,0.0
SKU_39,WH_2,10,2,17.66,10,177.57,-506.43,0.0
SKU_39,WH_3,10,2,31.27,6,188.03,-398.97,0.0
SKU_39,WH_4,10,2,20.4,13,266.59,-177.41,0.0
SKU_39,WH_5,10,2,16.35,6,98.43,-413.57,0.0
SKU_4,WH_1,10,2,24.28,13,316.56,-100.44,0.0
SKU_4,WH_2,10,2,25.54,15,384.41,-221.59,0.0
SKU_4,WH_3,10,2,20.09,9,181.35,-414.65,0.0
SKU_4,WH_4,10,2,25.02,14,351.03,-60.97,0.0
SKU_4,WH_5,10,2,25.45,10,255.1,-382.9,0.0
SKU_40,WH_1,10,2,25.21,4,101.15,-263.85,0.0
SKU_40,WH_2,10,2,19.27,16,309.49,-250.51,0.0
SKU_40,WH_3,10,2,29.82,9,268.85,-118.15,0.0
SKU_40,WH_4,10,2,26.35,7,185.03,-209.97,0.0
SKU_40,WH_5,10,2,34.22,10,342.89,-237.11,0.0
SKU_41,WH_1,10,2,25.75,14,361.35,-1.65,0.0
SKU_41,WH_2,10,2,19.94,16,320.89,-295.11,0.0
SKU_41,WH_3,10,2,22.69,15,341.1,-121.9,0.0
SKU_41,WH_4,10,2,21.56,15,324.33,-228.67,0.0
SKU_41,WH_5,10,2,9.66,6,58.92,-505.08,0.0
SKU_42,WH_1,10,2,16.49,11,182.95,-8.05,0.0
SKU_42,WH_2,10,2,20.72,7,146.0,-590.0,0.0
SKU_42,WH_3,10,2,17.52,14,246.0,-384.0,0.0
SKU_42,WH_4,10,2,26.29,12,316.19,-202.81,0.0
SKU_42,WH_5,10,2,11.45,8,92.56,-223.44,0.0
SKU_43,WH_1,10,2,16.72,14,234.87,-179.13,0.0
SKU_43,WH_2,10,2,22.15,14,311.03,-214.97,0.0
SKU_43,WH_3,10,2,15.66,9,141.55,-243.45,0.0
SKU_43,WH_4,10,2,20.08,9,181.52,-424.48,0.0
SKU_43,WH_5,10,2,18.74,16,300.67,-153.33,0.0
SKU_44,WH_1,10,2,30.62,9,276.28,-149.72,0.0
SKU_44,WH_2,10,2,19.6,4,78.93,-248.07,0.0
SKU_44,WH_3,10,2,19.03,15,287.84,87.84,87.84
SKU_44,WH_4,10,2,19.8,14,279.43,-22.57,0.0
SKU_44,WH_5,10,2,25.23,6,151.99,-415.01,0.0
SKU_45,WH_1,10,2,14.64,10,146.84,-239.16,0.0
SKU_45,WH_2,10,2,31.93,9,287.96,-98.04,0.0
SKU_45,WH_3,10,2,18.66,11,206.08,-371.92,0.0
SKU_45,WH_4,10,2,25.14,5,126.11,-456.9,0.0
SKU_45,WH_5,10,2,12.99,5,65.58,-392.42,0.0
SKU_46,WH_1,10,2,19.16,12,231.04,-301.96,0.0
SKU_46,WH_2,10,2,22.11,9,199.73,-420.27,0.0
SKU_46,WH_3,10,2,19.88,13,259.19,-84.81,0.0
SKU_46,WH_4,10,2,21.02,14,295.5,-300.5,0.0
SKU_46,WH_5,10,2,18.5,4,74.33,-222.67,0.0
SKU_47,WH_1,10,2,20.05,11,221.44,-349.56,0.0
SKU_47,WH_2,10,2,25.24,13,328.9,-128.11,0.0
SKU_47,WH_3,10,2,28.63,12,344.68,-123.32,0.0
SKU_47,WH_4,10,2,22.43,7,158.01,-170.99,0.0
SKU_47,WH_5,10,2,28.57,10,286.51,-308.49,0.0
SKU_48,WH_1,10,2,24.18,4,97.22,-231.78,0.0
SKU_48,WH_2,10,2,13.23,10,132.66,-394.34,0.0
SKU_48,WH_3,10,2,25.42,13,331.04,-328.96,0.0
SKU_48,WH_4,10,2,27.94,14,391.87,-94.13,0.0
SKU_48,WH_5,10,2,25.89,13,337.35,-31.65,0.0
SKU_49,WH_1,10,2,18.84,8,151.62,-447.38,0.0
SKU_49,WH_2,10,2,19.32,8,155.14,-402.86,0.0
SKU_49,WH_3,10,2,31.39,14,441.15,56.15,56.15
SKU_49,WH_4,10,2,14.71,16,236.04,-185.96,0.0
SKU_49,WH_5,10,2,20.14,6,121.47,-319.53,0.0
SKU_5,WH_1,10,2,21.72,6,130.89,-434.11,0.0
SKU_5,WH_2,10,2,20.64,4,83.09,-209.91,0.0
SKU_5,WH_3,10,2,27.01,13,351.71,30.71,30.71
SKU_5,WH_4,10,2,20.65,16,332.81,1.81,1.81
SKU_5,WH_5,10,2,27.12,12,325.95,14.95,14.95
SKU_50,WH_1,10,2,20.16,12,242.76,-366.24,0.0
SKU_50,WH_2,10,2,26.43,5,132.74,-142.26,0.0
SKU_50,WH_3,10,2,16.27,13,212.95,-156.05,0.0
SKU_50,WH_4,10,2,26.52,16,425.58,189.58,189.58
SKU_50,WH_5,10,2,17.5,9,159.36,-115.64,0.0
SKU_6,WH_1,10,2,22.91,11,253.35,-210.65,0.0
SKU_6,WH_2,10,2,24.39,16,392.07,-59.93,0.0
SKU_6,WH_3,10,2,22.04,12,265.41,-495.59,0.0
SKU_6,WH_4,10,2,25.96,13,338.14,9.14,9.14
SKU_6,WH_5,10,2,17.76,5,89.18,-419.82,0.0
SKU_7,WH_1,10,2,21.86,5,109.85,-472.16,0.0
SKU_7,WH_2,10,2,21.48,7,151.19,-342.81,0.0
SKU_7,WH_3,10,2,25.88,5,130.05,-526.95,0.0
SKU_7,WH_4,10,2,16.85,6,101.53,-573.47,0.0
SKU_7,WH_5,10,2,27.1,10,271.41,-76.59,0.0
SKU_8,WH_1,10,2,16.37,15,246.35,-205.65,0.0
SKU_8,WH_2,10,2,25.65,12,308.42,-163.58,0.0
SKU_8,WH_3,10,2,36.18,6,218.02,-123.98,0.0
SKU_8,WH_4,10,2,21.38,9,193.07,-404.93,0.0
SKU_8,WH_5,10,2,13.04,7,91.88,-439.12,0.0
SKU_9,WH_1,10,2,18.37,13,239.78,-96.22,0.0
SKU_9,WH_2,10,2,24.61,14,345.85,-51.15,0.0
SKU_9,WH_3,10,2,13.18,16,212.13,-320.87,0.0
SKU_9,WH_4,10,2,21.68,5,108.72,-287.27,0.0
SKU_9,WH_5,10,2,22.35,15,336.38,-179.62,0.0
SKU_1,WH_1,20,-2,27.58,12,331.62,-292.38,0.0
SKU_1,WH_2,20,-2,16.54,6,99.89,-263.11,0.0
SKU_1,WH_3,20,-2,22.62,4,91.55,-343.45,0.0
SKU_1,WH_4,20,-2,12.54,7,88.48,-352.52,0.0
SKU_1,WH_5,20,-2,35.2,2,71.17,-498.83,0.0
SKU_10,WH_1,20,-2,22.94,11,253.65,-249.35,0.0
SKU_10,WH_2,20,-2,27.54,8,221.11,-221.89,0.0
SKU_10,WH_3,20,-2,17.1,3,52.06,-519.94,0.0
SKU_10,WH_4,20,-2,32.0,12,385.09,-28.91,0.0
SKU_10,WH_5,20,-2,39.64,7,278.72,-73.28,0.0
SKU_11,WH_1,20,-2,18.76,2,38.5,-719.5,0.0
SKU_11,WH_2,20,-2,28.61,2,58.04,-232.96,0.0
SKU_11,WH_3,20,-2,17.63,11,194.69,-175.31,0.0
SKU_11,WH_4,20,-2,21.23,1,21.88,-563.12,0.0
SKU_11,WH_5,20,-2,26.71,1,27.44,-645.56,0.0
SKU_12,WH_1,20,-2,35.69,3,108.07,-195.93,0.0
SKU_12,WH_2,20,-2,23.03,4,93.0,-516.0,0.0
SKU_12,WH_3,20,-2,30.96,4,124.85,-138.15,0.0
SKU_12,WH_4,20,-2,26.39,10,264.66,-272.34,0.0
SKU_12,WH_5,20,-2,21.37,4,86.2,-284.8,0.0
SKU_13,WH_1,20,-2,29.77,7,209.31,-232.69,0.0
SKU_13,WH_2,20,-2,16.82,9,152.42,-406.58,0.0
SKU_13,WH_3,20,-2,13.94,12,168.28,-342.72,0.0
SKU_13,WH_4,20,-2,21.68,8,174.29,-177.71,0.0
SKU_13,WH_5,20,-2,25.0,5,125.7,-450.3,0.0
SKU_14,WH_1,20,-2,24.13,9,218.15,-238.85,0.0
SKU_14,WH_2,20,-2,16.64,12,201.0,-305.0,0.0
SKU_14,WH_3,20,-2,27.34,1,27.8,-429.2,0.0
SKU_14,WH_4,20,-2,33.43,8,268.43,-245.57,0.0
SKU_14,WH_5,20,-2,18.12,4,72.89,-485.11,0.0
SKU_15,WH_1,20,-2,21.79,11,240.61,-99.39,0.0
SKU_15,WH_2,20,-2,21.94,6,132.58,-358.42,0.0
SKU_15,WH_3,20,-2,24.46,5,123.47,-170.53,0.0
SKU_15,WH_4,20,-2,24.94,3,75.38,-287.62,0.0
SKU_15,WH_5,20,-2,18.06,12,217.4,-252.6,0.0
SKU_16,WH_1,20,-2,21.6,12,260.42,-205.58,0.0
SKU_16,WH_2,20,-2,27.88,9,251.77,-457.23,0.0
SKU_16,WH_3,20,-2,27.7,4,111.52,-294.48,0.0
SKU_16,WH_4,20,-2,6.5,2,13.72,-596.28,0.0
SKU_16,WH_5,20,-2,20.48,1,20.95,-412.05,0.0
SKU_17,WH_1,20,-2,14.4,8,115.9,-384.1,0.0
SKU_17,WH_2,20,-2,21.71,11,240.14,-264.86,0.0
SKU_17,WH_3,20,-2,34.88,1,35.37,-538.63,0.0
SKU_17,WH_4,20,-2,18.77,3,56.85,-305.15,0.0
SKU_17,WH_5,20,-2,23.96,6,144.78,-189.22,0.0
SKU_18,WH_1,20,-2,33.52,1,33.92,-373.08,0.0
SKU_18,WH_2,20,-2,27.43,8,220.4,-51.6,0.0
SKU_18,WH_3,20,-2,23.16,7,163.68,-278.32,0.0
SKU_18,WH_4,20,-2,20.56,4,83.05,-255.95,0.0
SKU_18,WH_5,20,-2,28.92,11,318.92,-447.08,0.0
SKU_19,WH_1,20,-2,23.34,6,140.97,-205.03,0.0
SKU_19,WH_2,20,-2,22.39,6,135.46,-334.54,0.0
SKU_19,WH_3,20,-2,25.19,2,51.1,-226.9,0.0
SKU_19,WH_4,20,-2,33.72,2,68.2,-274.8,0.0
SKU_19,WH_5,20,-2,19.48,5,98.05,-505.95,0.0
SKU_2,WH_1,20,-2,30.07,11,332.52,61.52,61.52
SKU_2,WH_2,20,-2,20.95,6,126.42,-370.58,0.0
SKU_2,WH_3,20,-2,24.9,8,200.72,-98.28,0.0
SKU_2,WH_4,20,-2,16.79,4,67.68,-321.32,0.0
SKU_2,WH_5,20,-2,34.63,12,416.28,-73.72,0.0
SKU_20,WH_1,20,-2,25.13,7,176.65,-275.35,0.0
SKU_20,WH_2,20,-2,28.32,7,199.24,-344.76,0.0
SKU_20,WH_3,20,-2,28.46,1,28.75,-404.25,0.0
SKU_20,WH_4,20,-2,20.46,1,20.81,-323.19,0.0
SKU_20,WH_5,20,-2,24.08,1,24.49,-422.51,0.0
SKU_21,WH_1,20,-2,26.84,9,242.95,-96.05,0.0
SKU_21,WH_2,20,-2,21.64,5,108.8,-263.2,0.0
SKU_21,WH_3,20,-2,15.76,8,127.23,-150.77,0.0
SKU_21,WH_4,20,-2,26.86,6,162.38,-315.62,0.0
SKU_21,WH_5,20,-2,23.98,6,144.63,-177.37,0.0
SKU_22,WH_1,20,-2,24.98,2,50.59,-425.41,0.0
SKU_22,WH_2,20,-2,21.6,5,108.57,-427.43,0.0
SKU_22,WH_3,20,-2,21.52,2,43.93,-386.07,0.0
SKU_22,WH_4,20,-2,25.32,9,229.11,-381.89,0.0
SKU_22,WH_5,20,-2,19.66,2,39.66,-554.34,0.0
SKU_23,WH_1,20,-2,30.46,6,183.43,-87.57,0.0
SKU_23,WH_2,20,-2,16.97,10,170.53,-242.47,0.0
SKU_23,WH_3,20,-2,16.46,3,49.99,-326.01,0.0
SKU_23,WH_4,20,-2,15.7,12,189.39,-206.61,0.0
SKU_23,WH_5,20,-2,25.39,1,26.14,-575.86,0.0
SKU_24,WH_1,20,-2,31.92,1,32.38,-267.62,0.0
SKU_24,WH_2,20,-2,26.88,3,81.29,-295.71,0.0
SKU_24,WH_3,20,-2,23.86,8,192.06,-232.94,0.0
SKU_24,WH_4,20,-2,17.56,11,193.75,-127.25,0.0
SKU_24,WH_5,20,-2,26.6,5,133.6,-389.4,0.0
SKU_25,WH_1,20,-2,29.82,3,89.93,-505.07,0.0
SKU_25,WH_2,20,-2,18.53,1,19.24,-781.76,0.0
SKU_25,WH_3,20,-2,31.91,5,160.36,-91.64,0.0
SKU_25,WH_4,20,-2,22.69,7,159.76,-215.24,0.0
SKU_25,WH_5,20,-2,23.98,5,120.6,-252.4,0.0
SKU_26,WH_1,20,-2,16.34,1,16.86,-466.14,0.0
SKU_26,WH_2,20,-2,31.15,3,94.05,-339.95,0.0
SKU_26,WH_3,20,-2,18.86,12,229.33,-278.67,0.0
SKU_26,WH_4,20,-2,31.07,12,374.92,-134.08,0.0
SKU_26,WH_5,20,-2,39.4,2,79.82,-319.18,0.0
SKU_27,WH_1,20,-2,26.28,1,26.69,-646.31,0.0
SKU_27,WH_2,20,-2,19.37,2,39.08,-424.92,0.0
SKU_27,WH_3,20,-2,49.57,1,50.89,-517.11,0.0
SKU_27,WH_4,20,-2,30.61,12,368.5,53.5,53.5
SKU_27,WH_5,20,-2,15.41,1,15.73,-451.27,0.0
SKU_28,WH_1,20,-2,23.34,8,188.5,-456.5,0.0
SKU_28,WH_2,20,-2,17.87,1,18.17,-528.83,0.0
SKU_28,WH_3,20,-2,26.23,8,210.73,-364.27,0.0
SKU_28,WH_4,20,-2,20.39,1,20.86,-593.14,0.0
SKU_28,WH_5,20,-2,22.88,10,230.19,-238.81,0.0
SKU_29,WH_1,20,-2,26.4,3,80.27,-246.73,0.0
SKU_29,WH_2,20,-2,41.8,12,502.97,100.97,100.97
SKU_29,WH_3,20,-2,31.31,1,32.46,-472.54,0.0
SKU_29,WH_4,20,-2,25.03,12,301.54,-268.46,0.0
SKU_29,WH_5,20,-2,37.09,9,335.18,-138.82,0.0
SKU_3,WH_1,20,-2,26.18,12,315.11,-51.89,0.0
SKU_3,WH_2,20,-2,15.38,11,169.78,-249.22,0.0
SKU_3,WH_3,20,-2,25.27,7,178.07,-96.93,0.0
SKU_3,WH_4,20,-2,24.13,8,194.21,-385.79,0.0
SKU_3,WH_5,20,-2,32.29,5,162.06,-264.94,0.0
SKU_30,WH_1,20,-2,27.61,1,27.91,-508.09,0.0
SKU_30,WH_2,20,-2,22.81,10,229.34,-105.66,0.0
SKU_30,WH_3,20,-2,19.02,2,38.27,-536.73,0.0
SKU_30,WH_4,20,-2,13.82,5,69.93,-298.07,0.0
SKU_30,WH_5,20,-2,26.42,1,26.72,-367.28,0.0
SKU_31,WH_1,20,-2,24.37,6,147.4,-151.6,0.0
SKU_31,WH_2,20,-2,33.61,1,34.78,-658.22,0.0
SKU_31,WH_3,20,-2,16.9,10,170.26,-298.74,0.0
SKU_31,WH_4,20,-2,21.77,1,22.46,-498.54,0.0
SKU_31,WH_5,20,-2,29.23,2,59.19,-355.81,0.0
SKU_32,WH_1,20,-2,26.62,4,107.02,-515.98,0.0
SKU_32,WH_2,20,-2,30.97,1,31.33,-463.67,0.0
SKU_32,WH_3,20,-2,25.54,4,102.93,-160.07,0.0
SKU_32,WH_4,20,-2,20.57,1,20.93,-534.07,0.0
SKU_32,WH_5,20,-2,15.61,7,109.91,-292.09,0.0
SKU_33,WH_1,20,-2,24.92,7,175.55,-181.45,0.0
SKU_33,WH_2,20,-2,21.65,5,109.05,-627.95,0.0
SKU_33,WH_3,20,-2,16.22,11,179.52,-334.48,0.0
SKU_33,WH_4,20,-2,23.8,1,24.24,-516.76,0.0
SKU_33,WH_5,20,-2,19.08,5,96.15,-161.85,0.0
SKU_34,WH_1,20,-2,24.07,2,48.82,-431.18,0.0
SKU_34,WH_2,20,-2,16.3,3,49.6,-225.4,0.0
SKU_34,WH_3,20,-2,19.02,11,210.01,-429.99,0.0
SKU_34,WH_4,20,-2,16.43,1,17.12,-261.88,0.0
SKU_34,WH_5,20,-2,25.14,2,51.03,-307.97,0.0
SKU_35,WH_1,20,-2,22.55,9,204.63,-185.37,0.0
SKU_35,WH_2,20,-2,16.27,10,163.3,-449.7,0.0
SKU_35,WH_3,20,-2,21.55,5,108.45,-221.55,0.0
SKU_35,WH_4,20,-2,23.84,1,24.48,-206.52,0.0
SKU_35,WH_5,20,-2,8.26,1,8.94,-373.06,0.0
SKU_36,WH_1,20,-2,34.34,10,344.27,-41.73,0.0
SKU_36,WH_2,20,-2,20.41,8,164.49,-297.51,0.0
SKU_36,WH_3,20,-2,24.17,10,242.58,-70.42,0.0
SKU_36,WH_4,20,-2,26.03,9,234.82,-134.18,0.0
SKU_36,WH_5,20,-2,20.54,10,206.36,-310.64,0.0
SKU_37,WH_1,20,-2,28.44,1,28.88,-303.12,0.0
SKU_37,WH_2,20,-2,23.48,12,283.0,-91.0,0.0
SKU_37,WH_3,20,-2,41.1,1,41.58,-345.42,0.0
SKU_37,WH_4,20,-2,29.66,11,327.37,-98.63,0.0
SKU_37,WH_5,20,-2,19.69,1,20.64,-213.36,0.0
SKU_38,WH_1,20,-2,27.49,6,165.71,-205.29,0.0
SKU_38,WH_2,20,-2,18.97,12,228.57,-281.43,0.0
SKU_38,WH_3,20,-2,23.11,6,139.73,-329.27,0.0
SKU_38,WH_4,20,-2,16.15,11,178.39,-199.61,0.0
SKU_38,WH_5,20,-2,28.76,11,317.53,-157.47,0.0
SKU_39,WH_1,20,-2,26.41,8,212.22,-175.78,0.0
SKU_39,WH_2,20,-2,19.26,6,116.58,-567.42,0.0
SKU_39,WH_3,20,-2,34.12,2,68.62,-518.38,0.0
SKU_39,WH_4,20,-2,22.26,9,201.67,-242.33,0.0
SKU_39,WH_5,20,-2,17.83,2,36.01,-475.99,0.0
SKU_4,WH_1,20,-2,26.48,9,239.32,-177.68,0.0
SKU_4,WH_2,20,-2,27.86,11,307.78,-298.22,0.0
SKU_4,WH_3,20,-2,21.91,5,110.14,-485.86,0.0
SKU_4,WH_4,20,-2,27.3,10,273.68,-138.32,0.0
SKU_4,WH_5,20,-2,27.77,6,167.17,-470.83,0.0
SKU_40,WH_1,20,-2,27.5,1,27.8,-337.2,0.0
SKU_40,WH_2,20,-2,21.02,12,253.43,-306.57,0.0
SKU_40,WH_3,20,-2,32.53,5,163.12,-223.88,0.0
SKU_40,WH_4,20,-2,28.74,3,86.83,-308.17,0.0
SKU_40,WH_5,20,-2,37.33,6,224.67,-355.33,0.0
SKU_41,WH_1,20,-2,28.09,10,281.76,-81.24,0.0
SKU_41,WH_2,20,-2,21.76,12,262.87,-353.13,0.0
SKU_41,WH_3,20,-2,24.76,11,273.02,-189.98,0.0
SKU_41,WH_4,20,-2,23.52,11,259.65,-293.35,0.0
SKU_41,WH_5,20,-2,10.54,2,22.04,-541.96,0.0
SKU_42,WH_1,20,-2,17.99,7,127.49,-63.51,0.0
SKU_42,WH_2,20,-2,22.61,3,68.75,-667.25,0.0
SKU_42,WH_3,20,-2,19.12,10,191.84,-438.16,0.0
SKU_42,WH_4,20,-2,28.68,8,230.15,-288.85,0.0
SKU_42,WH_5,20,-2,12.49,4,50.92,-265.08,0.0
SKU_43,WH_1,20,-2,18.24,10,183.19,-230.81,0.0
SKU_43,WH_2,20,-2,24.17,10,242.55,-283.45,0.0
SKU_43,WH_3,20,-2,17.09,5,86.01,-298.99,0.0
SKU_43,WH_4,20,-2,21.9,5,110.34,-495.66,0.0
SKU_43,WH_5,20,-2,20.45,12,246.15,-207.85,0.0
SKU_44,WH_1,20,-2,33.41,5,167.7,-258.3,0.0
SKU_44,WH_2,20,-2,21.38,1,21.9,-305.1,0.0
SKU_44,WH_3,20,-2,20.76,11,230.75,30.75,30.75
SKU_44,WH_4,20,-2,21.6,10,218.23,-83.77,0.0
SKU_44,WH_5,20,-2,27.53,2,55.65,-511.35,0.0
SKU_45,WH_1,20,-2,15.97,6,96.26,-289.74,0.0
SKU_45,WH_2,20,-2,34.84,5,174.74,-211.26,0.0
SKU_45,WH_3,20,-2,20.35,7,143.32,-434.68,0.0
SKU_45,WH_4,20,-2,27.42,1,27.85,-555.15,0.0
SKU_45,WH_5,20,-2,14.17,1,14.79,-443.21,0.0
SKU_46,WH_1,20,-2,20.9,8,168.33,-364.67,0.0
SKU_46,WH_2,20,-2,24.12,5,121.34,-498.66,0.0
SKU_46,WH_3,20,-2,21.68,9,195.95,-148.05,0.0
SKU_46,WH_4,20,-2,22.93,10,230.53,-365.47,0.0
SKU_46,WH_5,20,-2,20.18,1,20.5,-276.5,0.0
SKU_47,WH_1,20,-2,21.88,7,153.99,-417.01,0.0
SKU_47,WH_2,20,-2,27.54,9,248.57,-208.43,0.0
SKU_47,WH_3,20,-2,31.24,8,250.97,-217.03,0.0
SKU_47,WH_4,20,-2,24.47,3,74.41,-254.59,0.0
SKU_47,WH_5,20,-2,31.16,6,187.82,-407.18,0.0
SKU_48,WH_1,20,-2,26.38,1,26.89,-302.11,0.0
SKU_48,WH_2,20,-2,14.44,6,86.95,-440.05,0.0
SKU_48,WH_3,20,-2,27.73,9,250.16,-409.84,0.0
SKU_48,WH_4,20,-2,30.48,10,305.51,-180.49,0.0
SKU_48,WH_5,20,-2,28.25,9,254.96,-114.04,0.0
SKU_49,WH_1,20,-2,20.56,4,83.1,-515.9,0.0
SKU_49,WH_2,20,-2,21.07,4,84.9,-473.1,0.0
SKU_49,WH_3,20,-2,34.25,10,344.11,-40.89,0.0
SKU_49,WH_4,20,-2,16.04,12,193.26,-228.74,0.0
SKU_49,WH_5,20,-2,21.97,2,44.56,-396.44,0.0
SKU_5,WH_1,20,-2,23.7,2,47.94,-517.06,0.0
SKU_5,WH_2,20,-2,22.51,1,23.06,-269.94,0.0
SKU_5,WH_3,20,-2,29.46,9,265.78,-55.22,0.0
SKU_5,WH_4,20,-2,22.52,12,272.75,-58.25,0.0
SKU_5,WH_5,20,-2,29.58,8,237.21,-73.79,0.0
SKU_50,WH_1,20,-2,22.0,8,176.77,-432.23,0.0
SKU_50,WH_2,20,-2,28.84,1,29.41,-245.59,0.0
SKU_50,WH_3,20,-2,17.75,9,161.18,-207.82,0.0
SKU_50,WH_4,20,-2,28.93,12,348.42,112.42,112.42
SKU_50,WH_5,20,-2,19.09,5,97.31,-177.69,0.0
SKU_6,WH_1,20,-2,25.0,7,176.28,-287.72,0.0
SKU_6,WH_2,20,-2,26.6,12,321.13,-130.87,0.0
SKU_6,WH_3,20,-2,24.05,8,193.26,-567.74,0.0
SKU_6,WH_4,20,-2,28.32,9,255.54,-73.46,0.0
SKU_6,WH_5,20,-2,19.38,1,19.73,-489.27,0.0
SKU_7,WH_1,20,-2,23.84,1,24.4,-557.6,0.0
SKU_7,WH_2,20,-2,23.44,3,71.12,-422.88,0.0
SKU_7,WH_3,20,-2,28.24,1,28.87,-628.13,0.0
SKU_7,WH_4,20,-2,18.38,2,37.19,-637.81,0.0
SKU_7,WH_5,20,-2,29.57,6,177.78,-170.22,0.0
SKU_8,WH_1,20,-2,17.86,11,197.25,-254.75,0.0
SKU_8,WH_2,20,-2,27.98,8,224.47,-247.53,0.0
SKU_8,WH_3,20,-2,39.47,2,79.89,-262.11,0.0
SKU_8,WH_4,20,-2,23.33,5,117.25,-480.75,0.0
SKU_8,WH_5,20,-2,14.22,3,43.3,-487.7,0.0
SKU_9,WH_1,20,-2,20.04,9,181.33,-154.67,0.0
SKU_9,WH_2,20,-2,26.84,10,269.79,-127.21,0.0
SKU_9,WH_3,20,-2,14.38,12,173.79,-359.21,0.0
SKU_9,WH_4,20,-2,23.65,1,23.97,-372.03,0.0
SKU_9,WH_5,20,-2,24.38,11,269.32,-246.68,0.0
SKU_1,WH_1,20,0,27.58,14,386.77,-237.23,0.0
SKU_1,WH_2,20,0,16.54,8,132.96,-230.04,0.0
SKU_1,WH_3,20,0,22.62,6,136.79,-298.21,0.0
SKU_1,WH_4,20,0,12.54,9,113.56,-327.44,0.0
SKU_1,WH_5,20,0,35.2,4,141.56,-428.44,0.0
SKU_10,WH_1,20,0,22.94,13,299.54,-203.46,0.0
SKU_10,WH_2,20,0,27.54,10,276.19,-166.81,0.0
SKU_10,WH_3,20,0,17.1,5,86.26,-485.74,0.0
SKU_10,WH_4,20,0,32.0,14,449.1,35.1,35.1
SKU_10,WH_5,20,0,39.64,9,357.99,5.99,5.99
SKU_11,WH_1,20,0,18.76,4,76.01,-681.99,0.0
SKU_11,WH_2,20,0,28.61,4,115.25,-175.75,0.0
SKU_11,WH_3,20,0,17.63,13,229.94,-140.06,0.0
SKU_11,WH_4,20,0,21.23,2,43.11,-541.89,0.0
SKU_11,WH_5,20,0,26.71,3,80.87,-592.13,0.0
SKU_12,WH_1,20,0,35.69,5,179.45,-124.55,0.0
SKU_12,WH_2,20,0,23.03,6,139.06,-469.94,0.0
SKU_12,WH_3,20,0,30.96,6,186.77,-76.23,0.0
SKU_12,WH_4,20,0,26.39,12,317.44,-219.56,0.0
SKU_12,WH_5,20,0,21.37,6,128.94,-242.06,0.0
SKU_13,WH_1,20,0,29.77,9,268.86,-173.14,0.0
SKU_13,WH_2,20,0,16.82,11,186.06,-372.94,0.0
SKU_13,WH_3,20,0,13.94,14,196.17,-314.83,0.0
SKU_13,WH_4,20,0,21.68,10,217.66,-134.34,0.0
SKU_13,WH_5,20,0,25.0,7,175.69,-400.31,0.0
SKU_14,WH_1,20,0,24.13,11,266.41,-190.59,0.0
SKU_14,WH_2,20,0,16.64,14,234.29,-271.71,0.0
SKU_14,WH_3,20,0,27.34,3,82.47,-374.53,0.0
SKU_14,WH_4,20,0,33.43,10,335.29,-178.71,0.0
SKU_14,WH_5,20,0,18.12,6,109.13,-448.87,0.0
SKU_15,WH_1,20,0,21.79,13,284.2,-55.8,0.0
SKU_15,WH_2,20,0,21.94,8,176.45,-314.55,0.0
SKU_15,WH_3,20,0,24.46,7,172.38,-121.62,0.0
SKU_15,WH_4,20,0,24.94,5,125.25,-237.75,0.0
SKU_15,WH_5,20,0,18.06,14,253.52,-216.48,0.0
SKU_16,WH_1,20,0,21.6,14,303.62,-162.38,0.0
SKU_16,WH_2,20,0,27.88,11,307.53,-401.47,0.0
SKU_16,WH_3,20,0,27.7,6,166.92,-239.08,0.0
SKU_16,WH_4,20,0,6.5,4,26.73,-583.27,0.0
SKU_16,WH_5,20,0,20.48,2,41.44,-391.56,0.0
SKU_17,WH_1,20,0,14.4,10,144.7,-355.3,0.0
SKU_17,WH_2,20,0,21.71,13,283.55,-221.45,0.0
SKU_17,WH_3,20,0,34.88,3,105.14,-468.86,0.0
SKU_17,WH_4,20,0,18.77,5,94.39,-267.61,0.0
SKU_17,WH_5,20,0,23.96,8,192.71,-141.29,0.0
SKU_18,WH_1,20,0,33.52,2,67.43,-339.57,0.0
SKU_18,WH_2,20,0,27.43,10,275.26,3.26,3.26
SKU_18,WH_3,20,0,23.16,9,210.0,-232.0,0.0
SKU_18,WH_4,20,0,20.56,6,124.17,-214.83,0.0
SKU_18,WH_5,20,0,28.92,13,376.76,-389.24,0.0
SKU_19,WH_1,20,0,23.34,8,187.65,-158.35,0.0
SKU_19,WH_2,20,0,22.39,8,180.25,-289.75,0.0
SKU_19,WH_3,20,0,25.19,4,101.47,-176.53,0.0
SKU_19,WH_4,20,0,33.72,4,135.64,-207.36,0.0
SKU_19,WH_5,20,0,19.48,7,137.0,-467.0,0.0
SKU_2,WH_1,20,0,30.07,13,392.67,121.67,121.67
SKU_2,WH_2,20,0,20.95,8,168.33,-328.67,0.0
SKU_2,WH_3,20,0,24.9,10,250.52,-48.48,0.0
SKU_2,WH_4,20,0,16.79,6,101.26,-287.74,0.0
SKU_2,WH_5,20,0,34.63,14,485.55,-4.45,0.0
SKU_20,WH_1,20,0,25.13,9,226.9,-225.1,0.0
SKU_20,WH_2,20,0,28.32,9,255.88,-288.12,0.0
SKU_20,WH_3,20,0,28.46,3,85.68,-347.32,0.0
SKU_20,WH_4,20,0,20.46,2,41.27,-302.73,0.0
SKU_20,WH_5,20,0,24.08,2,48.58,-398.42,0.0
SKU_21,WH_1,20,0,26.84,11,296.63,-42.37,0.0
SKU_21,WH_2,20,0,21.64,7,152.07,-219.93,0.0
SKU_21,WH_3,20,0,15.76,10,158.74,-119.26,0.0
SKU_21,WH_4,20,0,26.86,8,216.09,-261.91,0.0
SKU_21,WH_5,20,0,23.98,8,192.58,-129.42,0.0
SKU_22,WH_1,20,0,24.98,4,100.56,-375.44,0.0
SKU_22,WH_2,20,0,21.6,7,151.77,-384.23,0.0
SKU_22,WH_3,20,0,21.52,4,86.96,-343.04,0.0
SKU_22,WH_4,20,0,25.32,11,279.75,-331.25,0.0
SKU_22,WH_5,20,0,19.66,4,78.97,-515.03,0.0
SKU_23,WH_1,20,0,30.46,8,244.34,-26.66,0.0
SKU_23,WH_2,20,0,16.97,12,204.47,-208.53,0.0
SKU_23,WH_3,20,0,16.46,5,82.92,-293.08,0.0
SKU_23,WH_4,20,0,15.7,14,220.78,-175.22,0.0
SKU_23,WH_5,20,0,25.39,3,76.93,-525.07,0.0
SKU_24,WH_1,20,0,31.92,2,64.3,-235.7,0.0
SKU_24,WH_2,20,0,26.88,5,135.05,-241.95,0.0
SKU_24,WH_3,20,0,23.86,10,239.77,-185.23,0.0
SKU_24,WH_4,20,0,17.56,13,228.86,-92.14,0.0
SKU_24,WH_5,20,0,26.6,7,186.81,-336.19,0.0
SKU_25,WH_1,20,0,29.82,5,149.57,-445.43,0.0
SKU_25,WH_2,20,0,18.53,3,56.29,-744.71,0.0
SKU_25,WH_3,20,0,31.91,7,224.18,-27.82,0.0
SKU_25,WH_4,20,0,22.69,9,205.15,-169.85,0.0
SKU_25,WH_5,20,0,23.98,7,168.55,-204.45,0.0
SKU_26,WH_1,20,0,16.34,2,33.21,-449.79,0.0
SKU_26,WH_2,20,0,31.15,5,156.35,-277.65,0.0
SKU_26,WH_3,20,0,18.86,14,267.06,-240.94,0.0
SKU_26,WH_4,20,0,31.07,14,437.05,-71.95,0.0
SKU_26,WH_5,20,0,39.4,4,158.61,-240.39,0.0
SKU_27,WH_1,20,0,26.28,2,52.97,-620.03,0.0
SKU_27,WH_2,20,0,19.37,4,77.81,-386.19,0.0
SKU_27,WH_3,20,0,49.57,3,150.04,-417.96,0.0
SKU_27,WH_4,20,0,30.61,14,429.73,114.73,114.73
SKU_27,WH_5,20,0,15.41,2,31.14,-435.86,0.0
SKU_28,WH_1,20,0,23.34,10,235.18,-409.82,0.0
SKU_28,WH_2,20,0,17.87,2,36.04,-510.96,0.0
SKU_28,WH_3,20,0,26.23,10,263.19,-311.81,0.0
SKU_28,WH_4,20,0,20.39,3,61.63,-552.37,0.0
SKU_28,WH_5,20,0,22.88,12,275.96,-193.04,0.0
SKU_29,WH_1,20,0,26.4,5,133.07,-193.93,0.0
SKU_29,WH_2,20,0,41.8,14,586.56,184.56,184.56
SKU_29,WH_3,20,0,31.31,3,95.07,-409.93,0.0
SKU_29,WH_4,20,0,25.03,14,351.61,-218.39,0.0
SKU_29,WH_5,20,0,37.09,11,409.36,-64.64,0.0
SKU_3,WH_1,20,0,26.18,14,367.48,0.48,0.48
SKU_3,WH_2,20,0,15.38,13,200.55,-218.45,0.0
SKU_3,WH_3,20,0,25.27,9,228.62,-46.38,0.0
SKU_3,WH_4,20,0,24.13,10,242.47,-337.53,0.0
SKU_3,WH_5,20,0,32.29,7,226.64,-200.36,0.0
SKU_30,WH_1,20,0,27.61,3,83.14,-452.86,0.0
SKU_30,WH_2,20,0,22.81,12,274.96,-60.04,0.0
SKU_30,WH_3,20,0,19.02,4,76.31,-498.69,0.0
SKU_30,WH_4,20,0,13.82,7,97.58,-270.42,0.0
SKU_30,WH_5,20,0,26.42,2,53.15,-340.85,0.0
SKU_31,WH_1,20,0,24.37,8,196.15,-102.85,0.0
SKU_31,WH_2,20,0,33.61,2,68.39,-624.61,0.0
SKU_31,WH_3,20,0,16.9,12,204.05,-264.95,0.0
SKU_31,WH_4,20,0,21.77,3,65.99,-455.01,0.0
SKU_31,WH_5,20,0,29.23,4,117.66,-297.34,0.0
SKU_32,WH_1,20,0,26.62,6,160.26,-462.74,0.0
SKU_32,WH_2,20,0,30.97,2,62.3,-432.7,0.0
SKU_32,WH_3,20,0,25.54,6,154.01,-108.99,0.0
SKU_32,WH_4,20,0,20.57,2,41.5,-513.5,0.0
SKU_32,WH_5,20,0,15.61,9,141.14,-260.86,0.0
SKU_33,WH_1,20,0,24.92,9,225.4,-131.6,0.0
SKU_33,WH_2,20,0,21.65,7,152.35,-584.65,0.0
SKU_33,WH_3,20,0,16.22,13,211.97,-302.03,0.0
SKU_33,WH_4,20,0,23.8,3,71.83,-469.17,0.0
SKU_33,WH_5,20,0,19.08,7,134.31,-123.69,0.0
SKU_34,WH_1,20,0,24.07,4,96.97,-383.03,0.0
SKU_34,WH_2,20,0,16.3,5,82.19,-192.81,0.0
SKU_34,WH_3,20,0,19.02,13,248.05,-391.95,0.0
SKU_34,WH_4,20,0,16.43,2,33.55,-245.45,0.0
SKU_34,WH_5,20,0,25.14,4,101.31,-257.69,0.0
SKU_35,WH_1,20,0,22.55,11,249.73,-140.27,0.0
SKU_35,WH_2,20,0,16.27,12,195.84,-417.16,0.0
SKU_35,WH_3,20,0,21.55,7,151.55,-178.45,0.0
SKU_35,WH_4,20,0,23.84,2,48.33,-182.67,0.0
SKU_35,WH_5,20,0,8.26,2,17.19,-364.81,0.0
SKU_36,WH_1,20,0,34.34,12,412.96,26.96,26.96
SKU_36,WH_2,20,0,20.41,10,205.31,-256.69,0.0
SKU_36,WH_3,20,0,24.17,12,290.92,-22.08,0.0
SKU_36,WH_4,20,0,26.03,11,286.88,-82.12,0.0
SKU_36,WH_5,20,0,20.54,12,247.45,-269.55,0.0
SKU_37,WH_1,20,0,28.44,3,85.76,-246.24,0.0
SKU_37,WH_2,20,0,23.48,14,329.97,-44.03,0.0
SKU_37,WH_3,20,0,41.1,3,123.78,-263.22,0.0
SKU_37,WH_4,20,0,29.66,13,386.7,-39.3,0.0
SKU_37,WH_5,20,0,19.69,3,60.03,-173.97,0.0
SKU_38,WH_1,20,0,27.49,8,220.7,-150.3,0.0
SKU_38,WH_2,20,0,18.97,14,266.52,-243.48,0.0
SKU_38,WH_3,20,0,23.11,8,185.96,-283.04,0.0
SKU_38,WH_4,20,0,16.15,13,210.7,-167.3,0.0
SKU_38,WH_5,20,0,28.76,13,375.06,-99.94,0.0
SKU_39,WH_1,20,0,26.41,10,265.04,-122.96,0.0
SKU_39,WH_2,20,0,19.26,8,155.1,-528.9,0.0
SKU_39,WH_3,20,0,34.12,4,136.85,-450.15,0.0
SKU_39,WH_4,20,0,22.26,11,246.19,-197.81,0.0
SKU_39,WH_5,20,0,17.83,4,71.68,-440.32,0.0
SKU_4,WH_1,20,0,26.48,11,292.28,-124.72,0.0
SKU_4,WH_2,20,0,27.86,13,363.51,-242.49,0.0
SKU_4,WH_3,20,0,21.91,7,153.96,-442.04,0.0
SKU_4,WH_4,20,0,27.3,12,328.28,-83.72,0.0
SKU_4,WH_5,20,0,27.77,8,222.7,-415.3,0.0
SKU_40,WH_1,20,0,27.5,2,55.31,-309.69,0.0
SKU_40,WH_2,20,0,21.02,14,295.48,-264.52,0.0
SKU_40,WH_3,20,0,32.53,7,228.18,-158.82,0.0
SKU_40,WH_4,20,0,28.74,5,144.31,-250.69,0.0
SKU_40,WH_5,20,0,37.33,8,299.34,-280.66,0.0
SKU_41,WH_1,20,0,28.09,12,337.94,-25.06,0.0
SKU_41,WH_2,20,0,21.76,14,306.38,-309.62,0.0
SKU_41,WH_3,20,0,24.76,13,322.53,-140.47,0.0
SKU_41,WH_4,20,0,23.52,13,306.69,-246.31,0.0
SKU_41,WH_5,20,0,10.54,4,43.11,-520.89,0.0
SKU_42,WH_1,20,0,17.99,9,163.46,-27.54,0.0
SKU_42,WH_2,20,0,22.61,5,113.97,-622.03,0.0
SKU_42,WH_3,20,0,19.12,12,230.07,-399.93,0.0
SKU_42,WH_4,20,0,28.68,10,287.51,-231.49,0.0
SKU_42,WH_5,20,0,12.49,6,75.9,-240.1,0.0
SKU_43,WH_1,20,0,18.24,12,219.67,-194.33,0.0
SKU_43,WH_2,20,0,24.17,12,290.89,-235.11,0.0
SKU_43,WH_3,20,0,17.09,7,120.19,-264.81,0.0
SKU_43,WH_4,20,0,21.9,7,154.14,-451.86,0.0
SKU_43,WH_5,20,0,20.45,14,287.04,-166.96,0.0
SKU_44,WH_1,20,0,33.41,7,234.52,-191.48,0.0
SKU_44,WH_2,20,0,21.38,2,43.29,-283.71,0.0
SKU_44,WH_3,20,0,20.76,13,272.27,72.27,72.27
SKU_44,WH_4,20,0,21.6,12,261.43,-40.57,0.0
SKU_44,WH_5,20,0,27.53,4,110.7,-456.3,0.0
SKU_45,WH_1,20,0,15.97,8,128.21,-257.79,0.0
SKU_45,WH_2,20,0,34.84,7,244.41,-141.59,0.0
SKU_45,WH_3,20,0,20.35,9,184.03,-393.97,0.0
SKU_45,WH_4,20,0,27.42,3,82.69,-500.31,0.0
SKU_45,WH_5,20,0,14.17,3,43.14,-414.86,0.0
SKU_46,WH_1,20,0,20.9,10,210.14,-322.86,0.0
SKU_46,WH_2,20,0,24.12,7,169.58,-450.42,0.0
SKU_46,WH_3,20,0,21.68,11,239.31,-104.69,0.0
SKU_46,WH_4,20,0,22.93,12,276.39,-319.61,0.0
SKU_46,WH_5,20,0,20.18,2,40.69,-256.31,0.0
SKU_47,WH_1,20,0,21.88,9,197.74,-373.26,0.0
SKU_47,WH_2,20,0,27.54,11,303.65,-153.35,0.0
SKU_47,WH_3,20,0,31.24,10,313.44,-154.56,0.0
SKU_47,WH_4,20,0,24.47,5,123.35,-205.65,0.0
SKU_47,WH_5,20,0,31.16,8,250.15,-344.85,0.0
SKU_48,WH_1,20,0,26.38,2,53.26,-275.74,0.0
SKU_48,WH_2,20,0,14.44,8,115.82,-411.18,0.0
SKU_48,WH_3,20,0,27.73,11,305.62,-354.38,0.0
SKU_48,WH_4,20,0,30.48,12,366.47,-119.53,0.0
SKU_48,WH_5,20,0,28.25,11,311.46,-57.54,0.0
SKU_49,WH_1,20,0,20.56,6,124.22,-474.78,0.0
SKU_49,WH_2,20,0,21.07,6,127.04,-430.96,0.0
SKU_49,WH_3,20,0,34.25,12,412.61,27.61,27.61
SKU_49,WH_4,20,0,16.04,14,225.35,-196.65,0.0
SKU_49,WH_5,20,0,21.97,4,88.51,-352.49,0.0
SKU_5,WH_1,20,0,23.7,4,95.34,-469.66,0.0
SKU_5,WH_2,20,0,22.51,2,45.57,-247.43,0.0
SKU_5,WH_3,20,0,29.46,11,324.7,3.7,3.7
SKU_5,WH_4,20,0,22.52,14,317.8,-13.2,0.0
SKU_5,WH_5,20,0,29.58,10,296.37,-14.63,0.0
SKU_50,WH_1,20,0,22.0,10,220.76,-388.24,0.0
SKU_50,WH_2,20,0,28.84,3,87.08,-187.92,0.0
SKU_50,WH_3,20,0,17.75,11,196.68,-172.32,0.0
SKU_50,WH_4,20,0,28.93,14,406.29,170.29,170.29
SKU_50,WH_5,20,0,19.09,7,135.49,-139.51,0.0
SKU_6,WH_1,20,0,25.0,9,226.27,-237.73,0.0
SKU_6,WH_2,20,0,26.6,14,374.34,-77.66,0.0
SKU_6,WH_3,20,0,24.05,10,241.36,-519.64,0.0
SKU_6,WH_4,20,0,28.32,11,312.18,-16.82,0.0
SKU_6,WH_5,20,0,19.38,3,58.49,-450.51,0.0
SKU_7,WH_1,20,0,23.84,3,72.09,-509.91,0.0
SKU_7,WH_2,20,0,23.44,5,117.99,-376.01,0.0
SKU_7,WH_3,20,0,28.24,3,85.34,-571.66,0.0
SKU_7,WH_4,20,0,18.38,4,73.96,-601.04,0.0
SKU_7,WH_5,20,0,29.57,8,236.91,-111.09,0.0
SKU_8,WH_1,20,0,17.86,13,232.96,-219.04,0.0
SKU_8,WH_2,20,0,27.98,10,280.44,-191.56,0.0
SKU_8,WH_3,20,0,39.47,4,158.82,-183.18,0.0
SKU_8,WH_4,20,0,23.33,7,163.91,-434.09,0.0
SKU_8,WH_5,20,0,14.22,5,71.74,-459.26,0.0
SKU_9,WH_1,20,0,20.04,11,221.41,-114.59,0.0
SKU_9,WH_2,20,0,26.84,12,323.48,-73.52,0.0
SKU_9,WH_3,20,0,14.38,14,202.54,-330.46,0.0
SKU_9,WH_4,20,0,23.65,3,71.28,-324.72,0.0
SKU_9,WH_5,20,0,24.38,13,318.09,-197.91,0.0
SKU_1,WH_1,20,2,27.58,16,441.93,-182.07,0.0
SKU_1,WH_2,20,2,16.54,10,166.03,-196.97,0.0
SKU_1,WH_3,20,2,22.62,8,182.03,-252.97,0.0
SKU_1,WH_4,20,2,12.54,11,138.64,-302.36,0.0
SKU_1,WH_5,20,2,35.2,6,211.96,-358.04,0.0
SKU_10,WH_1,20,2,22.94,15,345.43,-157.57,0.0
SKU_10,WH_2,20,2,27.54,12,331.27,-111.73,0.0
SKU_10,WH_3,20,2,17.1,7,120.46,-451.54,0.0
SKU_10,WH_4,20,2,32.0,16,513.1,99.1,99.1
SKU_10,WH_5,20,2,39.64,11,437.27,85.27,85.27
SKU_11,WH_1,20,2,18.76,6,113.53,-644.47,0.0
SKU_11,WH_2,20,2,28.61,6,172.47,-118.53,0.0
SKU_11,WH_3,20,2,17.63,15,265.2,-104.8,0.0
SKU_11,WH_4,20,2,21.23,4,85.56,-499.44,0.0
SKU_11,WH_5,20,2,26.71,5,134.29,-538.71,0.0
SKU_12,WH_1,20,2,35.69,7,250.83,-53.17,0.0
SKU_12,WH_2,20,2,23.03,8,185.11,-423.89,0.0
SKU_12,WH_3,20,2,30.96,8,248.69,-14.31,0.0
SKU_12,WH_4,20,2,26.39,14,370.21,-166.79,0.0
SKU_12,WH_5,20,2,21.37,8,171.69,-199.31,0.0
SKU_13,WH_1,20,2,29.77,11,328.4,-113.6,0.0
SKU_13,WH_2,20,2,16.82,13,219.71,-339.29,0.0
SKU_13,WH_3,20,2,13.94,16,224.05,-286.95,0.0
SKU_13,WH_4,20,2,21.68,12,261.03,-90.97,0.0
SKU_13,WH_5,20,2,25.0,9,225.68,-350.32,0.0
SKU_14,WH_1,20,2,24.13,13,314.68,-142.32,0.0
SKU_14,WH_2,20,2,16.64,16,267.57,-238.43,0.0
SKU_14,WH_3,20,2,27.34,5,137.14,-319.86,0.0
SKU_14,WH_4,20,2,33.43,12,402.15,-111.85,0.0
SKU_14,WH_5,20,2,18.12,8,145.37,-412.63,0.0
SKU_15,WH_1,20,2,21.79,15,327.78,-12.22,0.0
SKU_15,WH_2,20,2,21.94,10,220.32,-270.68,0.0
SKU_15,WH_3,20,2,24.46,9,221.29,-72.71,0.0
SKU_15,WH_4,20,2,24.94,7,175.12,-187.88,0.0
SKU_15,WH_5,20,2,18.06,16,289.64,-180.36,0.0
SKU_16,WH_1,20,2,21.6,16,346.82,-119.18,0.0
SKU_16,WH_2,20,2,27.88,13,363.28,-345.72,0.0
SKU_16,WH_3,20,2,27.7,8,222.31,-183.69,0.0
SKU_16,WH_4,20,2,6.5,6,39.73,-570.27,0.0
SKU_16,WH_5,20,2,20.48,4,82.41,-350.59,0.0
SKU_17,WH_1,20,2,14.4,12,173.5,-326.5,0.0
SKU_17,WH_2,20,2,21.71,15,326.97,-178.03,0.0
SKU_17,WH_3,20,2,34.88,5,174.91,-399.09,0.0
SKU_17,WH_4,20,2,18.77,7,131.93,-230.07,0.0
SKU_17,WH_5,20,2,23.96,10,240.64,-93.36,0.0
SKU_18,WH_1,20,2,33.52,4,134.46,-272.54,0.0
SKU_18,WH_2,20,2,27.43,12,330.12,58.12,58.12
SKU_18,WH_3,20,2,23.16,11,256.32,-185.68,0.0
SKU_18,WH_4,20,2,20.56,8,165.28,-173.72,0.0
SKU_18,WH_5,20,2,28.92,15,434.6,-331.4,0.0
SKU_19,WH_1,20,2,23.34,10,234.33,-111.67,0.0
SKU_19,WH_2,20,2,22.39,10,225.03,-244.97,0.0
SKU_19,WH_3,20,2,25.19,6,151.85,-126.15,0.0
SKU_19,WH_4,20,2,33.72,6,203.08,-139.92,0.0
SKU_19,WH_5,20,2,19.48,9,175.95,-428.05,0.0
SKU_2,WH_1,20,2,30.07,15,452.81,181.81,181.81
SKU_2,WH_2,20,2,20.95,10,210.23,-286.77,0.0
SKU_2,WH_3,20,2,24.9,12,300.32,1.32,1.32
SKU_2,WH_4,20,2,16.79,8,134.83,-254.17,0.0
SKU_2,WH_5,20,2,34.63,16,554.81,64.81,64.81
SKU_20,WH_1,20,2,25.13,11,277.16,-174.84,0.0
SKU_20,WH_2,20,2,28.32,11,312.52,-231.48,0.0
SKU_20,WH_3,20,2,28.46,5,142.61,-290.39,0.0
SKU_20,WH_4,20,2,20.46,4,82.19,-261.81,0.0
SKU_20,WH_5,20,2,24.08,4,96.75,-350.25,0.0
SKU_21,WH_1,20,2,26.84,13,350.32,11.32,11.32
SKU_21,WH_2,20,2,21.64,9,195.34,-176.66,0.0
SKU_21,WH_3,20,2,15.76,12,190.25,-87.75,0.0
SKU_21,WH_4,20,2,26.86,10,269.8,-208.2,0.0
SKU_21,WH_5,20,2,23.98,10,240.53,-81.47,0.0
SKU_22,WH_1,20,2,24.98,6,150.52,-325.48,0.0
SKU_22,WH_2,20,2,21.6,9,194.97,-341.03,0.0
SKU_22,WH_3,20,2,21.52,6,130.0,-300.0,0.0
SKU_22,WH_4,20,2,25.32,13,330.39,-280.61,0.0
SKU_22,WH_5,20,2,19.66,6,118.29,-475.71,0.0
SKU_23,WH_1,20,2,30.46,10,305.25,34.25,34.25
SKU_23,WH_2,20,2,16.97,14,238.4,-174.6,0.0
SKU_23,WH_3,20,2,16.46,7,115.85,-260.15,0.0
SKU_23,WH_4,20,2,15.7,16,252.18,-143.82,0.0
SKU_23,WH_5,20,2,25.39,5,127.71,-474.29,0.0
SKU_24,WH_1,20,2,31.92,4,128.14,-171.86,0.0
SKU_24,WH_2,20,2,26.88,7,188.81,-188.19,0.0
SKU_24,WH_3,20,2,23.86,12,287.48,-137.52,0.0
SKU_24,WH_4,20,2,17.56,15,263.97,-57.03,0.0
SKU_24,WH_5,20,2,26.6,9,240.02,-282.98,0.0
SKU_25,WH_1,20,2,29.82,7,209.21,-385.79,0.0
SKU_25,WH_2,20,2,18.53,5,93.35,-707.65,0.0
SKU_25,WH_3,20,2,31.91,9,287.99,35.99,35.99
SKU_25,WH_4,20,2,22.69,11,250.53,-124.47,0.0
SKU_25,WH_5,20,2,23.98,9,216.5,-156.5,0.0
SKU_26,WH_1,20,2,16.34,4,65.9,-417.1,0.0
SKU_26,WH_2,20,2,31.15,7,218.65,-215.35,0.0
SKU_26,WH_3,20,2,18.86,16,304.78,-203.22,0.0
SKU_26,WH_4,20,2,31.07,16,499.19,-9.81,0.0
SKU_26,WH_5,20,2,39.4,6,237.41,-161.59,0.0
SKU_27,WH_1,20,2,26.28,4,105.53,-567.47,0.0
SKU_27,WH_2,20,2,19.37,6,116.55,-347.45,0.0
SKU_27,WH_3,20,2,49.57,5,249.18,-318.82,0.0
SKU_27,WH_4,20,2,30.61,16,490.95,175.95,175.95
SKU_27,WH_5,20,2,15.41,4,61.95,-405.05,0.0
SKU_28,WH_1,20,2,23.34,12,281.86,-363.14,0.0
SKU_28,WH_2,20,2,17.87,4,71.77,-475.23,0.0
SKU_28,WH_3,20,2,26.23,12,315.65,-259.35,0.0
SKU_28,WH_4,20,2,20.39,5,102.41,-511.59,0.0
SKU_28,WH_5,20,2,22.88,14,321.73,-147.27,0.0
SKU_29,WH_1,20,2,26.4,7,185.87,-141.13,0.0
SKU_29,WH_2,20,2,41.8,16,670.16,268.16,268.16
SKU_29,WH_3,20,2,31.31,5,157.69,-347.31,0.0
SKU_29,WH_4,20,2,25.03,16,401.67,-168.33,0.0
SKU_29,WH_5,20,2,37.09,13,483.55,9.55,9.55
SKU_3,WH_1,20,2,26.18,16,419.84,52.84,52.84
SKU_3,WH_2,20,2,15.38,15,231.32,-187.68,0.0
SKU_3,WH_3,20,2,25.27,11,279.16,4.16,4.16
SKU_3,WH_4,20,2,24.13,12,290.73,-289.27,0.0
SKU_3,WH_5,20,2,32.29,9,291.23,-135.77,0.0
SKU_30,WH_1,20,2,27.61,5,138.36,-397.64,0.0
SKU_30,WH_2,20,2,22.81,14,320.59,-14.41,0.0
SKU_30,WH_3,20,2,19.02,6,114.35,-460.65,0.0
SKU_30,WH_4,20,2,13.82,9,125.23,-242.77,0.0
SKU_30,WH_5,20,2,26.42,4,106.0,-288.0,0.0
SKU_31,WH_1,20,2,24.37,10,244.89,-54.11,0.0
SKU_31,WH_2,20,2,33.61,4,135.62,-557.38,0.0
SKU_31,WH_3,20,2,16.9,14,237.84,-231.16,0.0
SKU_31,WH_4,20,2,21.77,5,109.53,-411.47,0.0
SKU_31,WH_5,20,2,29.23,6,176.12,-238.88,0.0
SKU_32,WH_1,20,2,26.62,8,213.49,-409.51,0.0
SKU_32,WH_2,20,2,30.97,4,124.25,-370.75,0.0
SKU_32,WH_3,20,2,25.54,8,205.08,-57.92,0.0
SKU_32,WH_4,20,2,20.57,4,82.63,-472.37,0.0
SKU_32,WH_5,20,2,15.61,11,172.36,-229.64,0.0
SKU_33,WH_1,20,2,24.92,11,275.24,-81.76,0.0
SKU_33,WH_2,20,2,21.65,9,195.64,-541.36,0.0
SKU_33,WH_3,20,2,16.22,15,244.42,-269.58,0.0
SKU_33,WH_4,20,2,23.8,5,119.42,-421.58,0.0
SKU_33,WH_5,20,2,19.08,9,172.47,-85.53,0.0
SKU_34,WH_1,20,2,24.07,6,145.11,-334.89,0.0
SKU_34,WH_2,20,2,16.3,7,114.78,-160.22,0.0
SKU_34,WH_3,20,2,19.02,15,286.09,-353.91,0.0
SKU_34,WH_4,20,2,16.43,4,66.4,-212.6,0.0
SKU_34,WH_5,20,2,25.14,6,151.59,-207.41,0.0
SKU_35,WH_1,20,2,22.55,13,294.82,-95.18,0.0
SKU_35,WH_2,20,2,16.27,14,228.39,-384.61,0.0
SKU_35,WH_3,20,2,21.55,9,194.66,-135.34,0.0
SKU_35,WH_4,20,2,23.84,4,96.02,-134.98,0.0
SKU_35,WH_5,20,2,8.26,4,33.7,-348.3,0.0
SKU_36,WH_1,20,2,34.34,14,481.65,95.65,95.65
SKU_36,WH_2,20,2,20.41,12,246.13,-215.87,0.0
SKU_36,WH_3,20,2,24.17,14,339.25,26.25,26.25
SKU_36,WH_4,20,2,26.03,13,338.93,-30.07,0.0
SKU_36,WH_5,20,2,20.54,14,288.54,-228.46,0.0
SKU_37,WH_1,20,2,28.44,5,142.64,-189.36,0.0
SKU_37,WH_2,20,2,23.48,16,376.93,2.93,2.93
SKU_37,WH_3,20,2,41.1,5,205.98,-181.02,0.0
SKU_37,WH_4,20,2,29.66,15,446.03,20.03,20.03
SKU_37,WH_5,20,2,19.69,5,99.41,-134.59,0.0
SKU_38,WH_1,20,2,27.49,10,275.68,-95.32,0.0
SKU_38,WH_2,20,2,18.97,16,304.46,-205.54,0.0
SKU_38,WH_3,20,2,23.11,10,232.18,-236.82,0.0
SKU_38,WH_4,20,2,16.15,15,243.0,-135.0,0.0
SKU_38,WH_5,20,2,28.76,15,432.59,-42.41,0.0
SKU_39,WH_1,20,2,26.41,12,317.86,-70.14,0.0
SKU_39,WH_2,20,2,19.26,10,193.62,-490.38,0.0
SKU_39,WH_3,20,2,34.12,6,205.09,-381.91,0.0
SKU_39,WH_4,20,2,22.26,13,290.71,-153.29,0.0
SKU_39,WH_5,20,2,17.83,6,107.34,-404.66,0.0
SKU_4,WH_1,20,2,26.48,13,345.25,-71.75,0.0
SKU_4,WH_2,20,2,27.86,15,419.24,-186.76,0.0
SKU_4,WH_3,20,2,21.91,9,197.79,-398.21,0.0
SKU_4,WH_4,20,2,27.3,14,382.88,-29.12,0.0
SKU_4,WH_5,20,2,27.77,10,278.24,-359.76,0.0
SKU_40,WH_1,20,2,27.5,4,110.32,-254.68,0.0
SKU_40,WH_2,20,2,21.02,16,337.52,-222.48,0.0
SKU_40,WH_3,20,2,32.53,9,293.25,-93.75,0.0
SKU_40,WH_4,20,2,28.74,7,201.79,-193.21,0.0
SKU_40,WH_5,20,2,37.33,10,374.0,-206.0,0.0
SKU_41,WH_1,20,2,28.09,14,394.13,31.13,31.13
SKU_41,WH_2,20,2,21.76,16,349.9,-266.1,0.0
SKU_41,WH_3,20,2,24.76,15,372.04,-90.96,0.0
SKU_41,WH_4,20,2,23.52,15,353.73,-199.27,0.0
SKU_41,WH_5,20,2,10.54,6,64.19,-499.81,0.0
SKU_42,WH_1,20,2,17.99,11,199.44,8.44,8.44
SKU_42,WH_2,20,2,22.61,7,159.19,-576.81,0.0
SKU_42,WH_3,20,2,19.12,14,268.3,-361.7,0.0
SKU_42,WH_4,20,2,28.68,12,344.87,-174.13,0.0
SKU_42,WH_5,20,2,12.49,8,100.89,-215.11,0.0
SKU_43,WH_1,20,2,18.24,14,256.15,-157.85,0.0
SKU_43,WH_2,20,2,24.17,14,339.22,-186.78,0.0
SKU_43,WH_3,20,2,17.09,9,154.36,-230.64,0.0
SKU_43,WH_4,20,2,21.9,9,197.94,-408.06,0.0
SKU_43,WH_5,20,2,20.45,16,327.94,-126.06,0.0
SKU_44,WH_1,20,2,33.41,9,301.33,-124.67,0.0
SKU_44,WH_2,20,2,21.38,4,86.06,-240.94,0.0
SKU_44,WH_3,20,2,20.76,15,313.79,113.79,113.79
SKU_44,WH_4,20,2,21.6,14,304.63,2.63,2.63
SKU_44,WH_5,20,2,27.53,6,165.76,-401.24,0.0
SKU_45,WH_1,20,2,15.97,10,160.15,-225.85,0.0
SKU_45,WH_2,20,2,34.84,9,314.08,-71.92,0.0
SKU_45,WH_3,20,2,20.35,11,224.73,-353.27,0.0
SKU_45,WH_4,20,2,27.42,5,137.53,-445.47,0.0
SKU_45,WH_5,20,2,14.17,5,71.48,-386.52,0.0
SKU_46,WH_1,20,2,20.9,12,251.95,-281.05,0.0
SKU_46,WH_2,20,2,24.12,9,217.82,-402.18,0.0
SKU_46,WH_3,20,2,21.68,13,282.68,-61.32,0.0
SKU_46,WH_4,20,2,22.93,14,322.26,-273.74,0.0
SKU_46,WH_5,20,2,20.18,4,81.06,-215.94,0.0
SKU_47,WH_1,20,2,21.88,11,241.5,-329.5,0.0
SKU_47,WH_2,20,2,27.54,13,358.73,-98.27,0.0
SKU_47,WH_3,20,2,31.24,12,375.91,-92.09,0.0
SKU_47,WH_4,20,2,24.47,7,172.29,-156.71,0.0
SKU_47,WH_5,20,2,31.16,10,312.48,-282.52,0.0
SKU_48,WH_1,20,2,26.38,4,106.01,-222.99,0.0
SKU_48,WH_2,20,2,14.44,10,144.69,-382.31,0.0
SKU_48,WH_3,20,2,27.73,13,361.09,-298.91,0.0
SKU_48,WH_4,20,2,30.48,14,427.43,-58.57,0.0
SKU_48,WH_5,20,2,28.25,13,367.95,-1.05,0.0
SKU_49,WH_1,20,2,20.56,8,165.33,-433.67,0.0
SKU_49,WH_2,20,2,21.07,8,169.19,-388.81,0.0
SKU_49,WH_3,20,2,34.25,14,481.1,96.1,96.1
SKU_49,WH_4,20,2,16.04,16,257.43,-164.57,0.0
SKU_49,WH_5,20,2,21.97,6,132.45,-308.55,0.0
SKU_5,WH_1,20,2,23.7,6,142.74,-422.26,0.0
SKU_5,WH_2,20,2,22.51,4,90.6,-202.4,0.0
SKU_5,WH_3,20,2,29.46,13,383.62,62.62,62.62
SKU_5,WH_4,20,2,22.52,16,362.84,31.84,31.84
SKU_5,WH_5,20,2,29.58,12,355.53,44.53,44.53
SKU_50,WH_1,20,2,22.0,12,264.75,-344.25,0.0
SKU_50,WH_2,20,2,28.84,5,144.75,-130.25,0.0
SKU_50,WH_3,20,2,17.75,13,232.17,-136.83,0.0
SKU_50,WH_4,20,2,28.93,16,464.15,228.15,228.15
SKU_50,WH_5,20,2,19.09,9,173.68,-101.32,0.0
SKU_6,WH_1,20,2,25.0,11,276.27,-187.73,0.0
SKU_6,WH_2,20,2,26.6,16,427.54,-24.46,0.0
SKU_6,WH_3,20,2,24.05,12,289.46,-471.54,0.0
SKU_6,WH_4,20,2,28.32,13,368.82,39.82,39.82
SKU_6,WH_5,20,2,19.38,5,97.25,-411.75,0.0
SKU_7,WH_1,20,2,23.84,5,119.78,-462.22,0.0
SKU_7,WH_2,20,2,23.44,7,164.86,-329.14,0.0
SKU_7,WH_3,20,2,28.24,5,141.81,-515.19,0.0
SKU_7,WH_4,20,2,18.38,6,110.72,-564.28,0.0
SKU_7,WH_5,20,2,29.57,10,296.05,-51.95,0.0
SKU_8,WH_1,20,2,17.86,15,268.67,-183.33,0.0
SKU_8,WH_2,20,2,27.98,12,336.41,-135.59,0.0
SKU_8,WH_3,20,2,39.47,6,237.76,-104.24,0.0
SKU_8,WH_4,20,2,23.33,9,210.56,-387.44,0.0
SKU_8,WH_5,20,2,14.22,7,100.18,-430.82,0.0
SKU_9,WH_1,20,2,20.04,13,261.49,-74.51,0.0
SKU_9,WH_2,20,2,26.84,14,377.17,-19.83,0.0
SKU_9,WH_3,20,2,14.38,16,231.3,-301.7,0.0
SKU_9,WH_4,20,2,23.65,5,118.58,-277.42,0.0
SKU_9,WH_5,20,2,24.38,15,366.86,-149.14,0.0
